t_iso,gps_unit,lat_deg,lon_deg,alt_ft,hvel_fps,heading_deg,upvel_fps,fix_type,sats_total,sats_24,sats_32,sats_40
2026-05-16T15:41:55.500,TRK,34.259071,-106.363103,5182.2,0.4,179.2,-0.9,3,9,8,5,1
2026-05-16T15:41:55.602,TRK,34.259101,-106.363108,5227.3,0.3,113.3,0.2,3,8,7,4,0
2026-05-16T15:41:55.704,TRK,34.259101,-106.363138,5210.7,0.4,314.1,0.3,3,10,9,6,2
2026-05-16T15:41:55.806,TRK,34.259107,-106.363051,5222.9,0.6,100.4,0.3,3,8,7,4,0
2026-05-16T15:41:55.908,TRK,34.259116,-106.363109,5242.7,0.5,28.9,-1.3,3,8,7,4,0
2026-05-16T15:41:56.010,TRK,34.259103,-106.363090,5198.3,0.5,48.0,0.1,3,9,8,5,1
2026-05-16T15:41:56.112,TRK,34.259122,-106.363075,5181.9,0.6,32.7,-0.1,3,8,7,4,0
2026-05-16T15:41:56.214,TRK,34.259107,-106.363112,5238.2,0.9,126.8,1.2,3,7,6,3,0
2026-05-16T15:41:56.316,TRK,34.259095,-106.363078,5187.3,0.6,301.5,0.2,3,9,8,5,1
2026-05-16T15:41:56.418,TRK,34.259124,-106.363120,5252.8,0.3,220.5,-0.9,3,9,8,5,1
2026-05-16T15:41:56.520,TRK,34.259094,-106.363103,5168.8,0.6,307.3,0.2,3,11,10,7,3
2026-05-16T15:41:56.622,TRK,34.259103,-106.363111,5238.7,1.0,131.1,0.8,3,9,8,5,1
2026-05-16T15:41:56.724,TRK,34.259091,-106.363113,5207.1,0.7,277.5,-0.6,3,9,8,5,1
2026-05-16T15:41:56.826,TRK,34.259079,-106.363114,5153.4,0.9,339.7,0.1,3,11,10,7,3
2026-05-16T15:41:56.928,TRK,34.259098,-106.363118,5246.1,0.5,273.8,0.0,3,10,9,6,2
2026-05-16T15:41:57.030,TRK,34.259126,-106.363090,5228.3,0.5,330.3,0.1,3,9,8,5,1
2026-05-16T15:41:57.132,TRK,34.259082,-106.363110,5227.9,0.6,282.2,-0.9,3,8,7,4,0
2026-05-16T15:41:57.234,TRK,34.259106,-106.363117,5253.9,0.1,323.5,0.7,3,9,8,5,1
2026-05-16T15:41:57.336,TRK,34.259096,-106.363067,5213.2,0.5,212.9,0.2,3,8,7,4,0
2026-05-16T15:41:57.438,TRK,34.259087,-106.363100,5266.3,0.2,205.9,0.2,3,11,10,7,3
2026-05-16T15:41:57.540,TRK,34.259071,-106.363096,5188.5,0.3,145.0,-0.2,3,8,7,4,0
2026-05-16T15:41:57.642,TRK,34.259117,-106.363111,5186.3,0.1,216.1,1.0,3,9,8,5,1
2026-05-16T15:41:57.744,TRK,34.259113,-106.363091,5223.5,0.5,267.2,-0.1,3,12,11,8,4
2026-05-16T15:41:57.846,TRK,34.259085,-106.363043,5212.9,0.3,187.4,0.8,3,9,8,5,1
2026-05-16T15:41:57.948,TRK,34.259073,-106.363090,5231.8,0.6,51.3,-1.3,3,10,9,6,2
2026-05-16T15:41:58.050,TRK,34.259144,-106.363121,5179.1,0.2,344.9,0.1,3,10,9,6,2
2026-05-16T15:41:58.150,TRK,34.259123,-106.363080,5178.3,0.3,129.5,0.2,3,8,7,4,0
2026-05-16T15:41:58.250,TRK,34.259080,-106.363113,5209.7,0.6,99.8,-0.2,3,10,9,6,2
2026-05-16T15:41:58.350,TRK,34.259105,-106.363169,5203.2,0.3,76.0,0.6,3,10,9,6,2
2026-05-16T15:41:58.450,TRK,34.259066,-106.363094,5236.6,0.2,156.3,0.9,3,10,9,6,2
2026-05-16T15:41:58.550,TRK,34.259113,-106.363074,5201.5,0.7,290.6,-0.2,3,13,12,9,5
2026-05-16T15:41:58.650,TRK,34.259090,-106.363085,5195.0,0.4,310.8,0.5,3,9,8,5,1
2026-05-16T15:41:58.750,TRK,34.259107,-106.363107,5212.7,0.4,183.3,-1.2,3,7,6,3,0
2026-05-16T15:41:58.850,TRK,34.259124,-106.363107,5170.2,0.3,276.5,1.3,3,7,6,3,0
2026-05-16T15:41:58.950,TRK,34.259065,-106.363092,5224.6,0.3,315.0,0.3,3,9,8,5,1
2026-05-16T15:41:59.050,TRK,34.259102,-106.363058,5226.8,0.4,51.9,-0.2,3,9,8,5,1
2026-05-16T15:41:59.150,TRK,34.259129,-106.363066,5195.8,0.2,105.4,0.3,3,11,10,7,3
2026-05-16T15:41:59.250,TRK,34.259126,-106.363124,5237.0,0.8,71.2,-0.9,3,9,8,5,1
2026-05-16T15:41:59.350,TRK,34.259079,-106.363041,5196.0,0.6,338.2,0.0,3,11,10,7,3
2026-05-16T15:41:59.450,TRK,34.259049,-106.363104,5194.1,0.8,125.1,-0.0,3,10,9,6,2
2026-05-16T15:41:59.550,TRK,34.259090,-106.363120,5187.9,0.6,347.0,0.1,3,8,7,4,0
2026-05-16T15:41:59.650,TRK,34.259129,-106.363131,5237.9,0.6,177.9,-1.0,3,11,10,7,3
2026-05-16T15:41:59.750,TRK,34.259117,-106.363064,5255.5,0.2,113.3,-0.2,3,11,10,7,3
2026-05-16T15:41:59.850,TRK,34.259100,-106.363061,5290.5,0.2,280.2,-0.1,3,10,9,6,2
2026-05-16T15:41:59.950,TRK,34.259135,-106.363070,5174.5,0.5,353.3,-0.3,3,10,9,6,2
2026-05-16T15:42:00.052,TRK,34.259082,-106.363108,5218.7,1.2,348.6,35.8,3,12,11,8,4
2026-05-16T15:42:00.154,TRK,34.259086,-106.363077,5210.7,4.9,0.7,167.9,3,9,8,5,1
2026-05-16T15:42:00.254,TRK,34.259082,-106.363071,5296.2,8.4,359.9,297.9,3,7,6,3,0
2026-05-16T15:42:00.354,TRK,34.259093,-106.363085,5315.4,12.3,2.4,425.0,3,12,11,8,4
2026-05-16T15:42:00.454,TRK,34.259121,-106.363097,5310.0,15.3,7.9,551.3,3,8,7,4,0
2026-05-16T15:42:00.554,TRK,34.259100,-106.363130,5374.8,18.9,9.2,675.1,3,12,11,8,4
2026-05-16T15:42:00.654,TRK,34.259143,-106.363119,5505.2,23.5,8.9,793.2,3,11,10,7,3
2026-05-16T15:42:00.754,TRK,34.259156,-106.363112,5574.3,27.3,11.8,910.1,3,11,10,7,3
2026-05-16T15:42:00.854,TRK,34.259135,-106.363081,5646.2,30.5,12.1,1019.4,3,10,9,6,2
2026-05-16T15:42:00.954,TRK,34.259157,-106.363113,5744.4,33.8,13.6,1123.7,3,8,7,4,0
2026-05-16T15:42:01.054,TRK,34.259132,-106.363078,5912.9,37.3,15.3,1218.0,3,8,7,4,0
2026-05-16T15:42:01.156,TRK,34.259114,-106.363064,5999.6,40.7,15.4,1304.9,3,11,10,7,3
2026-05-16T15:42:01.256,TRK,34.259140,-106.363069,6155.2,44.2,17.1,1380.8,3,11,10,7,3
2026-05-16T15:42:01.356,TRK,34.259193,-106.363068,6278.8,46.9,19.0,1447.0,3,9,8,5,1
2026-05-16T15:42:01.458,TRK,34.259214,-106.363079,6465.3,49.5,19.6,1505.1,3,11,10,7,3
2026-05-16T15:42:01.558,TRK,34.259246,-106.363089,6584.6,52.3,22.3,1549.3,3,9,8,5,1
2026-05-16T15:42:01.658,TRK,34.259214,-106.363035,6771.8,54.7,23.2,1585.2,3,10,9,6,2
2026-05-16T15:42:01.760,TRK,34.259260,-106.363029,6829.9,56.5,24.6,1607.7,3,9,8,5,1
2026-05-16T15:42:01.860,TRK,34.259285,-106.363036,7020.8,56.6,27.4,1557.1,3,9,8,5,1
2026-05-16T15:42:01.962,TRK,34.259255,-106.363036,7195.1,55.7,28.6,1483.0,3,8,7,4,0
2026-05-16T15:42:02.062,TRK,34.259297,-106.363029,7332.9,55.0,31.1,1417.9,3,11,10,7,3
2026-05-16T15:42:02.162,TRK,34.259294,-106.363022,7517.4,53.6,32.9,1356.7,3,10,9,6,2
2026-05-16T15:42:02.262,TRK,34.259316,-106.362983,7670.9,54.0,35.1,1301.3,3,9,8,5,1
2026-05-16T15:42:02.362,TRK,34.259290,-106.362992,7718.8,54.0,36.1,1251.0,3,6,5,2,0
2026-05-16T15:42:02.462,TRK,34.259317,-106.363020,7875.4,53.3,37.7,1203.7,3,11,10,7,3
2026-05-16T15:42:02.564,TRK,34.259337,-106.362967,8019.5,52.7,40.1,1165.2,3,9,8,5,1
2026-05-16T15:42:02.664,TRK,34.259370,-106.362949,8138.4,53.1,42.7,1119.7,3,8,7,4,0
2026-05-16T15:42:02.764,TRK,34.259381,-106.362935,8212.7,55.3,44.0,1079.1,3,10,9,6,2
2026-05-16T15:42:02.866,TRK,34.259369,-106.362924,8335.8,55.2,43.5,1042.4,3,11,10,7,3
2026-05-16T15:42:02.966,TRK,34.259374,-106.362961,8448.5,52.1,47.1,1005.8,3,11,10,7,3
2026-05-16T15:42:03.066,TRK,34.259388,-106.362919,8540.3,53.3,46.3,970.9,3,9,8,5,1
2026-05-16T15:42:03.168,TRK,34.259396,-106.362896,8672.4,53.9,47.7,950.8,3,6,5,2,0
2026-05-16T15:42:03.268,TRK,34.259409,-106.362881,8747.2,55.6,49.9,920.7,3,8,7,4,0
2026-05-16T15:42:03.370,TRK,34.259417,-106.362864,8828.9,54.0,48.4,895.4,3,8,7,4,0
2026-05-16T15:42:03.470,TRK,34.259447,-106.362858,8910.4,54.8,50.1,863.4,3,9,8,5,1
2026-05-16T15:42:03.570,TRK,34.259447,-106.362840,8987.9,58.5,55.9,850.2,3,9,8,5,1
2026-05-16T15:42:03.672,TRK,34.259458,-106.362826,9083.7,56.2,51.0,825.5,3,9,8,5,1
2026-05-16T15:42:03.772,TRK,34.259466,-106.362799,9174.9,53.4,53.5,796.6,3,8,7,4,0
2026-05-16T15:42:03.874,TRK,34.259480,-106.362794,9237.7,57.1,53.5,779.9,3,10,9,6,2
2026-05-16T15:42:03.974,TRK,34.259453,-106.362773,9326.1,58.4,57.1,761.8,3,7,6,3,0
2026-05-16T15:42:04.074,TRK,34.259477,-106.362779,9391.3,58.4,57.1,738.4,3,8,7,4,0
2026-05-16T15:42:04.174,TRK,34.259500,-106.362739,9455.6,60.2,59.0,718.6,3,11,10,7,3
2026-05-16T15:42:04.274,TRK,34.259513,-106.362716,9537.1,57.4,56.0,702.7,3,9,8,5,1
2026-05-16T15:42:04.374,TRK,34.259500,-106.362713,9603.1,58.0,58.5,684.5,3,10,9,6,2
2026-05-16T15:42:04.474,TRK,34.259517,-106.362703,9686.8,59.1,54.7,676.3,3,9,8,5,1
2026-05-16T15:42:04.574,TRK,34.259540,-106.362689,9743.6,57.4,60.8,663.9,3,8,7,4,0
2026-05-16T15:42:04.674,TRK,34.259529,-106.362649,9782.6,59.4,61.5,642.8,3,6,5,2,0
2026-05-16T15:42:04.774,TRK,34.259566,-106.362623,9859.0,59.8,60.0,634.8,3,11,10,7,3
2026-05-16T15:42:04.874,TRK,34.259562,-106.362613,9932.2,60.1,57.5,613.9,3,8,7,4,0
2026-05-16T15:42:04.974,TRK,34.259566,-106.362630,10012.7,63.7,63.9,600.5,3,9,8,5,1
2026-05-16T15:42:05.074,TRK,34.259579,-106.362618,10060.6,60.0,60.7,591.6,3,6,5,2,0
2026-05-16T15:42:05.174,TRK,34.259571,-106.362586,10124.0,60.2,60.3,575.1,3,7,6,3,0
2026-05-16T15:42:05.274,TRK,34.259578,-106.362583,10139.1,63.0,59.7,562.0,3,12,11,8,4
2026-05-16T15:42:05.374,TRK,34.259613,-106.362552,10216.3,64.0,59.8,550.2,3,9,8,5,1
2026-05-16T15:42:05.474,TRK,34.259599,-106.362530,10296.1,63.7,62.5,538.7,3,7,6,3,0
2026-05-16T15:42:05.574,TRK,34.259606,-106.362504,10353.2,61.9,64.1,529.1,3,9,8,5,1
2026-05-16T15:42:05.674,TRK,34.259630,-106.362476,10382.4,61.9,61.4,517.0,3,11,10,7,3
2026-05-16T15:42:05.774,TRK,34.259626,-106.362470,10419.7,66.0,65.5,498.2,3,10,9,6,2
2026-05-16T15:42:05.874,TRK,34.259642,-106.362458,10492.4,64.8,69.6,494.1,3,8,7,4,0
2026-05-16T15:42:05.974,TRK,34.259664,-106.362430,10538.8,68.5,62.9,490.0,3,10,9,6,2
2026-05-16T15:42:06.074,TRK,34.259651,-106.362424,10579.6,66.8,65.6,476.2,3,6,5,2,0
2026-05-16T15:42:06.174,TRK,34.259666,-106.362400,10610.8,65.6,64.0,469.6,3,8,7,4,0
2026-05-16T15:42:06.274,TRK,34.259688,-106.362392,10666.4,64.4,64.0,455.5,3,11,10,7,3
2026-05-16T15:42:06.374,TRK,34.259686,-106.362360,10735.6,67.2,62.6,452.2,3,8,7,4,0
2026-05-16T15:42:06.474,TRK,34.259699,-106.362362,10775.2,67.5,64.4,446.2,3,8,7,4,0
2026-05-16T15:42:06.574,TRK,34.259719,-106.362292,10803.8,66.1,64.4,433.0,3,9,8,5,1
2026-05-16T15:42:06.674,TRK,34.259715,-106.362291,10825.6,66.8,66.3,425.9,3,10,9,6,2
2026-05-16T15:42:06.774,TRK,34.259723,-106.362259,10867.8,67.9,67.5,419.6,3,7,6,3,0
2026-05-16T15:42:06.874,TRK,34.259720,-106.362260,10927.6,65.4,66.6,408.3,3,9,8,5,1
2026-05-16T15:42:06.974,TRK,34.259726,-106.362219,10989.5,69.4,64.1,403.0,3,10,9,6,2
2026-05-16T15:42:07.074,TRK,34.259734,-106.362242,11008.7,66.7,65.1,397.4,3,9,8,5,1
2026-05-16T15:42:09.174,TRK,34.259882,-106.361741,11720.0,73.6,69.4,271.6,3,9,8,5,1
2026-05-16T15:42:09.274,TRK,34.259898,-106.361708,11735.3,73.3,68.9,264.4,3,9,8,5,1
2026-05-16T15:42:09.374,TRK,34.259909,-106.361698,11745.8,80.3,70.8,255.4,3,8,7,4,0
2026-05-16T15:42:09.474,TRK,34.259917,-106.361658,11801.6,77.6,70.2,251.4,3,9,8,5,1
2026-05-16T15:42:09.574,TRK,34.259907,-106.361665,11819.9,75.5,68.9,248.1,3,8,7,4,0
2026-05-16T15:42:09.674,TRK,34.259941,-106.361618,11846.6,75.3,69.0,248.6,3,11,10,7,3
2026-05-16T15:42:09.774,TRK,34.259939,-106.361579,11868.3,74.9,68.2,234.6,3,9,8,5,1
2026-05-16T15:42:09.874,TRK,34.259958,-106.361583,11877.4,76.9,69.9,232.8,3,10,9,6,2
2026-05-16T15:42:09.974,TRK,34.259947,-106.361564,11906.7,76.4,70.2,230.1,3,8,7,4,0
2026-05-16T15:42:10.074,TRK,34.259957,-106.361521,11952.8,74.3,69.2,225.0,3,11,10,7,3
2026-05-16T15:42:10.174,TRK,34.259974,-106.361522,11957.3,76.4,68.7,220.2,3,8,7,4,0
2026-05-16T15:42:10.274,TRK,34.260000,-106.361487,11956.2,76.1,67.8,214.3,3,9,8,5,1
2026-05-16T15:42:10.374,TRK,34.259985,-106.361462,12007.2,76.4,67.5,209.3,3,8,7,4,0
2026-05-16T15:42:10.474,TRK,34.259998,-106.361415,11994.0,77.3,69.4,203.1,3,9,8,5,1
2026-05-16T15:42:10.574,TRK,34.260011,-106.361415,12013.7,75.8,68.1,198.6,3,7,6,3,0
2026-05-16T15:42:10.674,TRK,34.260016,-106.361381,12053.0,77.4,68.8,195.7,3,7,6,3,0
2026-05-16T15:42:10.774,TRK,34.260005,-106.361349,12072.7,79.9,68.5,195.1,3,7,6,3,0
2026-05-16T15:42:10.874,TRK,34.260031,-106.361360,12111.2,77.0,68.7,188.5,3,8,7,4,0
2026-05-16T15:42:10.974,TRK,34.260005,-106.361296,12132.7,78.9,70.6,186.0,3,6,5,2,0
2026-05-16T15:42:11.074,TRK,34.260038,-106.361306,12097.4,76.5,69.2,185.8,3,11,10,7,3
2026-05-16T15:42:11.174,TRK,34.260034,-106.361254,12145.3,80.7,71.6,177.6,3,6,5,2,0
2026-05-16T15:42:11.274,TRK,34.260036,-106.361237,12153.6,80.5,69.8,171.8,3,8,7,4,0
2026-05-16T15:42:11.374,TRK,34.260068,-106.361219,12178.1,80.0,71.7,175.8,3,9,8,5,1
2026-05-16T15:42:11.474,TRK,34.260062,-106.361182,12206.8,78.9,71.0,163.3,3,11,10,7,3
2026-05-16T15:42:11.574,TRK,34.260084,-106.361144,12179.0,79.3,71.7,156.5,3,8,7,4,0
2026-05-16T15:42:11.674,TRK,34.260071,-106.361137,12229.9,79.7,71.1,154.3,3,8,7,4,0
2026-05-16T15:42:11.774,TRK,34.260075,-106.361120,12253.5,77.8,71.5,151.7,3,11,10,7,3
2026-05-16T15:42:11.874,TRK,34.260109,-106.361105,12269.5,81.0,69.9,150.1,3,12,11,8,4
2026-05-16T15:42:11.974,TRK,34.260096,-106.361074,12297.1,79.8,70.8,154.5,3,10,9,6,2
2026-05-16T15:42:12.074,TRK,34.260121,-106.361033,12298.4,80.5,69.5,144.4,3,10,9,6,2
2026-05-16T15:42:12.174,TRK,34.260111,-106.361010,12317.5,79.2,69.9,138.0,3,8,7,4,0
2026-05-16T15:42:12.274,TRK,34.260114,-106.361003,12313.4,80.5,69.0,138.1,3,11,10,7,3
2026-05-16T15:42:12.374,TRK,34.260129,-106.360946,12336.7,78.9,70.5,132.4,3,7,6,3,0
2026-05-16T15:42:12.474,TRK,34.260120,-106.360952,12355.6,81.2,69.9,128.9,3,10,9,6,2
2026-05-16T15:42:12.574,TRK,34.260149,-106.360894,12369.8,79.9,71.7,130.5,3,9,8,5,1
2026-05-16T15:42:12.674,TRK,34.260132,-106.360890,12371.7,78.3,70.2,114.4,3,10,9,6,2
2026-05-16T15:42:12.774,TRK,34.260152,-106.360861,12369.9,83.2,71.6,117.9,3,7,6,3,0
2026-05-16T15:42:12.874,TRK,34.260174,-106.360815,12422.8,80.9,70.4,109.9,3,8,7,4,0
2026-05-16T15:42:12.974,TRK,34.260184,-106.360813,12390.9,82.0,71.3,109.1,3,10,9,6,2
2026-05-16T15:42:13.074,TRK,34.260194,-106.360772,12441.1,81.1,71.8,108.9,3,9,8,5,1
2026-05-16T15:42:13.174,TRK,34.260200,-106.360759,12421.9,79.0,70.4,99.6,3,9,8,5,1
2026-05-16T15:42:13.274,TRK,34.260188,-106.360724,12435.2,81.4,71.0,101.7,3,8,7,4,0
2026-05-16T15:42:13.374,TRK,34.260204,-106.360692,12465.4,80.4,72.0,86.0,3,8,7,4,0
2026-05-16T15:42:13.474,TRK,34.260201,-106.360691,12468.1,80.7,70.8,95.8,3,10,9,6,2
2026-05-16T15:42:13.574,TRK,34.260217,-106.360659,12461.7,80.8,70.0,92.0,3,11,10,7,3
2026-05-16T15:42:13.674,TRK,34.260226,-106.360603,12457.6,78.9,69.1,82.5,3,7,6,3,0
2026-05-16T15:42:13.774,TRK,34.260230,-106.360621,12505.5,82.9,71.9,91.3,3,10,9,6,2
2026-05-16T15:42:13.874,TRK,34.260218,-106.360584,12492.1,83.2,70.8,77.3,3,9,8,5,1
2026-05-16T15:42:13.974,TRK,34.260250,-106.360563,12509.4,85.2,72.0,74.3,3,9,8,5,1
2026-05-16T15:42:14.074,TRK,34.260247,-106.360524,12521.7,79.4,71.9,68.4,3,10,9,6,2
2026-05-16T15:42:14.174,TRK,34.260262,-106.360480,12538.1,84.2,71.7,73.4,3,10,9,6,2
2026-05-16T15:42:14.274,TRK,34.260269,-106.360442,12520.8,82.5,71.9,57.6,3,9,8,5,1
2026-05-16T15:42:14.374,TRK,34.260291,-106.360480,12521.5,83.3,71.9,61.6,3,9,8,5,1
2026-05-16T15:42:14.474,TRK,34.260290,-106.360447,12518.5,82.9,68.1,62.2,3,10,9,6,2
2026-05-16T15:42:14.574,TRK,34.260286,-106.360403,12549.9,78.0,70.1,55.1,3,11,10,7,3
2026-05-16T15:42:14.674,TRK,34.260308,-106.360361,12577.3,83.8,71.0,52.7,3,7,6,3,0
2026-05-16T15:42:14.774,TRK,34.260293,-106.360319,12552.4,81.1,71.4,46.7,3,9,8,5,1
2026-05-16T15:42:14.874,TRK,34.260317,-106.360323,12558.7,80.3,71.6,43.2,3,8,7,4,0
2026-05-16T15:42:14.974,TRK,34.260317,-106.360301,12572.9,81.9,72.8,46.3,3,7,6,3,0
2026-05-16T15:42:15.074,TRK,34.260330,-106.360265,12568.0,86.2,68.4,39.8,3,9,8,5,1
2026-05-16T15:42:15.174,TRK,34.260335,-106.360239,12560.9,84.8,72.3,36.1,3,6,5,2,0
2026-05-16T15:42:15.274,TRK,34.260328,-106.360199,12573.4,77.8,71.5,29.3,3,9,8,5,1
2026-05-16T15:42:15.374,TRK,34.260342,-106.360199,12580.3,82.7,73.2,32.1,3,11,10,7,3
2026-05-16T15:42:15.474,TRK,34.260351,-106.360154,12572.7,83.9,69.2,25.3,3,11,10,7,3
2026-05-16T15:42:15.574,TRK,34.260381,-106.360147,12577.0,78.3,70.9,19.6,3,7,6,3,0
2026-05-16T15:42:15.674,TRK,34.260392,-106.360100,12598.3,87.8,72.9,14.3,3,13,12,9,5
2026-05-16T15:42:15.774,TRK,34.260380,-106.360070,12589.2,82.6,71.3,17.6,3,7,6,3,0
2026-05-16T15:42:15.874,TRK,34.260375,-106.360046,12585.8,87.6,70.6,12.2,3,10,9,6,2
2026-05-16T15:42:15.974,TRK,34.260407,-106.360045,12582.9,79.1,72.8,7.1,3,9,8,5,1
2026-05-16T15:42:16.074,TRK,34.260393,-106.360006,12578.4,81.6,70.2,2.7,3,11,10,7,3
2026-05-16T15:42:16.176,TRK,34.260386,-106.359974,12606.1,83.3,70.9,3.5,3,9,8,5,1
2026-05-16T15:42:16.278,TRK,34.260420,-106.359967,12593.4,80.4,68.9,-2.0,3,10,9,6,2
2026-05-16T15:42:16.378,TRK,34.260437,-106.359931,12590.5,81.4,73.1,3.2,3,8,7,4,0
2026-05-16T15:42:16.478,TRK,34.260408,-106.359924,12572.1,83.5,70.5,-3.7,3,8,7,4,0
2026-05-16T15:42:16.580,TRK,34.260439,-106.359890,12578.8,83.5,71.1,-9.7,3,8,7,4,0
2026-05-16T15:42:16.682,TRK,34.260424,-106.359827,12592.2,87.3,72.9,-13.9,3,9,8,5,1
2026-05-16T15:42:16.782,TRK,34.260446,-106.359791,12590.7,86.4,71.3,-8.3,3,10,9,6,2
2026-05-16T15:42:16.882,TRK,34.260457,-106.359799,12588.1,90.6,69.4,-18.6,3,10,9,6,2
2026-05-16T15:42:16.984,TRK,34.260455,-106.359766,12579.6,87.4,72.5,-21.7,3,10,9,6,2
2026-05-16T15:42:17.086,TRK,34.260486,-106.359735,12571.5,89.4,73.0,-21.1,3,5,4,1,0
2026-05-16T15:42:17.188,TRK,34.260474,-106.359683,12550.7,86.5,75.4,-16.8,3,10,9,6,2
2026-05-16T15:42:17.288,TRK,34.260483,-106.359724,12541.1,91.0,74.4,-28.5,3,9,8,5,1
2026-05-16T15:42:17.388,TRK,34.260486,-106.359659,12567.5,89.5,73.2,-29.4,3,12,11,8,4
2026-05-16T15:42:17.490,TRK,34.260509,-106.359615,12569.6,90.2,74.1,-28.9,3,10,9,6,2
2026-05-16T15:42:17.592,TRK,34.260516,-106.359579,12560.5,91.5,74.8,-32.5,3,9,8,5,1
2026-05-16T15:42:17.692,TRK,34.260503,-106.359547,12560.2,95.8,74.5,-41.3,3,9,8,5,1
2026-05-16T15:42:17.792,TRK,34.260511,-106.359527,12538.2,91.4,73.7,-40.2,3,10,9,6,2
2026-05-16T15:42:17.894,TRK,34.260542,-106.359465,12569.7,95.3,75.0,-41.1,3,10,9,6,2
2026-05-16T15:42:17.996,TRK,34.260542,-106.359454,12558.3,96.9,72.7,-41.9,3,12,11,8,4
2026-05-16T15:42:18.096,TRK,34.260531,-106.359440,12546.5,98.6,74.9,-37.2,3,10,9,6,2
2026-05-16T15:42:18.196,TRK,34.260552,-106.359395,12520.5,96.2,73.6,-39.8,3,8,7,4,0
2026-05-16T15:42:18.298,TRK,34.260567,-106.359346,12519.3,97.1,75.7,-45.0,3,9,8,5,1
2026-05-16T15:42:18.400,TRK,34.260562,-106.359323,12525.9,101.5,74.1,-39.5,3,9,8,5,1
2026-05-16T15:42:18.502,TRK,34.260584,-106.359317,12503.5,101.3,76.4,-50.5,3,10,9,6,2
2026-05-16T15:42:18.602,TRK,34.260587,-106.359298,12515.8,100.4,76.1,-48.4,3,8,7,4,0
2026-05-16T15:42:18.702,TRK,34.260600,-106.359234,12520.8,101.2,75.1,-48.6,3,8,7,4,0
2026-05-16T15:42:18.804,TRK,34.260599,-106.359231,12479.7,100.4,77.0,-43.1,3,9,8,5,1
2026-05-16T15:42:18.906,TRK,34.260579,-106.359147,12488.2,102.1,75.4,-52.1,3,7,6,3,0
2026-05-16T15:42:19.006,TRK,34.260614,-106.359144,12463.4,100.0,76.3,-48.0,3,9,8,5,1
2026-05-16T15:42:19.106,TRK,34.260597,-106.359113,12499.6,103.4,75.8,-53.3,3,10,9,6,2
2026-05-16T15:42:19.208,TRK,34.260613,-106.359071,12475.1,104.2,76.4,-52.9,3,10,9,6,2
2026-05-16T15:42:19.310,TRK,34.260623,-106.359041,12499.5,100.1,77.6,-54.3,3,11,10,7,3
2026-05-16T15:42:19.410,TRK,34.260632,-106.359032,12497.7,102.4,77.1,-61.0,3,10,9,6,2
2026-05-16T15:42:19.510,TRK,34.260647,-106.358965,12477.4,104.0,73.9,-59.9,3,10,9,6,2
2026-05-16T15:42:19.612,TRK,34.260632,-106.358937,12469.2,103.9,75.7,-63.3,3,10,9,6,2
2026-05-16T15:42:19.714,TRK,34.260630,-106.358883,12432.4,104.3,75.5,-49.7,3,9,8,5,1
2026-05-16T15:42:19.814,TRK,34.260646,-106.358874,12465.8,106.1,78.3,-54.9,3,9,8,5,1
2026-05-16T15:42:19.914,TRK,34.260679,-106.358833,12457.5,105.6,76.6,-57.0,3,8,7,4,0
2026-05-16T15:42:20.016,TRK,34.260659,-106.358782,12459.6,107.4,77.0,-57.5,3,8,7,4,0
2026-05-16T15:42:20.118,TRK,34.260689,-106.358781,12451.3,106.4,79.1,-60.5,3,9,8,5,1
2026-05-16T15:42:20.220,TRK,34.260679,-106.358715,12431.8,107.7,78.1,-57.1,3,12,11,8,4
2026-05-16T15:42:20.320,TRK,34.260691,-106.358669,12449.8,107.6,79.1,-57.3,3,10,9,6,2
2026-05-16T15:42:20.420,TRK,34.260695,-106.358660,12408.0,107.4,77.0,-50.3,3,12,11,8,4
2026-05-16T15:42:20.522,TRK,34.260731,-106.358618,12431.3,109.4,76.1,-54.6,3,9,8,5,1
2026-05-16T15:42:20.624,TRK,34.260716,-106.358568,12426.5,107.3,77.6,-57.4,3,11,10,7,3
2026-05-16T15:42:20.724,TRK,34.260732,-106.358557,12418.3,109.9,78.1,-61.0,3,8,7,4,0
2026-05-16T15:42:20.824,TRK,34.260733,-106.358531,12390.3,110.5,75.1,-59.5,3,10,9,6,2
2026-05-16T15:42:20.926,TRK,34.260702,-106.358478,12409.1,108.8,78.2,-59.0,3,9,8,5,1
2026-05-16T15:42:21.028,TRK,34.260727,-106.358428,12383.0,112.2,77.0,-59.7,3,11,10,7,3
2026-05-16T15:42:21.128,TRK,34.260755,-106.358412,12365.5,112.6,77.7,-60.6,3,11,10,7,3
2026-05-16T15:42:21.228,TRK,34.260764,-106.358384,12367.8,110.1,76.0,-63.9,3,9,8,5,1
2026-05-16T15:42:21.330,TRK,34.260743,-106.358346,12348.6,110.0,75.6,-64.9,3,11,10,7,3
2026-05-16T15:42:21.432,TRK,34.260767,-106.358304,12377.2,108.7,77.3,-61.0,3,10,9,6,2
2026-05-16T15:42:21.534,TRK,34.260759,-106.358255,12343.4,111.5,78.2,-58.4,3,11,10,7,3
2026-05-16T15:42:21.634,TRK,34.260780,-106.358246,12351.6,112.1,78.2,-59.1,3,9,8,5,1
2026-05-16T15:42:21.734,TRK,34.260803,-106.358178,12316.1,110.5,77.8,-56.3,3,12,11,8,4
2026-05-16T15:42:21.836,TRK,34.260788,-106.358158,12337.1,113.5,77.4,-58.7,3,9,8,5,1
2026-05-16T15:42:21.938,TRK,34.260801,-106.358134,12340.4,108.7,77.7,-58.8,3,7,6,3,0
2026-05-16T15:42:22.038,TRK,34.260824,-106.358107,12313.0,110.1,79.5,-63.0,3,10,9,6,2
2026-05-16T15:42:22.138,TRK,34.260810,-106.358044,12320.0,111.2,76.5,-56.0,3,10,9,6,2
2026-05-16T15:42:22.240,TRK,34.260813,-106.358005,12303.6,112.1,76.2,-63.0,3,8,7,4,0
2026-05-16T15:42:22.342,TRK,34.260822,-106.357981,12299.4,112.3,77.8,-53.2,3,9,8,5,1
2026-05-16T15:42:22.442,TRK,34.260820,-106.357940,12296.9,113.6,77.4,-62.7,3,9,8,5,1
2026-05-16T15:42:22.542,TRK,34.260826,-106.357887,12309.0,108.9,78.6,-59.2,3,9,8,5,1
2026-05-16T15:42:22.644,TRK,34.260830,-106.357873,12290.1,113.3,78.8,-65.0,3,11,10,7,3
2026-05-16T15:42:22.746,TRK,34.260866,-106.357835,12265.1,115.8,78.5,-59.7,3,10,9,6,2
2026-05-16T15:42:22.848,TRK,34.260855,-106.357788,12245.5,110.7,78.2,-59.8,3,8,7,4,0
2026-05-16T15:42:22.948,TRK,34.260865,-106.357745,12266.1,113.9,78.0,-52.4,3,12,11,8,4
2026-05-16T15:42:23.048,TRK,34.260881,-106.357721,12275.8,111.0,80.0,-58.2,3,8,7,4,0
2026-05-16T15:42:23.150,TRK,34.260862,-106.357686,12263.5,111.3,77.7,-62.4,3,11,10,7,3
2026-05-16T15:42:23.252,TRK,34.260876,-106.357634,12255.9,110.5,77.8,-62.6,3,8,7,4,0
2026-05-16T15:42:23.352,TRK,34.260889,-106.357619,12231.5,114.8,78.1,-65.5,3,10,9,6,2
2026-05-16T15:42:23.452,TRK,34.260897,-106.357609,12234.5,113.3,78.5,-56.9,3,9,8,5,1
2026-05-16T15:42:23.554,TRK,34.260914,-106.357540,12215.6,109.6,77.2,-59.3,3,9,8,5,1
2026-05-16T15:42:23.656,TRK,34.260911,-106.357488,12222.1,112.8,78.6,-60.1,3,9,8,5,1
2026-05-16T15:42:23.756,TRK,34.260909,-106.357486,12201.5,113.3,77.5,-62.4,3,10,9,6,2
2026-05-16T15:42:23.856,TRK,34.260945,-106.357396,12196.4,114.4,77.1,-65.7,3,10,9,6,2
2026-05-16T15:42:23.958,TRK,34.260935,-106.357358,12201.9,110.5,77.8,-61.6,3,6,5,2,0
2026-05-16T15:42:24.060,TRK,34.260922,-106.357330,12199.6,113.0,76.8,-57.4,3,9,8,5,1
2026-05-16T15:42:24.162,TRK,34.260930,-106.357289,12178.3,111.1,78.9,-59.0,3,9,8,5,1
2026-05-16T15:42:24.262,TRK,34.260950,-106.357268,12196.5,110.6,77.3,-64.3,3,10,9,6,2
2026-05-16T15:42:24.362,TRK,34.260955,-106.357246,12196.1,112.7,77.1,-68.1,3,10,9,6,2
2026-05-16T15:42:24.464,TRK,34.260959,-106.357192,12186.4,113.3,78.5,-62.4,3,8,7,4,0
2026-05-16T15:42:24.566,TRK,34.260962,-106.357198,12155.0,108.9,78.6,-63.5,3,11,10,7,3
2026-05-16T15:42:24.666,TRK,34.260962,-106.357126,12170.4,110.1,76.3,-61.8,3,7,6,3,0
2026-05-16T15:42:24.766,TRK,34.260982,-106.357082,12172.0,109.2,77.3,-57.2,3,7,6,3,0
2026-05-16T15:42:24.868,TRK,34.260984,-106.357064,12137.7,110.4,79.5,-60.0,3,10,9,6,2
2026-05-16T15:42:24.970,TRK,34.260999,-106.357022,12130.6,110.2,77.7,-62.1,3,7,6,3,0
2026-05-16T15:42:25.070,TRK,34.261025,-106.356996,12113.7,112.0,76.9,-64.0,3,8,7,4,0
2026-05-16T15:42:25.170,TRK,34.261001,-106.356961,12116.0,111.4,79.4,-65.1,3,7,6,3,0
2026-05-16T15:42:25.272,TRK,34.261032,-106.356909,12123.8,111.5,79.5,-60.0,3,7,6,3,0
2026-05-16T15:42:25.374,TRK,34.261038,-106.356868,12140.5,110.7,78.7,-55.3,3,8,7,4,0
2026-05-16T15:42:25.474,TRK,34.261039,-106.356860,12131.1,113.0,78.8,-68.5,3,8,7,4,0
2026-05-16T15:42:25.574,TRK,34.261046,-106.356803,12112.0,110.1,78.3,-52.3,3,10,9,6,2
2026-05-16T15:42:25.676,TRK,34.261042,-106.356782,12080.9,113.6,79.2,-61.2,3,8,7,4,0
2026-05-16T15:42:25.778,TRK,34.261072,-106.356721,12095.6,110.8,78.1,-57.6,3,8,7,4,0
2026-05-16T15:42:25.880,TRK,34.261066,-106.356707,12092.1,112.0,78.5,-59.9,3,7,6,3,0
2026-05-16T15:42:25.980,TRK,34.261043,-106.356665,12087.3,113.8,78.7,-60.6,3,9,8,5,1
2026-05-16T15:42:26.080,TRK,34.261075,-106.356615,12094.5,111.1,78.5,-63.1,3,9,8,5,1
2026-05-16T15:42:26.182,TRK,34.261070,-106.356589,12061.2,109.7,77.2,-62.9,3,9,8,5,1
2026-05-16T15:42:26.284,TRK,34.261092,-106.356552,12066.9,113.0,78.8,-63.5,3,10,9,6,2
2026-05-16T15:42:26.384,TRK,34.261089,-106.356516,12044.8,113.6,77.7,-57.0,3,8,7,4,0
2026-05-16T15:42:26.484,TRK,34.261084,-106.356488,12043.8,110.3,78.5,-60.5,3,11,10,7,3
2026-05-16T15:42:26.586,TRK,34.261105,-106.356448,12039.5,109.6,77.0,-56.8,3,9,8,5,1
2026-05-16T15:42:26.688,TRK,34.261115,-106.356387,12046.6,110.2,77.6,-60.1,3,9,8,5,1
2026-05-16T15:42:26.788,TRK,34.261113,-106.356360,12061.0,111.4,77.8,-61.4,3,10,9,6,2
2026-05-16T15:42:26.888,TRK,34.261113,-106.356328,12023.5,111.2,79.6,-59.5,3,9,8,5,1
2026-05-16T15:42:26.990,TRK,34.261081,-106.356276,12013.3,109.4,78.5,-58.6,3,10,9,6,2
2026-05-16T15:42:27.092,TRK,34.261139,-106.356243,12044.4,111.8,77.3,-57.4,3,9,8,5,1
2026-05-16T15:42:27.194,TRK,34.261153,-106.356223,12015.9,110.6,78.4,-58.7,3,10,9,6,2
2026-05-16T15:42:27.294,TRK,34.261144,-106.356200,12001.4,112.1,79.5,-57.7,3,7,6,3,0
2026-05-16T15:42:27.394,TRK,34.261166,-106.356123,12016.1,110.3,77.8,-64.2,3,8,7,4,0
2026-05-16T15:42:27.496,TRK,34.261165,-106.356115,11999.8,113.5,77.1,-59.1,3,9,8,5,1
2026-05-16T15:42:27.598,TRK,34.261177,-106.356060,11975.5,111.8,76.5,-62.3,3,8,7,4,0
2026-05-16T15:42:27.698,TRK,34.261183,-106.356043,11980.3,114.2,76.7,-62.3,3,11,10,7,3
2026-05-16T15:42:27.798,TRK,34.261170,-106.355994,11967.4,108.2,78.8,-63.6,3,8,7,4,0
2026-05-16T15:42:27.900,TRK,34.261175,-106.355940,11987.7,111.0,78.2,-63.4,3,8,7,4,0
2026-05-16T15:42:28.002,TRK,34.261195,-106.355917,11959.5,111.1,77.1,-53.5,3,10,9,6,2
2026-05-16T15:42:28.102,TRK,34.261187,-106.355870,11957.2,110.7,76.9,-56.8,3,10,9,6,2
2026-05-16T15:42:28.202,TRK,34.261230,-106.355849,11958.4,108.5,78.8,-60.5,3,9,8,5,1
2026-05-16T15:42:28.304,TRK,34.261187,-106.355797,11929.7,113.3,78.0,-58.7,3,9,8,5,1
2026-05-16T15:42:28.406,TRK,34.261244,-106.355814,11941.3,109.8,79.0,-61.5,3,8,7,4,0
2026-05-16T15:42:28.508,TRK,34.261220,-106.355751,11932.6,113.8,78.1,-60.8,3,12,11,8,4
2026-05-16T15:42:28.608,TRK,34.261230,-106.355705,11926.0,112.1,77.4,-62.9,3,10,9,6,2
2026-05-16T15:42:28.708,TRK,34.261238,-106.355655,11918.1,113.6,76.1,-59.1,3,7,6,3,0
2026-05-16T15:42:28.810,TRK,34.261236,-106.355617,11904.4,109.2,77.5,-62.1,3,7,6,3,0
2026-05-16T15:42:28.912,TRK,34.261246,-106.355586,11907.1,109.7,76.3,-64.7,3,8,7,4,0
2026-05-16T15:42:29.012,TRK,34.261252,-106.355562,11919.0,113.8,78.3,-53.0,3,9,8,5,1
2026-05-16T15:42:29.112,TRK,34.261268,-106.355533,11916.8,110.0,77.8,-56.3,3,8,7,4,0
2026-05-16T15:42:29.214,TRK,34.261254,-106.355504,11900.9,112.6,77.7,-58.3,3,10,9,6,2
2026-05-16T15:42:29.316,TRK,34.261269,-106.355420,11873.1,113.2,76.8,-59.2,3,10,9,6,2
2026-05-16T15:42:29.416,TRK,34.261273,-106.355405,11894.7,113.9,77.5,-63.7,3,11,10,7,3
2026-05-16T15:42:29.516,TRK,34.261300,-106.355370,11876.9,110.1,78.5,-59.6,3,10,9,6,2
2026-05-16T15:42:29.618,TRK,34.261305,-106.355344,11874.9,110.2,78.3,-59.5,3,9,8,5,1
2026-05-16T15:42:29.720,TRK,34.261306,-106.355257,11862.4,110.8,77.9,-61.5,3,9,8,5,1
2026-05-16T15:42:29.820,TRK,34.261311,-106.355261,11862.8,110.2,77.7,-62.0,3,8,7,4,0
2026-05-16T15:42:29.920,TRK,34.261346,-106.355214,11841.8,111.7,77.4,-61.0,3,7,6,3,0
2026-05-16T15:42:30.022,TRK,34.261337,-106.355174,11841.7,110.7,77.2,-61.4,3,11,10,7,3
2026-05-16T15:42:30.124,TRK,34.261319,-106.355159,11836.0,106.9,77.3,-70.4,3,7,6,3,0
2026-05-16T15:42:30.226,TRK,34.261315,-106.355123,11817.8,111.2,77.9,-66.4,3,10,9,6,2
2026-05-16T15:42:30.326,TRK,34.261331,-106.355081,11824.7,110.9,76.6,-60.6,3,9,8,5,1
2026-05-16T15:42:30.426,TRK,34.261351,-106.355034,11838.2,111.7,77.0,-56.1,3,10,9,6,2
2026-05-16T15:42:30.528,TRK,34.261351,-106.355003,11774.7,112.7,75.3,-64.6,3,9,8,5,1
2026-05-16T15:42:30.630,TRK,34.261359,-106.354975,11795.2,114.4,77.3,-65.1,3,11,10,7,3
2026-05-16T15:42:30.730,TRK,34.261356,-106.354967,11767.1,111.5,77.8,-61.8,3,9,8,5,1
2026-05-16T15:42:30.830,TRK,34.261359,-106.354902,11777.1,111.1,78.0,-53.7,3,7,6,3,0
2026-05-16T15:42:30.932,TRK,34.261365,-106.354871,11797.4,108.5,77.7,-61.9,3,11,10,7,3
2026-05-16T15:42:31.034,TRK,34.261397,-106.354828,11764.9,109.9,76.8,-61.8,3,7,6,3,0
2026-05-16T15:42:31.134,TRK,34.261388,-106.354798,11763.7,111.8,78.2,-60.2,3,12,11,8,4
2026-05-16T15:42:31.234,TRK,34.261404,-106.354755,11768.7,111.2,78.1,-59.5,3,9,8,5,1
2026-05-16T15:42:31.336,TRK,34.261384,-106.354742,11780.5,109.5,76.8,-59.8,3,10,9,6,2
2026-05-16T15:42:31.438,TRK,34.261389,-106.354674,11744.4,106.9,78.2,-66.7,3,8,7,4,0
2026-05-16T15:42:31.540,TRK,34.261398,-106.354643,11760.6,110.1,78.2,-60.5,3,7,6,3,0
2026-05-16T15:42:31.640,TRK,34.261430,-106.354607,11733.4,110.9,78.5,-65.6,3,10,9,6,2
2026-05-16T15:42:31.740,TRK,34.261446,-106.354565,11732.4,107.9,78.5,-59.4,3,8,7,4,0
2026-05-16T15:42:31.842,TRK,34.261438,-106.354532,11739.1,109.8,79.5,-52.5,3,9,8,5,1
2026-05-16T15:42:31.944,TRK,34.261433,-106.354520,11730.7,113.7,77.7,-62.0,3,9,8,5,1
2026-05-16T15:42:32.044,TRK,34.261455,-106.354457,11708.4,110.9,78.8,-66.1,3,8,7,4,0
2026-05-16T15:42:32.146,TRK,34.261452,-106.354428,11711.3,109.9,78.6,-61.1,3,8,7,4,0
2026-05-16T15:42:32.246,TRK,34.261436,-106.354410,11716.2,108.1,77.5,-55.0,3,10,9,6,2
2026-05-16T15:42:32.346,TRK,34.261489,-106.354361,11705.9,108.4,78.2,-61.9,3,10,9,6,2
2026-05-16T15:42:32.448,TRK,34.261470,-106.354313,11687.6,110.2,77.9,-68.1,3,9,8,5,1
2026-05-16T15:42:32.548,TRK,34.261480,-106.354305,11681.1,109.6,76.5,-59.8,3,7,6,3,0
2026-05-16T15:42:32.648,TRK,34.261495,-106.354234,11664.8,107.7,78.7,-58.9,3,11,10,7,3
2026-05-16T15:42:32.750,TRK,34.261491,-106.354229,11647.4,108.0,77.6,-60.1,3,7,6,3,0
2026-05-16T15:42:32.850,TRK,34.261490,-106.354182,11662.7,105.9,77.5,-60.3,3,11,10,7,3
2026-05-16T15:42:32.950,TRK,34.261531,-106.354128,11646.4,106.7,78.5,-58.6,3,12,11,8,4
2026-05-16T15:42:33.052,TRK,34.261532,-106.354099,11636.3,107.1,77.7,-67.9,3,11,10,7,3
2026-05-16T15:42:33.152,TRK,34.261528,-106.354059,11661.2,108.2,76.8,-59.5,3,12,11,8,4
2026-05-16T15:42:33.252,TRK,34.261523,-106.354012,11627.1,111.8,77.4,-61.2,3,11,10,7,3
2026-05-16T15:42:33.352,TRK,34.261528,-106.354034,11640.6,108.8,78.5,-58.9,3,7,6,3,0
2026-05-16T15:42:33.454,TRK,34.261529,-106.353947,11625.1,111.3,78.6,-55.9,3,12,11,8,4
2026-05-16T15:42:33.554,TRK,34.261532,-106.353918,11647.4,108.8,76.7,-61.8,3,11,10,7,3
2026-05-16T15:42:33.654,TRK,34.261528,-106.353912,11599.3,111.6,77.8,-62.7,3,7,6,3,0
2026-05-16T15:42:33.756,TRK,34.261555,-106.353878,11615.3,107.1,78.4,-60.2,3,7,6,3,0
2026-05-16T15:42:33.856,TRK,34.261530,-106.353835,11627.6,109.3,78.9,-58.3,3,10,9,6,2
2026-05-16T15:42:33.956,TRK,34.261559,-106.353764,11607.4,109.3,78.9,-48.3,3,10,9,6,2
2026-05-16T15:42:34.058,TRK,34.261572,-106.353755,11576.0,109.4,78.4,-62.6,3,10,9,6,2
2026-05-16T15:42:34.158,TRK,34.261584,-106.353714,11589.7,108.1,77.3,-59.3,3,8,7,4,0
2026-05-16T15:42:34.258,TRK,34.261600,-106.353686,11580.0,110.8,78.8,-60.9,3,10,9,6,2
2026-05-16T15:42:34.358,TRK,34.261590,-106.353627,11589.6,111.5,76.3,-62.5,3,11,10,7,3
2026-05-16T15:42:34.460,TRK,34.261595,-106.353595,11573.3,106.9,77.6,-57.6,3,8,7,4,0
2026-05-16T15:42:34.560,TRK,34.261611,-106.353592,11581.5,111.8,76.1,-56.8,3,8,7,4,0
2026-05-16T15:42:34.660,TRK,34.261603,-106.353549,11572.3,110.8,76.0,-57.4,3,7,6,3,0
2026-05-16T15:42:34.762,TRK,34.261614,-106.353472,11550.0,106.2,77.7,-54.9,3,6,5,2,0
2026-05-16T15:42:34.862,TRK,34.261636,-106.353453,11568.1,107.3,77.8,-54.8,3,9,8,5,1
2026-05-16T15:42:34.962,TRK,34.261620,-106.353431,11545.1,108.5,77.6,-53.6,3,11,10,7,3
2026-05-16T15:42:35.064,TRK,34.261644,-106.353392,11557.9,107.7,79.2,-56.2,3,9,8,5,1
2026-05-16T15:42:35.164,TRK,34.261655,-106.353328,11521.9,108.9,77.8,-60.6,3,9,8,5,1
2026-05-16T15:42:35.264,TRK,34.261635,-106.353331,11504.5,106.7,76.1,-63.6,3,9,8,5,1
2026-05-16T15:42:35.366,TRK,34.261656,-106.353294,11511.9,108.0,77.4,-71.9,3,9,8,5,1
2026-05-16T15:42:35.466,TRK,34.261660,-106.353271,11520.0,106.6,75.4,-66.0,3,11,10,7,3
2026-05-16T15:42:35.566,TRK,34.261656,-106.353247,11510.7,106.2,77.0,-61.8,3,9,8,5,1
2026-05-16T15:42:35.666,TRK,34.261673,-106.353189,11510.4,107.0,80.0,-60.8,3,10,9,6,2
2026-05-16T15:42:35.768,TRK,34.261678,-106.353138,11488.8,107.9,77.0,-58.7,3,8,7,4,0
2026-05-16T15:42:35.868,TRK,34.261684,-106.353117,11475.6,109.3,75.3,-56.6,3,7,6,3,0
2026-05-16T15:42:35.968,TRK,34.261688,-106.353094,11453.6,109.7,78.2,-64.5,3,9,8,5,1
2026-05-16T15:42:36.070,TRK,34.261703,-106.353031,11475.3,107.3,76.8,-61.6,3,9,8,5,1
2026-05-16T15:42:36.170,TRK,34.261709,-106.353028,11452.8,104.9,78.3,-63.1,3,8,7,4,0
2026-05-16T15:42:36.270,TRK,34.261708,-106.352960,11456.0,110.1,77.7,-63.6,3,9,8,5,1
2026-05-16T15:42:36.372,TRK,34.261728,-106.352937,11467.1,108.3,77.3,-54.2,3,7,6,3,0
2026-05-16T15:42:36.472,TRK,34.261719,-106.352916,11456.2,110.3,78.0,-57.9,3,9,8,5,1
2026-05-16T15:42:36.572,TRK,34.261754,-106.352850,11431.3,108.9,78.0,-62.0,3,9,8,5,1
2026-05-16T15:42:36.672,TRK,34.261745,-106.352860,11462.1,106.7,78.6,-62.8,3,10,9,6,2
2026-05-16T15:42:36.774,TRK,34.261745,-106.352812,11431.6,107.6,77.1,-56.5,3,10,9,6,2
2026-05-16T15:42:36.874,TRK,34.261749,-106.352755,11418.7,108.3,78.7,-62.4,3,8,7,4,0
2026-05-16T15:42:36.974,TRK,34.261729,-106.352718,11432.5,108.3,78.2,-67.6,3,9,8,5,1
2026-05-16T15:42:37.076,TRK,34.261760,-106.352692,11414.2,108.9,78.6,-55.9,3,8,7,4,0
2026-05-16T15:42:37.176,TRK,34.261766,-106.352660,11395.3,109.3,76.1,-53.7,3,8,7,4,0
2026-05-16T15:42:37.276,TRK,34.261781,-106.352629,11385.0,108.0,76.6,-53.1,3,10,9,6,2
2026-05-16T15:42:37.378,TRK,34.261802,-106.352592,11387.8,106.5,77.7,-63.4,3,12,11,8,4
2026-05-16T15:42:37.478,TRK,34.261806,-106.352541,11400.0,107.2,79.2,-65.6,3,9,8,5,1
2026-05-16T15:42:37.578,TRK,34.261812,-106.352486,11387.3,108.9,77.3,-63.0,3,9,8,5,1
2026-05-16T15:42:37.680,TRK,34.261783,-106.352445,11382.4,111.2,79.8,-54.5,3,8,7,4,0
2026-05-16T15:42:37.780,TRK,34.261829,-106.352452,11381.4,107.0,78.4,-56.9,3,10,9,6,2
2026-05-16T15:42:37.880,TRK,34.261838,-106.352409,11374.2,104.5,79.4,-54.8,3,7,6,3,0
2026-05-16T15:42:37.980,TRK,34.261831,-106.352358,11353.5,104.8,76.1,-67.9,3,9,8,5,1
2026-05-16T15:42:38.082,TRK,34.261825,-106.352337,11342.5,110.7,77.5,-61.8,3,9,8,5,1
2026-05-16T15:42:38.182,TRK,34.261829,-106.352318,11334.3,108.8,78.8,-62.7,3,8,7,4,0
2026-05-16T15:42:38.282,TRK,34.261856,-106.352281,11348.4,108.9,78.0,-57.4,3,9,8,5,1
2026-05-16T15:42:38.384,TRK,34.261837,-106.352242,11316.7,108.2,76.7,-59.2,3,9,8,5,1
2026-05-16T15:42:38.484,TRK,34.261839,-106.352195,11346.3,106.9,79.1,-58.1,3,10,9,6,2
2026-05-16T15:42:38.584,TRK,34.261864,-106.352156,11319.4,106.0,78.0,-57.7,3,11,10,7,3
2026-05-16T15:42:38.686,TRK,34.261860,-106.352122,11306.4,107.2,77.4,-61.1,3,9,8,5,1
2026-05-16T15:42:38.786,TRK,34.261864,-106.352075,11324.3,107.3,77.9,-67.9,3,9,8,5,1
2026-05-16T15:42:38.886,TRK,34.261856,-106.352043,11312.1,107.8,77.2,-57.8,3,11,10,7,3
2026-05-16T15:42:38.986,TRK,34.261878,-106.352032,11299.4,108.9,79.1,-62.0,3,9,8,5,1
2026-05-16T15:42:39.088,TRK,34.261868,-106.351991,11303.7,108.7,77.9,-62.8,3,10,9,6,2
2026-05-16T15:42:39.188,TRK,34.261882,-106.351962,11271.6,105.9,78.8,-63.4,3,10,9,6,2
2026-05-16T15:42:39.288,TRK,34.261908,-106.351933,11298.1,103.9,78.2,-59.7,3,6,5,2,0
2026-05-16T15:42:39.390,TRK,34.261925,-106.351878,11286.1,105.8,77.1,-66.6,3,8,7,4,0
2026-05-16T15:42:39.490,TRK,34.261931,-106.351834,11290.4,105.8,78.1,-55.4,3,10,9,6,2
2026-05-16T15:42:39.590,TRK,34.261913,-106.351817,11256.4,105.8,78.8,-56.1,3,9,8,5,1
2026-05-16T15:42:39.692,TRK,34.261933,-106.351775,11266.4,109.8,78.9,-59.0,3,7,6,3,0
2026-05-16T15:42:39.792,TRK,34.261927,-106.351735,11262.0,109.4,77.8,-63.4,3,9,8,5,1
2026-05-16T15:42:39.892,TRK,34.261931,-106.351691,11224.9,109.7,77.9,-61.0,3,11,10,7,3
2026-05-16T15:42:39.994,TRK,34.261964,-106.351677,11235.0,104.9,78.4,-60.5,3,10,9,6,2
2026-05-16T15:42:40.094,TRK,34.261957,-106.351651,11245.9,106.1,79.3,-62.3,3,10,9,6,2
2026-05-16T15:42:40.194,TRK,34.261944,-106.351606,11235.9,105.6,78.8,-59.9,3,10,9,6,2
2026-05-16T15:42:40.294,TRK,34.261944,-106.351561,11224.2,104.7,77.5,-60.1,3,8,7,4,0
2026-05-16T15:42:40.396,TRK,34.261981,-106.351517,11228.6,105.0,78.9,-57.8,3,9,8,5,1
2026-05-16T15:42:40.496,TRK,34.261978,-106.351522,11217.5,108.1,79.7,-68.3,3,10,9,6,2
2026-05-16T15:42:40.596,TRK,34.261975,-106.351468,11201.4,108.0,77.3,-58.5,3,8,7,4,0
2026-05-16T15:42:40.698,TRK,34.261964,-106.351431,11194.2,105.1,77.2,-59.2,3,6,5,2,0
2026-05-16T15:42:40.798,TRK,34.261984,-106.351385,11167.9,106.2,77.2,-62.5,3,8,7,4,0
2026-05-16T15:42:40.898,TRK,34.261989,-106.351337,11146.9,109.9,77.6,-59.6,3,9,8,5,1
2026-05-16T15:42:41.000,TRK,34.262019,-106.351315,11155.8,105.7,78.1,-61.3,3,9,8,5,1
2026-05-16T15:42:41.100,TRK,34.261999,-106.351296,11165.9,106.2,79.0,-61.5,3,11,10,7,3
2026-05-16T15:42:41.200,TRK,34.262028,-106.351260,11170.0,108.6,79.5,-62.3,3,7,6,3,0
2026-05-16T15:42:41.300,TRK,34.262037,-106.351244,11163.6,108.0,77.7,-55.5,3,9,8,5,1
2026-05-16T15:42:41.402,TRK,34.262038,-106.351156,11148.1,102.3,78.2,-62.5,3,8,7,4,0
2026-05-16T15:42:41.502,TRK,34.262040,-106.351150,11156.5,103.6,75.1,-57.3,3,5,4,1,0
2026-05-16T15:42:41.602,TRK,34.262058,-106.351111,11132.6,105.8,79.0,-57.2,3,9,8,5,1
2026-05-16T15:42:41.704,TRK,34.262006,-106.351104,11136.7,109.1,78.1,-62.4,3,9,8,5,1
2026-05-16T15:42:41.804,TRK,34.262052,-106.351032,11123.2,103.1,79.0,-54.0,3,10,9,6,2
2026-05-16T15:42:41.904,TRK,34.262075,-106.351028,11120.4,105.9,78.2,-60.1,3,10,9,6,2
2026-05-16T15:42:42.006,TRK,34.262047,-106.350974,11103.9,104.1,77.1,-57.6,3,10,9,6,2
2026-05-16T15:42:42.106,TRK,34.262072,-106.350933,11100.8,108.4,77.6,-58.7,3,8,7,4,0
2026-05-16T15:42:42.206,TRK,34.262070,-106.350904,11102.8,110.5,78.6,-60.8,3,10,9,6,2
2026-05-16T15:42:42.308,TRK,34.262082,-106.350875,11093.6,102.7,78.0,-62.2,3,9,8,5,1
2026-05-16T15:42:42.408,TRK,34.262063,-106.350856,11093.4,104.5,78.9,-55.7,3,11,10,7,3
2026-05-16T15:42:42.508,TRK,34.262094,-106.350803,11073.6,105.0,77.0,-54.0,3,9,8,5,1
2026-05-16T15:42:42.608,TRK,34.262098,-106.350758,11098.4,106.5,78.6,-62.3,3,9,8,5,1
2026-05-16T15:42:42.710,TRK,34.262114,-106.350750,11080.4,106.8,79.7,-58.9,3,8,7,4,0
2026-05-16T15:42:42.810,TRK,34.262097,-106.350696,11064.1,105.3,77.0,-58.5,3,9,8,5,1
2026-05-16T15:42:42.910,TRK,34.262098,-106.350679,11084.1,100.2,76.6,-58.2,3,10,9,6,2
2026-05-16T15:42:43.012,TRK,34.262127,-106.350639,11044.4,103.6,78.4,-63.7,3,9,8,5,1
2026-05-16T15:42:43.112,TRK,34.262132,-106.350598,11035.0,103.5,77.8,-59.0,3,9,8,5,1
2026-05-16T15:42:43.212,TRK,34.262137,-106.350525,11049.8,107.0,76.5,-52.4,3,9,8,5,1
2026-05-16T15:42:43.314,TRK,34.262153,-106.350544,11051.3,105.5,78.1,-64.2,3,10,9,6,2
2026-05-16T15:42:43.414,TRK,34.262151,-106.350462,11024.8,106.7,78.2,-58.0,3,11,10,7,3
2026-05-16T15:42:43.514,TRK,34.262139,-106.350450,11032.7,103.7,77.9,-54.8,3,8,7,4,0
2026-05-16T15:42:43.614,TRK,34.262164,-106.350415,11037.5,103.8,77.7,-58.6,3,8,7,4,0
2026-05-16T15:42:43.716,TRK,34.262162,-106.350382,11014.9,103.5,77.6,-59.5,3,6,5,2,0
2026-05-16T15:42:43.816,TRK,34.262178,-106.350377,11016.5,104.9,76.3,-57.4,3,10,9,6,2
2026-05-16T15:42:43.916,TRK,34.262186,-106.350327,11007.6,104.9,77.9,-56.1,3,9,8,5,1
2026-05-16T15:42:44.018,TRK,34.262172,-106.350301,11030.5,104.2,78.5,-56.4,3,9,8,5,1
2026-05-16T15:42:44.118,TRK,34.262176,-106.350234,11013.5,105.8,77.8,-57.1,3,10,9,6,2
2026-05-16T15:42:44.218,TRK,34.262196,-106.350203,10982.8,108.6,78.1,-55.0,3,9,8,5,1
2026-05-16T15:42:44.320,TRK,34.262200,-106.350182,10988.6,102.6,78.5,-61.5,3,10,9,6,2
2026-05-16T15:42:44.420,TRK,34.262207,-106.350174,10977.6,103.4,76.0,-58.3,3,8,7,4,0
2026-05-16T15:42:44.520,TRK,34.262211,-106.350159,10960.9,102.6,76.9,-62.0,3,9,8,5,1
2026-05-16T15:42:44.622,TRK,34.262219,-106.350092,10966.8,102.9,77.0,-62.5,3,11,10,7,3
2026-05-16T15:42:44.722,TRK,34.262227,-106.350036,10955.5,105.0,77.4,-58.7,3,8,7,4,0
2026-05-16T15:42:44.822,TRK,34.262251,-106.350036,10942.5,103.4,78.5,-56.3,3,7,6,3,0
2026-05-16T15:42:44.922,TRK,34.262222,-106.350014,10948.0,106.4,77.9,-59.4,3,12,11,8,4
2026-05-16T15:42:45.024,TRK,34.262243,-106.349925,10938.0,104.1,77.7,-60.4,3,10,9,6,2
2026-05-16T15:42:45.124,TRK,34.262241,-106.349906,10916.0,103.3,77.9,-64.7,3,8,7,4,0
2026-05-16T15:42:45.224,TRK,34.262260,-106.349857,10924.9,103.9,78.4,-57.9,3,10,9,6,2
2026-05-16T15:42:45.326,TRK,34.262271,-106.349876,10935.5,103.5,78.6,-59.3,3,10,9,6,2
2026-05-16T15:42:45.426,TRK,34.262282,-106.349806,10916.1,103.5,76.7,-69.0,3,9,8,5,1
2026-05-16T15:42:45.526,TRK,34.262256,-106.349788,10891.2,103.0,78.7,-62.4,3,9,8,5,1
2026-05-16T15:42:45.628,TRK,34.262284,-106.349747,10883.9,105.7,78.1,-63.2,3,8,7,4,0
2026-05-16T15:42:45.728,TRK,34.262283,-106.349719,10898.4,105.4,75.8,-65.4,3,8,7,4,0
2026-05-16T15:42:45.828,TRK,34.262291,-106.349667,10911.6,104.9,77.4,-53.6,3,9,8,5,1
2026-05-16T15:42:45.928,TRK,34.262290,-106.349668,10865.4,100.8,76.6,-60.6,3,10,9,6,2
2026-05-16T15:42:46.030,TRK,34.262320,-106.349632,10880.0,101.5,77.4,-62.1,3,11,10,7,3
2026-05-16T15:42:46.130,TRK,34.262322,-106.349570,10903.4,98.8,77.4,-65.2,3,11,10,7,3
2026-05-16T15:42:46.230,TRK,34.262316,-106.349522,10876.5,102.7,77.8,-56.0,3,7,6,3,0
2026-05-16T15:42:46.332,TRK,34.262338,-106.349495,10825.8,104.6,78.4,-57.0,3,7,6,3,0
2026-05-16T15:42:46.432,TRK,34.262319,-106.349489,10862.5,100.1,77.3,-67.4,3,9,8,5,1
2026-05-16T15:42:46.532,TRK,34.262351,-106.349468,10845.2,105.3,76.7,-60.4,3,7,6,3,0
2026-05-16T15:42:46.634,TRK,34.262335,-106.349414,10839.2,100.5,78.1,-55.9,3,8,7,4,0
2026-05-16T15:42:46.734,TRK,34.262344,-106.349386,10834.6,99.2,80.4,-60.8,3,7,6,3,0
2026-05-16T15:42:46.834,TRK,34.262376,-106.349348,10828.5,104.6,76.6,-58.0,3,8,7,4,0
2026-05-16T15:42:46.936,TRK,34.262367,-106.349320,10828.8,103.4,76.2,-64.6,3,6,5,2,0
2026-05-16T15:42:47.036,TRK,34.262339,-106.349273,10836.2,103.7,76.6,-63.1,3,8,7,4,0
2026-05-16T15:42:47.136,TRK,34.262384,-106.349227,10792.9,102.1,76.1,-64.8,3,7,6,3,0
2026-05-16T15:42:47.236,TRK,34.262386,-106.349215,10760.4,101.1,78.1,-57.5,3,12,11,8,4
2026-05-16T15:42:47.338,TRK,34.262381,-106.349183,10789.3,103.4,79.0,-52.7,3,8,7,4,0
2026-05-16T15:42:47.438,TRK,34.262397,-106.349134,10817.7,100.0,78.0,-59.4,3,10,9,6,2
2026-05-16T15:42:47.538,TRK,34.262398,-106.349104,10791.8,104.8,79.4,-51.2,3,9,8,5,1
2026-05-16T15:42:47.640,TRK,34.262390,-106.349091,10787.1,102.1,79.7,-54.0,3,11,10,7,3
2026-05-16T15:42:47.740,TRK,34.262392,-106.349040,10791.5,102.1,77.6,-60.6,3,9,8,5,1
2026-05-16T15:42:47.840,TRK,34.262407,-106.348999,10779.0,103.4,77.3,-61.8,3,8,7,4,0
2026-05-16T15:42:47.942,TRK,34.262430,-106.348979,10738.6,102.0,77.6,-61.7,3,10,9,6,2
2026-05-16T15:42:48.042,TRK,34.262416,-106.348944,10774.1,104.0,78.9,-57.1,3,9,8,5,1
2026-05-16T15:42:48.142,TRK,34.262416,-106.348911,10763.1,103.1,76.7,-57.6,3,10,9,6,2
2026-05-16T15:42:48.242,TRK,34.262426,-106.348906,10736.6,98.9,78.0,-66.3,3,9,8,5,1
2026-05-16T15:42:48.344,TRK,34.262448,-106.348874,10735.6,103.8,77.7,-55.1,3,7,6,3,0
2026-05-16T15:42:48.444,TRK,34.262452,-106.348796,10729.1,101.9,78.3,-60.4,3,9,8,5,1
2026-05-16T15:42:48.544,TRK,34.262458,-106.348801,10736.3,98.3,77.5,-62.5,3,10,9,6,2
2026-05-16T15:42:48.646,TRK,34.262453,-106.348727,10712.6,101.0,76.8,-57.8,3,6,5,2,0
2026-05-16T15:42:48.746,TRK,34.262467,-106.348688,10730.2,101.3,78.8,-57.6,3,12,11,8,4
2026-05-16T15:42:48.846,TRK,34.262455,-106.348658,10735.3,101.5,78.5,-58.6,3,8,7,4,0
2026-05-16T15:42:48.948,TRK,34.262461,-106.348653,10701.7,102.0,77.3,-60.7,3,9,8,5,1
2026-05-16T15:42:49.048,TRK,34.262475,-106.348610,10716.3,98.0,77.6,-60.9,3,10,9,6,2
2026-05-16T15:42:49.148,TRK,34.262481,-106.348566,10679.1,98.6,77.6,-49.9,3,7,6,3,0
2026-05-16T15:42:49.250,TRK,34.262486,-106.348533,10697.8,100.0,76.8,-64.5,3,9,8,5,1
2026-05-16T15:42:49.350,TRK,34.262480,-106.348490,10685.6,99.1,78.5,-56.7,3,10,9,6,2
2026-05-16T15:42:49.450,TRK,34.262505,-106.348473,10691.4,100.6,80.0,-59.9,3,8,7,4,0
2026-05-16T15:42:49.550,TRK,34.262497,-106.348434,10673.6,104.8,77.4,-62.6,3,10,9,6,2
2026-05-16T15:42:49.652,TRK,34.262506,-106.348426,10649.0,98.9,80.5,-56.7,3,12,11,8,4
2026-05-16T15:42:49.752,TRK,34.262506,-106.348384,10655.8,97.2,78.9,-64.9,3,8,7,4,0
2026-05-16T15:42:49.852,TRK,34.262517,-106.348339,10656.0,101.9,79.6,-60.7,3,8,7,4,0
2026-05-16T15:42:49.954,TRK,34.262517,-106.348287,10643.8,100.6,77.8,-54.4,3,9,8,5,1
2026-05-16T15:42:50.054,TRK,34.262513,-106.348273,10647.9,100.3,76.9,-58.8,3,9,8,5,1
2026-05-16T15:42:50.154,TRK,34.262548,-106.348240,10649.9,99.4,79.4,-56.3,3,9,8,5,1
2026-05-16T15:42:50.256,TRK,34.262560,-106.348212,10650.5,99.5,77.9,-64.3,3,10,9,6,2
2026-05-16T15:42:50.356,TRK,34.262546,-106.348175,10646.3,100.5,76.2,-62.3,3,10,9,6,2
2026-05-16T15:42:50.456,TRK,34.262551,-106.348153,10648.1,100.1,77.9,-53.2,3,7,6,3,0
2026-05-16T15:42:50.556,TRK,34.262545,-106.348118,10624.1,99.1,77.2,-67.0,3,9,8,5,1
2026-05-16T15:42:50.658,TRK,34.262555,-106.348095,10588.8,102.4,75.9,-60.8,3,10,9,6,2
2026-05-16T15:42:50.758,TRK,34.262571,-106.348045,10577.3,98.9,77.5,-59.1,3,9,8,5,1
2026-05-16T15:42:50.858,TRK,34.262585,-106.348041,10589.6,101.7,77.0,-57.6,3,10,9,6,2
2026-05-16T15:42:50.960,TRK,34.262567,-106.347984,10593.1,98.8,78.9,-62.0,3,11,10,7,3
2026-05-16T15:42:51.060,TRK,34.262591,-106.347933,10593.9,102.6,77.9,-57.8,3,9,8,5,1
2026-05-16T15:42:51.160,TRK,34.262604,-106.347931,10571.3,102.2,77.9,-57.3,3,11,10,7,3
2026-05-16T15:42:51.262,TRK,34.262607,-106.347897,10581.8,98.6,77.5,-53.4,3,10,9,6,2
2026-05-16T15:42:51.362,TRK,34.262615,-106.347859,10574.9,100.3,77.4,-58.7,3,9,8,5,1
2026-05-16T15:42:51.462,TRK,34.262607,-106.347844,10549.6,97.3,78.6,-59.5,3,10,9,6,2
2026-05-16T15:42:51.564,TRK,34.262605,-106.347787,10549.1,98.5,77.4,-53.6,3,9,8,5,1
2026-05-16T15:42:51.664,TRK,34.262617,-106.347771,10556.5,100.8,78.4,-62.3,3,8,7,4,0
2026-05-16T15:42:51.764,TRK,34.262632,-106.347749,10554.5,98.5,77.5,-60.7,3,9,8,5,1
2026-05-16T15:42:51.864,TRK,34.262629,-106.347703,10541.9,97.4,76.4,-64.6,3,10,9,6,2
2026-05-16T15:42:51.966,TRK,34.262647,-106.347680,10507.9,99.1,78.4,-59.7,3,10,9,6,2
2026-05-16T15:42:52.066,TRK,34.262643,-106.347630,10514.4,98.5,77.4,-57.8,3,7,6,3,0
2026-05-16T15:42:52.166,TRK,34.262657,-106.347605,10522.4,100.7,78.2,-59.7,3,8,7,4,0
2026-05-16T15:42:52.268,TRK,34.262668,-106.347583,10513.0,100.3,78.1,-60.7,3,8,7,4,0
2026-05-16T15:42:52.368,TRK,34.262685,-106.347566,10507.6,98.8,78.7,-59.0,3,7,6,3,0
2026-05-16T15:42:52.468,TRK,34.262676,-106.347491,10499.3,100.1,79.1,-59.8,3,8,7,4,0
2026-05-16T15:42:52.570,TRK,34.262667,-106.347465,10476.9,99.8,78.1,-51.9,3,10,9,6,2
2026-05-16T15:42:52.670,TRK,34.262692,-106.347451,10461.6,97.3,77.1,-55.3,3,11,10,7,3
2026-05-16T15:42:52.770,TRK,34.262685,-106.347399,10476.5,101.2,77.4,-56.1,3,9,8,5,1
2026-05-16T15:42:52.870,TRK,34.262699,-106.347384,10480.9,99.9,77.3,-62.1,3,11,10,7,3
2026-05-16T15:42:52.972,TRK,34.262721,-106.347337,10468.5,97.9,77.9,-60.8,3,7,6,3,0
2026-05-16T15:42:53.072,TRK,34.262698,-106.347310,10446.3,97.2,77.8,-64.4,3,10,9,6,2
2026-05-16T15:42:53.172,TRK,34.262706,-106.347293,10452.8,99.6,78.6,-58.2,3,8,7,4,0
2026-05-16T15:42:53.274,TRK,34.262724,-106.347255,10434.1,98.4,79.3,-57.9,3,6,5,2,0
2026-05-16T15:42:53.374,TRK,34.262719,-106.347212,10432.1,99.7,78.0,-61.7,3,10,9,6,2
2026-05-16T15:42:53.474,TRK,34.262724,-106.347154,10434.1,99.2,80.1,-60.5,3,9,8,5,1
2026-05-16T15:42:53.576,TRK,34.262717,-106.347150,10453.0,98.1,78.9,-59.1,3,9,8,5,1
2026-05-16T15:42:53.676,TRK,34.262728,-106.347113,10415.0,97.4,76.6,-57.3,3,9,8,5,1
2026-05-16T15:42:53.776,TRK,34.262740,-106.347093,10442.9,98.4,78.6,-61.2,3,9,8,5,1
2026-05-16T15:42:53.878,TRK,34.262742,-106.347070,10423.7,98.9,76.7,-62.8,3,8,7,4,0
2026-05-16T15:42:53.978,TRK,34.262769,-106.346989,10401.0,98.0,77.1,-56.1,3,6,5,2,0
2026-05-16T15:42:54.078,TRK,34.262789,-106.346993,10406.8,97.1,76.7,-57.8,3,13,12,9,5
2026-05-16T15:42:54.178,TRK,34.262785,-106.346972,10411.0,95.7,78.6,-60.0,3,9,8,5,1
2026-05-16T15:42:54.280,TRK,34.262781,-106.346923,10377.4,96.2,79.4,-57.2,3,9,8,5,1
2026-05-16T15:42:54.380,TRK,34.262786,-106.346904,10374.0,96.5,77.8,-61.7,3,10,9,6,2
2026-05-16T15:42:54.480,TRK,34.262783,-106.346868,10401.3,99.1,77.2,-61.7,3,8,7,4,0
2026-05-16T15:42:54.582,TRK,34.262808,-106.346825,10370.2,97.3,77.3,-55.9,3,9,8,5,1
2026-05-16T15:42:54.682,TRK,34.262800,-106.346825,10365.7,94.2,78.3,-67.0,3,10,9,6,2
2026-05-16T15:42:54.782,TRK,34.262808,-106.346758,10347.3,95.9,79.0,-56.7,3,8,7,4,0
2026-05-16T15:42:54.884,TRK,34.262806,-106.346723,10338.8,96.4,78.7,-61.1,3,10,9,6,2
2026-05-16T15:42:54.984,TRK,34.262803,-106.346705,10326.4,95.4,78.3,-62.6,3,11,10,7,3
2026-05-16T15:42:55.084,TRK,34.262830,-106.346679,10330.4,98.7,79.2,-55.6,3,10,9,6,2
2026-05-16T15:42:55.184,TRK,34.262823,-106.346671,10311.5,97.9,78.0,-57.6,3,11,10,7,3
2026-05-16T15:42:55.286,TRK,34.262837,-106.346606,10337.0,96.8,76.8,-60.1,3,10,9,6,2
2026-05-16T15:42:55.386,TRK,34.262855,-106.346573,10326.7,97.3,77.5,-55.7,3,11,10,7,3
2026-05-16T15:42:55.486,TRK,34.262845,-106.346545,10314.4,98.6,76.5,-59.6,3,8,7,4,0
2026-05-16T15:42:55.588,TRK,34.262846,-106.346519,10325.4,94.6,76.7,-60.9,3,10,9,6,2
2026-05-16T15:42:55.688,TRK,34.262873,-106.346509,10313.5,94.8,77.0,-66.4,3,10,9,6,2
2026-05-16T15:42:55.788,TRK,34.262855,-106.346440,10319.7,98.7,77.0,-56.8,3,8,7,4,0
2026-05-16T15:42:55.890,TRK,34.262867,-106.346429,10271.1,98.7,75.9,-59.0,3,11,10,7,3
2026-05-16T15:42:55.990,TRK,34.262857,-106.346408,10300.5,95.5,76.5,-60.6,3,9,8,5,1
2026-05-16T15:42:56.090,TRK,34.262861,-106.346384,10283.5,95.8,78.8,-60.8,3,6,5,2,0
2026-05-16T15:42:56.192,TRK,34.262893,-106.346324,10280.9,94.4,77.6,-54.2,3,11,10,7,3
2026-05-16T15:42:56.292,TRK,34.262898,-106.346304,10276.6,94.1,78.2,-60.5,3,10,9,6,2
2026-05-16T15:42:56.392,TRK,34.262872,-106.346257,10263.8,96.2,77.5,-61.0,3,10,9,6,2
2026-05-16T15:42:56.492,TRK,34.262909,-106.346228,10264.3,96.1,78.1,-62.0,3,8,7,4,0
2026-05-16T15:42:56.594,TRK,34.262922,-106.346189,10294.8,94.3,77.4,-59.8,3,7,6,3,0
2026-05-16T15:42:56.694,TRK,34.262918,-106.346174,10261.0,96.4,77.9,-57.2,3,10,9,6,2
2026-05-16T15:42:56.794,TRK,34.262883,-106.346144,10261.3,96.9,79.6,-58.3,3,10,9,6,2
2026-05-16T15:42:56.896,TRK,34.262936,-106.346102,10243.2,94.9,77.4,-54.8,3,9,8,5,1
2026-05-16T15:42:56.996,TRK,34.262901,-106.346059,10237.4,94.6,76.8,-52.4,3,12,11,8,4
2026-05-16T15:42:57.096,TRK,34.262937,-106.346046,10218.9,97.9,78.0,-48.6,3,10,9,6,2
2026-05-16T15:42:57.198,TRK,34.262919,-106.346006,10225.4,97.9,76.6,-56.3,3,8,7,4,0
2026-05-16T15:42:57.298,TRK,34.262933,-106.345970,10219.6,95.6,79.8,-52.6,3,11,10,7,3
2026-05-16T15:42:57.398,TRK,34.262948,-106.345942,10188.9,94.3,77.8,-58.3,3,8,7,4,0
2026-05-16T15:42:57.498,TRK,34.262965,-106.345917,10185.7,95.0,77.7,-54.5,3,10,9,6,2
2026-05-16T15:42:57.600,TRK,34.262952,-106.345908,10187.7,93.6,76.7,-57.9,3,10,9,6,2
2026-05-16T15:42:57.700,TRK,34.262958,-106.345823,10193.8,91.6,77.3,-65.5,3,9,8,5,1
2026-05-16T15:42:57.800,TRK,34.262962,-106.345828,10195.7,95.8,79.1,-61.7,3,9,8,5,1
2026-05-16T15:42:57.902,TRK,34.262963,-106.345797,10194.7,95.6,78.6,-58.3,3,8,7,4,0
2026-05-16T15:42:58.002,TRK,34.262962,-106.345773,10179.8,92.9,79.5,-58.4,3,12,11,8,4
2026-05-16T15:42:58.102,TRK,34.262981,-106.345751,10189.9,95.1,78.6,-62.7,3,9,8,5,1
2026-05-16T15:42:58.204,TRK,34.262978,-106.345711,10157.5,93.6,77.1,-65.5,3,9,8,5,1
2026-05-16T15:42:58.304,TRK,34.262994,-106.345652,10171.4,94.4,78.3,-58.3,3,7,6,3,0
2026-05-16T15:42:58.404,TRK,34.262999,-106.345630,10163.2,93.8,79.0,-60.7,3,10,9,6,2
2026-05-16T15:42:58.506,TRK,34.263009,-106.345585,10141.1,94.1,78.0,-58.1,3,7,6,3,0
2026-05-16T15:42:58.606,TRK,34.263019,-106.345579,10129.4,94.9,78.6,-53.1,3,7,6,3,0
2026-05-16T15:42:58.706,TRK,34.262998,-106.345551,10119.0,91.4,77.4,-60.8,3,8,7,4,0
2026-05-16T15:42:58.806,TRK,34.263045,-106.345508,10111.8,93.4,79.0,-57.4,3,11,10,7,3
2026-05-16T15:42:58.908,TRK,34.263009,-106.345497,10121.3,97.2,78.1,-56.6,3,8,7,4,0
2026-05-16T15:42:59.008,TRK,34.263014,-106.345463,10102.4,93.1,77.7,-57.9,3,9,8,5,1
2026-05-16T15:42:59.108,TRK,34.263023,-106.345427,10089.9,93.2,75.8,-53.6,3,9,8,5,1
2026-05-16T15:42:59.210,TRK,34.263029,-106.345379,10107.1,92.8,77.3,-56.5,3,6,5,2,0
2026-05-16T15:42:59.310,TRK,34.263044,-106.345347,10103.0,96.1,75.7,-67.9,3,10,9,6,2
2026-05-16T15:42:59.410,TRK,34.263044,-106.345340,10092.6,94.2,77.5,-59.0,3,12,11,8,4
2026-05-16T15:42:59.512,TRK,34.263071,-106.345288,10118.7,95.0,79.3,-60.2,3,10,9,6,2
2026-05-16T15:42:59.612,TRK,34.263082,-106.345276,10090.4,96.7,78.3,-64.7,3,9,8,5,1
2026-05-16T15:42:59.712,TRK,34.263075,-106.345233,10075.7,94.8,77.3,-55.2,3,8,7,4,0
2026-05-16T15:42:59.812,TRK,34.263084,-106.345226,10054.2,91.5,76.5,-61.0,3,10,9,6,2
2026-05-16T15:42:59.914,TRK,34.263076,-106.345163,10077.5,94.0,77.4,-57.8,3,8,7,4,0
2026-05-16T15:43:00.014,TRK,34.263108,-106.345123,10050.4,94.7,77.3,-57.3,3,11,10,7,3
2026-05-16T15:43:00.114,TRK,34.263087,-106.345124,10045.4,93.6,77.9,-59.3,3,7,6,3,0
2026-05-16T15:43:00.216,TRK,34.263100,-106.345112,10046.6,96.6,78.7,-49.1,3,8,7,4,0
2026-05-16T15:43:00.316,TRK,34.263092,-106.345059,10024.5,91.1,78.4,-60.5,3,9,8,5,1
2026-05-16T15:43:00.416,TRK,34.263115,-106.345047,10044.2,93.2,77.5,-62.3,3,8,7,4,0
2026-05-16T15:43:00.518,TRK,34.263115,-106.344965,10037.9,93.1,78.0,-53.4,3,8,7,4,0
2026-05-16T15:43:00.618,TRK,34.263108,-106.344984,10033.3,94.6,77.8,-60.1,3,9,8,5,1
2026-05-16T15:43:00.718,TRK,34.263138,-106.344909,10021.5,95.8,77.2,-56.9,3,8,7,4,0
2026-05-16T15:43:00.820,TRK,34.263151,-106.344919,10006.5,93.7,78.3,-56.1,3,8,7,4,0
2026-05-16T15:43:00.920,TRK,34.263128,-106.344866,10002.8,90.1,76.2,-63.1,3,8,7,4,0
2026-05-16T15:43:01.020,TRK,34.263146,-106.344862,9992.5,95.0,79.5,-58.8,3,8,7,4,0
2026-05-16T15:43:01.120,TRK,34.263149,-106.344801,9997.2,93.6,78.3,-57.5,3,9,8,5,1
2026-05-16T15:43:01.222,TRK,34.263140,-106.344808,9995.1,92.6,76.8,-61.5,3,12,11,8,4
2026-05-16T15:43:01.322,TRK,34.263148,-106.344756,9987.8,91.6,78.3,-58.1,3,7,6,3,0
2026-05-16T15:43:01.422,TRK,34.263163,-106.344722,9985.5,90.7,80.3,-62.0,3,8,7,4,0
2026-05-16T15:43:01.524,TRK,34.263155,-106.344713,9943.7,92.9,79.2,-63.0,3,8,7,4,0
2026-05-16T15:43:01.624,TRK,34.263174,-106.344657,9927.1,92.6,77.0,-59.4,3,10,9,6,2
2026-05-16T15:43:01.724,TRK,34.263205,-106.344644,9970.0,90.2,77.7,-60.5,3,12,11,8,4
2026-05-16T15:43:01.826,TRK,34.263186,-106.344619,9920.5,92.7,76.9,-58.4,3,8,7,4,0
2026-05-16T15:43:01.926,TRK,34.263193,-106.344581,9931.4,92.4,77.1,-57.3,3,11,10,7,3
2026-05-16T15:43:02.026,TRK,34.263188,-106.344546,9928.1,96.5,77.8,-65.8,3,10,9,6,2
2026-05-16T15:43:02.126,TRK,34.263205,-106.344517,9943.9,92.7,77.6,-65.4,3,7,6,3,0
2026-05-16T15:43:02.228,TRK,34.263202,-106.344475,9939.3,91.6,78.1,-59.3,3,8,7,4,0
2026-05-16T15:43:02.328,TRK,34.263201,-106.344475,9900.4,90.8,78.2,-57.6,3,9,8,5,1
2026-05-16T15:43:02.428,TRK,34.263213,-106.344431,9922.3,91.7,78.0,-57.7,3,9,8,5,1
2026-05-16T15:43:02.530,TRK,34.263211,-106.344392,9919.9,91.3,77.5,-54.4,3,10,9,6,2
2026-05-16T15:43:02.630,TRK,34.263224,-106.344357,9896.0,88.7,78.3,-62.1,3,9,8,5,1
2026-05-16T15:43:02.730,TRK,34.263214,-106.344331,9915.3,88.8,77.1,-63.5,3,8,7,4,0
2026-05-16T15:43:02.832,TRK,34.263232,-106.344330,9897.7,90.3,81.0,-62.3,3,9,8,5,1
2026-05-16T15:43:02.932,TRK,34.263225,-106.344259,9881.7,93.1,76.1,-58.0,3,8,7,4,0
2026-05-16T15:43:03.032,TRK,34.263255,-106.344254,9871.6,92.0,77.6,-60.0,3,7,6,3,0
2026-05-16T15:43:03.134,TRK,34.263240,-106.344183,9865.9,91.5,79.5,-58.4,3,7,6,3,0
2026-05-16T15:43:03.234,TRK,34.263254,-106.344168,9864.1,91.8,76.9,-61.8,3,9,8,5,1
2026-05-16T15:43:03.334,TRK,34.263256,-106.344154,9872.3,92.0,77.5,-52.3,3,8,7,4,0
2026-05-16T15:43:03.434,TRK,34.263272,-106.344138,9866.8,91.3,78.7,-58.0,3,9,8,5,1
2026-05-16T15:43:03.536,TRK,34.263246,-106.344085,9829.3,89.9,79.1,-58.0,3,7,6,3,0
2026-05-16T15:43:03.636,TRK,34.263252,-106.344059,9870.8,92.9,78.6,-60.6,3,10,9,6,2
2026-05-16T15:43:03.736,TRK,34.263294,-106.344053,9831.0,91.5,78.1,-57.9,3,9,8,5,1
2026-05-16T15:43:03.838,TRK,34.263292,-106.344022,9837.2,89.8,79.1,-60.9,3,10,9,6,2
2026-05-16T15:43:03.938,TRK,34.263294,-106.343978,9810.1,94.7,78.6,-59.3,3,10,9,6,2
2026-05-16T15:43:04.038,TRK,34.263294,-106.343973,9805.7,88.7,77.8,-54.4,3,10,9,6,2
2026-05-16T15:43:04.138,TRK,34.263311,-106.343931,9807.3,91.6,79.6,-59.0,3,7,6,3,0
2026-05-16T15:43:04.238,TRK,34.263310,-106.343895,9813.5,92.1,79.3,-59.6,3,10,9,6,2
2026-05-16T15:43:04.338,TRK,34.263331,-106.343864,9812.7,92.7,76.5,-56.1,3,10,9,6,2
2026-05-16T15:43:04.438,TRK,34.263313,-106.343829,9783.9,90.4,79.3,-63.0,3,9,8,5,1
2026-05-16T15:43:04.538,TRK,34.263332,-106.343792,9774.4,90.3,77.8,-53.5,3,10,9,6,2
2026-05-16T15:43:04.638,TRK,34.263349,-106.343792,9784.2,91.7,78.3,-51.9,3,10,9,6,2
2026-05-16T15:43:04.738,TRK,34.263331,-106.343750,9773.8,86.8,76.9,-56.3,3,8,7,4,0
2026-05-16T15:43:04.838,TRK,34.263347,-106.343708,9754.9,89.6,79.6,-59.6,3,10,9,6,2
2026-05-16T15:43:04.938,TRK,34.263338,-106.343696,9778.4,87.5,77.5,-63.5,3,10,9,6,2
2026-05-16T15:43:05.038,TRK,34.263343,-106.343647,9748.1,93.0,77.4,-53.4,3,9,8,5,1
2026-05-16T15:43:05.138,TRK,34.263352,-106.343620,9755.1,86.8,77.0,-53.6,3,9,8,5,1
2026-05-16T15:43:05.238,TRK,34.263371,-106.343614,9741.1,89.2,78.1,-65.4,3,8,7,4,0
2026-05-16T15:43:05.338,TRK,34.263365,-106.343579,9729.8,87.4,78.9,-59.5,3,7,6,3,0
2026-05-16T15:43:05.438,TRK,34.263376,-106.343525,9726.7,86.8,77.1,-61.6,3,7,6,3,0
2026-05-16T15:43:05.538,TRK,34.263372,-106.343517,9736.5,91.9,78.7,-65.1,3,8,7,4,0
2026-05-16T15:43:05.638,TRK,34.263402,-106.343503,9722.0,89.1,77.0,-58.8,3,9,8,5,1
2026-05-16T15:43:05.738,TRK,34.263404,-106.343451,9727.6,90.1,79.7,-58.2,3,10,9,6,2
2026-05-16T15:43:05.838,TRK,34.263397,-106.343421,9706.7,91.0,77.9,-59.9,3,7,6,3,0
2026-05-16T15:43:05.938,TRK,34.263387,-106.343403,9709.1,88.7,79.8,-60.2,3,6,5,2,0
2026-05-16T15:43:06.038,TRK,34.263393,-106.343380,9703.5,89.9,79.1,-54.7,3,10,9,6,2
2026-05-16T15:43:06.138,TRK,34.263401,-106.343314,9717.0,89.6,79.3,-54.0,3,8,7,4,0
2026-05-16T15:43:06.238,TRK,34.263414,-106.343306,9695.5,87.2,78.5,-54.8,3,11,10,7,3
2026-05-16T15:43:06.338,TRK,34.263425,-106.343298,9664.5,86.4,79.0,-61.7,3,8,7,4,0
2026-05-16T15:43:06.438,TRK,34.263407,-106.343270,9678.2,87.7,77.4,-62.9,3,8,7,4,0
2026-05-16T15:43:06.538,TRK,34.263405,-106.343213,9674.3,90.6,76.7,-51.9,3,7,6,3,0
2026-05-16T15:43:06.638,TRK,34.263440,-106.343177,9667.6,93.1,76.7,-59.4,3,10,9,6,2
2026-05-16T15:43:06.738,TRK,34.263450,-106.343168,9659.2,88.6,78.1,-54.5,3,8,7,4,0
2026-05-16T15:43:06.838,TRK,34.263432,-106.343138,9667.1,89.4,75.9,-62.7,3,9,8,5,1
2026-05-16T15:43:06.938,TRK,34.263435,-106.343132,9654.8,87.7,79.4,-59.3,3,7,6,3,0
2026-05-16T15:43:07.038,TRK,34.263443,-106.343076,9647.0,88.3,79.5,-56.2,3,11,10,7,3
2026-05-16T15:43:07.138,TRK,34.263447,-106.343057,9641.4,89.5,79.1,-54.1,3,9,8,5,1
2026-05-16T15:43:07.238,TRK,34.263480,-106.343038,9626.8,85.6,78.0,-62.1,3,10,9,6,2
2026-05-16T15:43:07.338,TRK,34.263475,-106.343032,9637.8,84.3,76.5,-62.2,3,8,7,4,0
2026-05-16T15:43:07.438,TRK,34.263475,-106.342967,9597.7,89.3,77.8,-56.5,3,10,9,6,2
2026-05-16T15:43:07.538,TRK,34.263460,-106.342941,9595.3,86.3,79.3,-59.4,3,10,9,6,2
2026-05-16T15:43:07.638,TRK,34.263478,-106.342887,9614.8,85.2,79.0,-58.5,3,10,9,6,2
2026-05-16T15:43:07.738,TRK,34.263470,-106.342902,9587.7,84.8,76.7,-55.6,3,11,10,7,3
2026-05-16T15:43:07.838,TRK,34.263471,-106.342864,9590.7,88.6,79.6,-59.1,3,8,7,4,0
2026-05-16T15:43:07.938,TRK,34.263492,-106.342830,9600.6,87.2,78.6,-57.1,3,9,8,5,1
2026-05-16T15:43:08.038,TRK,34.263484,-106.342792,9586.2,88.8,78.4,-59.2,3,10,9,6,2
2026-05-16T15:43:08.138,TRK,34.263529,-106.342772,9579.0,89.8,78.1,-50.3,3,11,10,7,3
2026-05-16T15:43:08.238,TRK,34.263515,-106.342735,9583.8,86.0,77.6,-53.9,3,8,7,4,0
2026-05-16T15:43:08.338,TRK,34.263506,-106.342695,9576.2,85.6,77.4,-60.4,3,9,8,5,1
2026-05-16T15:43:08.438,TRK,34.263531,-106.342666,9546.9,86.7,78.3,-63.1,3,10,9,6,2
2026-05-16T15:43:08.538,TRK,34.263525,-106.342658,9565.0,88.8,78.7,-55.4,3,8,7,4,0
2026-05-16T15:43:08.638,TRK,34.263545,-106.342601,9553.1,89.3,77.2,-58.9,3,10,9,6,2
2026-05-16T15:43:08.738,TRK,34.263537,-106.342625,9545.6,87.4,78.8,-56.5,3,10,9,6,2
2026-05-16T15:43:08.838,TRK,34.263552,-106.342562,9545.1,89.7,78.0,-62.4,3,11,10,7,3
2026-05-16T15:43:08.938,TRK,34.263562,-106.342540,9542.2,88.2,78.8,-57.3,3,9,8,5,1
2026-05-16T15:43:09.038,TRK,34.263545,-106.342518,9539.5,83.0,77.6,-61.2,3,9,8,5,1
2026-05-16T15:43:09.138,TRK,34.263563,-106.342488,9517.6,86.7,77.0,-59.4,3,8,7,4,0
2026-05-16T15:43:09.238,TRK,34.263564,-106.342451,9498.0,87.3,77.6,-66.3,3,10,9,6,2
2026-05-16T15:43:09.338,TRK,34.263552,-106.342424,9490.3,87.6,77.6,-57.6,3,8,7,4,0
2026-05-16T15:43:09.438,TRK,34.263591,-106.342390,9507.3,86.2,77.7,-62.6,3,10,9,6,2
2026-05-16T15:43:09.538,TRK,34.263589,-106.342373,9476.9,84.8,78.3,-59.5,3,8,7,4,0
2026-05-16T15:43:09.638,TRK,34.263590,-106.342347,9478.8,86.9,77.9,-58.7,3,8,7,4,0
2026-05-16T15:43:09.738,TRK,34.263591,-106.342318,9470.3,84.4,78.9,-60.3,3,8,7,4,0
2026-05-16T15:43:09.838,TRK,34.263596,-106.342287,9452.0,90.8,78.5,-57.0,3,9,8,5,1
2026-05-16T15:43:09.938,TRK,34.263592,-106.342258,9465.3,87.4,78.6,-62.7,3,10,9,6,2
2026-05-16T15:43:10.038,TRK,34.263630,-106.342219,9469.2,85.5,78.5,-56.8,3,8,7,4,0
2026-05-16T15:43:10.138,TRK,34.263607,-106.342199,9438.5,86.1,78.9,-58.7,3,8,7,4,0
2026-05-16T15:43:10.238,TRK,34.263611,-106.342184,9439.5,85.5,79.4,-60.0,3,9,8,5,1
2026-05-16T15:43:10.338,TRK,34.263622,-106.342174,9456.0,86.9,79.0,-63.2,3,8,7,4,0
2026-05-16T15:43:10.438,TRK,34.263612,-106.342126,9465.1,87.8,75.5,-54.1,3,9,8,5,1
2026-05-16T15:43:10.538,TRK,34.263638,-106.342073,9443.9,85.5,77.6,-58.1,3,7,6,3,0
2026-05-16T15:43:10.638,TRK,34.263621,-106.342086,9434.4,89.2,77.1,-59.2,3,6,5,2,0
2026-05-16T15:43:10.738,TRK,34.263636,-106.342039,9456.6,86.3,77.4,-54.9,3,10,9,6,2
2026-05-16T15:43:10.838,TRK,34.263627,-106.341981,9411.3,84.6,76.0,-52.7,3,8,7,4,0
2026-05-16T15:43:10.938,TRK,34.263640,-106.341977,9424.7,86.4,78.6,-55.5,3,9,8,5,1
2026-05-16T15:43:11.038,TRK,34.263670,-106.341967,9404.7,88.0,78.9,-58.8,3,10,9,6,2
2026-05-16T15:43:11.138,TRK,34.263638,-106.341933,9396.3,83.7,79.1,-58.3,3,5,4,1,0
2026-05-16T15:43:11.238,TRK,34.263662,-106.341888,9409.8,85.0,79.8,-57.0,3,9,8,5,1
2026-05-16T15:43:11.338,TRK,34.263668,-106.341894,9380.4,86.2,76.9,-55.2,3,9,8,5,1
2026-05-16T15:43:11.438,TRK,34.263667,-106.341832,9402.8,88.5,77.3,-63.5,3,6,5,2,0
2026-05-16T15:43:11.538,TRK,34.263666,-106.341830,9382.6,85.6,78.3,-62.4,3,10,9,6,2
2026-05-16T15:43:11.638,TRK,34.263702,-106.341768,9386.2,85.0,77.9,-64.4,3,10,9,6,2
2026-05-16T15:43:11.738,TRK,34.263681,-106.341737,9384.9,86.8,80.3,-51.0,3,11,10,7,3
2026-05-16T15:43:11.838,TRK,34.263694,-106.341760,9346.8,84.9,80.7,-57.7,3,9,8,5,1
2026-05-16T15:43:11.938,TRK,34.263702,-106.341716,9359.4,85.7,79.1,-62.8,3,14,13,10,6
2026-05-16T15:43:12.038,TRK,34.263698,-106.341681,9350.6,83.5,79.6,-56.9,3,9,8,5,1
2026-05-16T15:43:12.138,TRK,34.263703,-106.341655,9342.7,86.4,78.4,-56.3,3,8,7,4,0
2026-05-16T15:43:12.238,TRK,34.263700,-106.341625,9348.7,85.1,78.6,-54.6,3,8,7,4,0
2026-05-16T15:43:12.338,TRK,34.263703,-106.341593,9338.4,82.5,79.1,-61.0,3,9,8,5,1
2026-05-16T15:43:12.438,TRK,34.263705,-106.341545,9301.2,84.0,77.8,-59.8,3,9,8,5,1
2026-05-16T15:43:12.538,TRK,34.263709,-106.341528,9323.4,84.1,77.8,-61.1,3,9,8,5,1
2026-05-16T15:43:12.638,TRK,34.263719,-106.341504,9325.4,84.2,80.1,-54.3,3,8,7,4,0
2026-05-16T15:43:12.738,TRK,34.263729,-106.341497,9297.2,84.9,79.3,-54.1,3,7,6,3,0
2026-05-16T15:43:12.838,TRK,34.263749,-106.341460,9302.5,84.2,79.0,-60.3,3,9,8,5,1
2026-05-16T15:43:12.938,TRK,34.263750,-106.341433,9302.9,87.0,79.2,-61.7,3,11,10,7,3
2026-05-16T15:43:13.038,TRK,34.263734,-106.341404,9301.4,85.8,79.0,-53.7,3,8,7,4,0
2026-05-16T15:43:13.138,TRK,34.263758,-106.341374,9292.7,82.5,80.1,-57.3,3,7,6,3,0
2026-05-16T15:43:13.238,TRK,34.263756,-106.341345,9287.3,87.2,77.1,-60.0,3,7,6,3,0
2026-05-16T15:43:13.338,TRK,34.263770,-106.341317,9300.2,83.6,79.6,-64.4,3,8,7,4,0
2026-05-16T15:43:13.438,TRK,34.263759,-106.341293,9246.5,82.6,77.1,-55.3,3,9,8,5,1
2026-05-16T15:43:13.538,TRK,34.263782,-106.341279,9264.8,83.7,76.5,-50.9,3,9,8,5,1
2026-05-16T15:43:13.638,TRK,34.263755,-106.341237,9267.9,84.7,78.6,-57.7,3,11,10,7,3
2026-05-16T15:43:13.738,TRK,34.263752,-106.341214,9263.6,80.3,79.0,-61.3,3,8,7,4,0
2026-05-16T15:43:13.838,TRK,34.263787,-106.341174,9251.2,81.5,77.9,-57.7,3,12,11,8,4
2026-05-16T15:43:13.938,TRK,34.263785,-106.341154,9243.0,82.1,78.8,-61.0,3,8,7,4,0
2026-05-16T15:43:14.038,TRK,34.263801,-106.341133,9242.6,83.5,80.4,-53.9,3,9,8,5,1
2026-05-16T15:43:14.138,TRK,34.263787,-106.341110,9202.9,82.1,75.7,-53.6,3,3,2,0,0
2026-05-16T15:43:14.238,TRK,34.263793,-106.341093,9226.5,82.6,77.5,-54.5,3,11,10,7,3
2026-05-16T15:43:14.338,TRK,34.263819,-106.341019,9223.1,84.1,80.3,-60.1,3,9,8,5,1
2026-05-16T15:43:14.438,TRK,34.263799,-106.341028,9204.1,85.1,79.3,-57.9,3,12,11,8,4
2026-05-16T15:43:14.538,TRK,34.263820,-106.340968,9209.6,83.4,76.9,-58.9,3,9,8,5,1
2026-05-16T15:43:14.638,TRK,34.263801,-106.340965,9193.4,82.5,79.1,-60.0,3,9,8,5,1
2026-05-16T15:43:14.738,TRK,34.263824,-106.340944,9206.0,82.4,78.1,-59.5,3,9,8,5,1
2026-05-16T15:43:14.838,TRK,34.263827,-106.340920,9206.5,82.9,77.8,-59.3,3,11,10,7,3
2026-05-16T15:43:14.938,TRK,34.263852,-106.340900,9184.9,83.0,80.1,-67.0,3,7,6,3,0
2026-05-16T15:43:15.038,TRK,34.263853,-106.340850,9175.0,84.6,77.9,-54.7,3,11,10,7,3
2026-05-16T15:43:15.138,TRK,34.263866,-106.340839,9169.4,84.1,78.8,-56.6,3,6,5,2,0
2026-05-16T15:43:15.238,TRK,34.263855,-106.340796,9166.6,84.0,76.9,-58.0,3,10,9,6,2
2026-05-16T15:43:15.338,TRK,34.263865,-106.340779,9155.9,81.7,78.2,-56.9,3,8,7,4,0
2026-05-16T15:43:15.438,TRK,34.263867,-106.340753,9157.9,84.1,81.6,-56.5,3,10,9,6,2
2026-05-16T15:43:15.538,TRK,34.263876,-106.340727,9155.1,79.9,79.6,-58.9,3,7,6,3,0
2026-05-16T15:43:15.638,TRK,34.263856,-106.340707,9146.7,83.0,78.0,-60.2,3,12,11,8,4
2026-05-16T15:43:15.738,TRK,34.263879,-106.340648,9145.0,80.6,77.7,-53.2,3,10,9,6,2
2026-05-16T15:43:15.838,TRK,34.263856,-106.340634,9130.0,81.1,76.8,-59.0,3,9,8,5,1
2026-05-16T15:43:15.938,TRK,34.263877,-106.340615,9122.5,77.6,79.9,-49.9,3,8,7,4,0
2026-05-16T15:43:16.038,TRK,34.263883,-106.340574,9134.1,81.7,79.8,-58.2,3,7,6,3,0
2026-05-16T15:43:16.138,TRK,34.263884,-106.340580,9107.7,83.3,77.6,-56.4,3,9,8,5,1
2026-05-16T15:43:16.238,TRK,34.263900,-106.340545,9104.8,80.4,79.0,-57.8,3,10,9,6,2
2026-05-16T15:43:16.338,TRK,34.263917,-106.340529,9092.6,80.8,78.1,-63.4,3,9,8,5,1
2026-05-16T15:43:16.438,TRK,34.263905,-106.340479,9099.8,82.3,76.8,-58.2,3,10,9,6,2
2026-05-16T15:43:16.538,TRK,34.263904,-106.340459,9083.1,76.5,78.7,-56.9,3,9,8,5,1
2026-05-16T15:43:16.638,TRK,34.263904,-106.340430,9062.2,81.0,76.1,-56.3,3,11,10,7,3
2026-05-16T15:43:16.738,TRK,34.263915,-106.340402,9083.0,80.6,78.8,-56.8,3,9,8,5,1
2026-05-16T15:43:16.838,TRK,34.263918,-106.340387,9082.8,81.7,79.6,-58.8,3,6,5,2,0
2026-05-16T15:43:16.938,TRK,34.263931,-106.340337,9097.6,85.3,78.4,-54.0,3,10,9,6,2
2026-05-16T15:43:17.038,TRK,34.263936,-106.340333,9067.8,81.5,79.3,-62.3,3,12,11,8,4
2026-05-16T15:43:17.138,TRK,34.263936,-106.340319,9050.8,85.5,78.3,-54.9,3,10,9,6,2
2026-05-16T15:43:17.238,TRK,34.263945,-106.340272,9053.9,79.5,79.8,-51.3,3,9,8,5,1
2026-05-16T15:43:17.338,TRK,34.263962,-106.340245,9050.4,84.4,78.9,-54.0,3,10,9,6,2
2026-05-16T15:43:17.438,TRK,34.263959,-106.340214,9036.2,82.4,77.6,-56.6,3,10,9,6,2
2026-05-16T15:43:17.538,TRK,34.263953,-106.340193,9039.0,79.7,78.6,-53.4,3,9,8,5,1
2026-05-16T15:43:17.638,TRK,34.263962,-106.340152,9031.1,78.2,78.2,-66.0,3,12,11,8,4
2026-05-16T15:43:17.738,TRK,34.263976,-106.340135,9010.6,78.4,77.8,-59.2,3,9,8,5,1
2026-05-16T15:43:17.838,TRK,34.263976,-106.340100,9011.1,79.9,79.9,-58.3,3,9,8,5,1
2026-05-16T15:43:17.938,TRK,34.263969,-106.340077,9014.3,82.4,77.7,-59.9,3,12,11,8,4
2026-05-16T15:43:18.038,TRK,34.264017,-106.340053,9015.5,82.1,76.2,-55.6,3,10,9,6,2
2026-05-16T15:43:18.138,TRK,34.264014,-106.340034,8984.5,82.5,76.9,-61.4,3,7,6,3,0
2026-05-16T15:43:18.238,TRK,34.264001,-106.340020,9009.7,78.5,78.7,-56.6,3,11,10,7,3
2026-05-16T15:43:18.338,TRK,34.264000,-106.339972,8989.0,79.6,77.9,-53.4,3,8,7,4,0
2026-05-16T15:43:18.438,TRK,34.264023,-106.339948,8982.4,82.6,76.2,-66.5,3,10,9,6,2
2026-05-16T15:43:18.538,TRK,34.263989,-106.339935,8967.6,80.5,78.9,-62.8,3,9,8,5,1
2026-05-16T15:43:18.638,TRK,34.263990,-106.339887,8982.4,80.8,77.0,-59.4,3,7,6,3,0
2026-05-16T15:43:18.738,TRK,34.263992,-106.339867,8938.3,79.8,76.3,-55.1,3,7,6,3,0
2026-05-16T15:43:18.838,TRK,34.264022,-106.339856,8952.8,78.7,79.3,-56.2,3,6,5,2,0
2026-05-16T15:43:18.938,TRK,34.264049,-106.339830,8948.5,78.7,78.7,-54.9,3,8,7,4,0
2026-05-16T15:43:19.038,TRK,34.264041,-106.339817,8938.2,79.2,78.7,-57.3,3,11,10,7,3
2026-05-16T15:43:19.138,TRK,34.264016,-106.339797,8923.1,79.3,78.4,-59.3,3,10,9,6,2
2026-05-16T15:43:19.238,TRK,34.264050,-106.339736,8928.1,78.0,79.4,-62.6,3,8,7,4,0
2026-05-16T15:43:19.338,TRK,34.264058,-106.339722,8935.8,81.4,78.3,-54.5,3,9,8,5,1
2026-05-16T15:43:19.438,TRK,34.264049,-106.339697,8930.0,77.5,77.7,-57.4,3,9,8,5,1
2026-05-16T15:43:19.538,TRK,34.264041,-106.339658,8923.7,78.0,79.3,-57.2,3,11,10,7,3
2026-05-16T15:43:19.638,TRK,34.264046,-106.339621,8907.3,77.8,76.4,-58.1,3,12,11,8,4
2026-05-16T15:43:19.738,TRK,34.264069,-106.339606,8897.9,81.2,75.3,-54.1,3,6,5,2,0
2026-05-16T15:43:19.838,TRK,34.264073,-106.339590,8888.5,78.5,77.3,-51.0,3,8,7,4,0
2026-05-16T15:43:19.938,TRK,34.264066,-106.339556,8889.7,77.3,79.5,-56.7,3,9,8,5,1
2026-05-16T15:43:20.038,TRK,34.264074,-106.339532,8885.6,78.0,81.1,-57.9,3,8,7,4,0
2026-05-16T15:43:20.138,TRK,34.264068,-106.339509,8876.0,79.1,77.5,-63.5,3,10,9,6,2
2026-05-16T15:43:20.238,TRK,34.264095,-106.339468,8867.3,79.1,76.7,-57.3,3,10,9,6,2
2026-05-16T15:43:20.338,TRK,34.264073,-106.339434,8856.2,81.4,78.8,-54.4,3,11,10,7,3
2026-05-16T15:43:20.438,TRK,34.264064,-106.339456,8879.0,78.3,77.1,-52.6,3,9,8,5,1
2026-05-16T15:43:20.538,TRK,34.264107,-106.339433,8862.9,80.3,77.9,-54.2,3,9,8,5,1
2026-05-16T15:43:20.638,TRK,34.264097,-106.339385,8843.3,82.0,78.1,-58.8,3,12,11,8,4
2026-05-16T15:43:20.738,TRK,34.264090,-106.339349,8860.8,77.6,79.0,-60.3,3,9,8,5,1
2026-05-16T15:43:20.838,TRK,34.264115,-106.339321,8849.4,79.3,76.0,-58.3,3,6,5,2,0
2026-05-16T15:43:20.938,TRK,34.264131,-106.339308,8843.1,77.7,79.0,-55.6,3,9,8,5,1
2026-05-16T15:43:21.038,TRK,34.264125,-106.339289,8838.0,78.1,78.0,-56.1,3,8,7,4,0
2026-05-16T15:43:21.138,TRK,34.264125,-106.339245,8826.5,81.2,77.2,-62.4,3,9,8,5,1
2026-05-16T15:43:21.238,TRK,34.264142,-106.339217,8796.2,77.6,80.5,-58.5,3,8,7,4,0
2026-05-16T15:43:21.338,TRK,34.264135,-106.339211,8815.6,77.4,78.8,-63.5,3,9,8,5,1
2026-05-16T15:43:21.438,TRK,34.264151,-106.339195,8830.6,76.7,78.2,-57.1,3,7,6,3,0
2026-05-16T15:43:21.538,TRK,34.264146,-106.339141,8818.5,79.7,76.8,-61.8,3,7,6,3,0
2026-05-16T15:43:21.638,TRK,34.264144,-106.339130,8788.0,81.8,79.2,-56.6,3,9,8,5,1
2026-05-16T15:43:21.738,TRK,34.264170,-106.339137,8798.3,78.7,78.8,-58.8,3,7,6,3,0
2026-05-16T15:43:21.838,TRK,34.264143,-106.339071,8793.1,75.3,78.8,-55.6,3,10,9,6,2
2026-05-16T15:43:21.938,TRK,34.264158,-106.339067,8796.4,75.4,80.7,-52.7,3,7,6,3,0
2026-05-16T15:43:22.038,TRK,34.264161,-106.339030,8767.2,79.4,77.1,-62.5,3,7,6,3,0
2026-05-16T15:43:22.138,TRK,34.264144,-106.339003,8769.5,79.3,77.0,-55.7,3,9,8,5,1
2026-05-16T15:43:22.238,TRK,34.264175,-106.338973,8766.6,75.9,79.4,-53.9,3,8,7,4,0
2026-05-16T15:43:22.338,TRK,34.264189,-106.338991,8763.2,77.3,77.7,-56.6,3,10,9,6,2
2026-05-16T15:43:22.438,TRK,34.264187,-106.338916,8779.0,80.2,78.6,-55.0,3,7,6,3,0
2026-05-16T15:43:22.538,TRK,34.264201,-106.338894,8749.6,80.2,78.3,-56.1,3,9,8,5,1
2026-05-16T15:43:22.638,TRK,34.264187,-106.338898,8732.6,78.2,77.4,-63.5,3,9,8,5,1
2026-05-16T15:43:22.738,TRK,34.264195,-106.338874,8768.8,82.0,79.3,-56.2,3,9,8,5,1
2026-05-16T15:43:22.838,TRK,34.264188,-106.338866,8718.7,74.7,78.0,-53.9,3,9,8,5,1
2026-05-16T15:43:22.938,TRK,34.264198,-106.338817,8707.6,74.2,76.9,-54.7,3,10,9,6,2
2026-05-16T15:43:23.038,TRK,34.264205,-106.338768,8728.9,77.4,76.7,-59.8,3,10,9,6,2
2026-05-16T15:43:23.138,TRK,34.264219,-106.338741,8703.7,79.1,79.5,-65.6,3,9,8,5,1
2026-05-16T15:43:23.238,TRK,34.264204,-106.338735,8720.0,74.3,78.1,-56.7,3,10,9,6,2
2026-05-16T15:43:23.338,TRK,34.264215,-106.338702,8683.4,77.7,76.8,-54.9,3,8,7,4,0
2026-05-16T15:43:23.438,TRK,34.264249,-106.338656,8702.5,76.0,81.2,-50.9,3,7,6,3,0
2026-05-16T15:43:23.538,TRK,34.264231,-106.338654,8676.8,71.4,77.0,-57.5,3,8,7,4,0
2026-05-16T15:43:23.638,TRK,34.264225,-106.338644,8670.3,77.9,79.6,-50.5,3,8,7,4,0
2026-05-16T15:43:23.738,TRK,34.264246,-106.338595,8695.5,78.3,78.3,-54.7,3,8,7,4,0
2026-05-16T15:43:23.838,TRK,34.264234,-106.338597,8672.9,75.8,78.4,-52.9,3,10,9,6,2
2026-05-16T15:43:23.938,TRK,34.264232,-106.338561,8680.8,72.7,75.6,-51.1,3,8,7,4,0
2026-05-16T15:43:24.038,TRK,34.264267,-106.338544,8659.7,74.9,79.9,-56.0,3,6,5,2,0
2026-05-16T15:43:24.138,TRK,34.264250,-106.338501,8658.4,75.7,77.7,-58.0,3,9,8,5,1
2026-05-16T15:43:24.238,TRK,34.264277,-106.338476,8655.8,73.8,79.3,-51.6,3,7,6,3,0
2026-05-16T15:43:24.338,TRK,34.264267,-106.338462,8641.8,74.9,79.7,-54.4,3,8,7,4,0
2026-05-16T15:43:24.438,TRK,34.264276,-106.338426,8651.0,76.7,78.3,-64.0,3,11,10,7,3
2026-05-16T15:43:24.538,TRK,34.264268,-106.338427,8621.5,73.7,78.4,-54.5,3,12,11,8,4
2026-05-16T15:43:24.638,TRK,34.264290,-106.338385,8629.1,77.2,78.2,-58.5,3,9,8,5,1
2026-05-16T15:43:24.738,TRK,34.264285,-106.338373,8604.5,74.1,78.7,-55.4,3,8,7,4,0
2026-05-16T15:43:24.838,TRK,34.264282,-106.338351,8600.6,74.7,79.0,-58.3,3,8,7,4,0
2026-05-16T15:43:24.938,TRK,34.264285,-106.338316,8594.6,74.2,77.2,-53.9,3,10,9,6,2
2026-05-16T15:43:25.038,TRK,34.264294,-106.338281,8589.5,76.0,78.0,-47.9,3,8,7,4,0
2026-05-16T15:43:25.138,TRK,34.264271,-106.338253,8581.2,75.4,77.6,-56.9,3,9,8,5,1
2026-05-16T15:43:25.238,TRK,34.264291,-106.338239,8573.8,72.8,80.5,-55.1,3,9,8,5,1
2026-05-16T15:43:25.338,TRK,34.264319,-106.338213,8580.2,77.0,78.2,-61.0,3,10,9,6,2
2026-05-16T15:43:25.438,TRK,34.264306,-106.338186,8582.1,78.9,78.0,-50.2,3,8,7,4,0
2026-05-16T15:43:25.538,TRK,34.264309,-106.338135,8566.0,75.4,78.5,-61.8,3,9,8,5,1
2026-05-16T15:43:25.638,TRK,34.264338,-106.338138,8580.5,75.5,78.2,-57.5,3,9,8,5,1
2026-05-16T15:43:25.738,TRK,34.264304,-106.338107,8566.9,75.3,78.4,-57.3,3,9,8,5,1
2026-05-16T15:43:25.838,TRK,34.264340,-106.338058,8564.8,76.9,78.6,-56.4,3,8,7,4,0
2026-05-16T15:43:25.938,TRK,34.264340,-106.338067,8548.0,71.8,77.1,-54.5,3,11,10,7,3
2026-05-16T15:43:26.038,TRK,34.264326,-106.338052,8539.2,78.2,79.5,-52.0,3,7,6,3,0
2026-05-16T15:43:26.138,TRK,34.264348,-106.338007,8552.9,72.1,78.6,-59.0,3,10,9,6,2
2026-05-16T15:43:26.238,TRK,34.264343,-106.337978,8529.8,74.1,78.8,-60.6,3,10,9,6,2
2026-05-16T15:43:26.338,TRK,34.264354,-106.337956,8521.7,72.5,79.0,-55.2,3,11,10,7,3
2026-05-16T15:43:26.438,TRK,34.264356,-106.337948,8510.7,72.3,76.5,-61.1,3,7,6,3,0
2026-05-16T15:43:26.538,TRK,34.264385,-106.337924,8502.7,72.9,74.9,-58.6,3,9,8,5,1
2026-05-16T15:43:26.638,TRK,34.264383,-106.337874,8486.9,76.1,75.9,-61.8,3,9,8,5,1
2026-05-16T15:43:26.738,TRK,34.264365,-106.337860,8508.0,76.9,77.6,-60.4,3,8,7,4,0
2026-05-16T15:43:26.838,TRK,34.264375,-106.337856,8501.9,71.5,78.5,-52.4,3,9,8,5,1
2026-05-16T15:43:26.938,TRK,34.264395,-106.337817,8505.7,72.9,79.8,-56.7,3,7,6,3,0
2026-05-16T15:43:27.038,TRK,34.264400,-106.337810,8470.9,72.0,75.4,-59.0,3,7,6,3,0
2026-05-16T15:43:27.138,TRK,34.264394,-106.337784,8492.9,73.5,76.0,-56.1,3,10,9,6,2
2026-05-16T15:43:27.238,TRK,34.264387,-106.337726,8486.6,74.8,79.9,-57.6,3,11,10,7,3
2026-05-16T15:43:27.338,TRK,34.264405,-106.337728,8483.6,73.8,79.0,-49.4,3,12,11,8,4
2026-05-16T15:43:27.438,TRK,34.264385,-106.337689,8461.8,71.7,79.3,-53.4,3,7,6,3,0
2026-05-16T15:43:27.538,TRK,34.264405,-106.337687,8472.7,74.1,80.2,-58.5,3,10,9,6,2
2026-05-16T15:43:27.638,TRK,34.264399,-106.337680,8442.1,72.6,78.4,-57.7,3,10,9,6,2
2026-05-16T15:43:27.738,TRK,34.264392,-106.337619,8442.5,75.9,75.6,-57.4,3,10,9,6,2
2026-05-16T15:43:27.838,TRK,34.264419,-106.337606,8449.2,75.9,77.4,-60.1,3,9,8,5,1
2026-05-16T15:43:27.938,TRK,34.264403,-106.337563,8404.8,73.6,77.6,-56.4,3,8,7,4,0
2026-05-16T15:43:28.038,TRK,34.264451,-106.337550,8407.8,75.7,77.8,-55.9,3,10,9,6,2
2026-05-16T15:43:28.138,TRK,34.264421,-106.337539,8440.0,72.2,78.9,-54.0,3,7,6,3,0
2026-05-16T15:43:28.238,TRK,34.264431,-106.337516,8426.6,75.2,77.3,-50.1,3,11,10,7,3
2026-05-16T15:43:28.338,TRK,34.264432,-106.337489,8431.6,73.9,77.6,-52.2,3,11,10,7,3
2026-05-16T15:43:28.438,TRK,34.264456,-106.337459,8404.7,71.3,80.4,-56.1,3,9,8,5,1
2026-05-16T15:43:28.538,TRK,34.264444,-106.337460,8414.5,74.7,78.9,-57.5,3,10,9,6,2
2026-05-16T15:43:28.638,TRK,34.264449,-106.337418,8383.1,72.4,82.0,-54.2,3,10,9,6,2
2026-05-16T15:43:28.738,TRK,34.264456,-106.337371,8374.7,72.4,78.2,-57.0,3,8,7,4,0
2026-05-16T15:43:28.838,TRK,34.264466,-106.337347,8399.6,72.6,79.1,-53.6,3,9,8,5,1
2026-05-16T15:43:28.938,TRK,34.264479,-106.337349,8373.4,72.7,77.8,-58.5,3,10,9,6,2
2026-05-16T15:43:29.038,TRK,34.264456,-106.337303,8349.0,75.4,78.9,-58.1,3,9,8,5,1
2026-05-16T15:43:29.138,TRK,34.264474,-106.337269,8375.4,72.9,77.3,-54.7,3,7,6,3,0
2026-05-16T15:43:29.238,TRK,34.264463,-106.337244,8375.4,72.6,78.2,-56.4,3,9,8,5,1
2026-05-16T15:43:29.338,TRK,34.264474,-106.337246,8375.7,73.8,79.4,-55.2,3,10,9,6,2
2026-05-16T15:43:29.438,TRK,34.264462,-106.337219,8368.4,73.6,77.7,-58.0,3,7,6,3,0
2026-05-16T15:43:29.538,TRK,34.264479,-106.337188,8343.6,71.9,78.1,-49.0,3,7,6,3,0
2026-05-16T15:43:29.638,TRK,34.264491,-106.337157,8367.8,74.0,81.0,-58.0,3,9,8,5,1
2026-05-16T15:43:29.738,TRK,34.264479,-106.337131,8347.1,73.3,77.9,-53.0,3,11,10,7,3
2026-05-16T15:43:29.838,TRK,34.264490,-106.337127,8334.4,73.5,77.6,-52.9,3,7,6,3,0
2026-05-16T15:43:29.938,TRK,34.264491,-106.337136,8317.6,72.6,77.5,-53.8,3,5,4,1,0
2026-05-16T15:43:30.038,TRK,34.264541,-106.337093,8318.5,72.3,78.4,-54.6,3,9,8,5,1
2026-05-16T15:43:30.138,TRK,34.264515,-106.337037,8306.6,71.9,77.9,-57.8,3,9,8,5,1
2026-05-16T15:43:30.238,TRK,34.264524,-106.337044,8299.2,71.5,77.9,-53.9,3,8,7,4,0
2026-05-16T15:43:30.338,TRK,34.264519,-106.336997,8280.2,72.4,77.6,-52.6,3,8,7,4,0
2026-05-16T15:43:30.438,TRK,34.264530,-106.336976,8306.1,71.6,79.9,-55.2,3,8,7,4,0
2026-05-16T15:43:30.538,TRK,34.264523,-106.336962,8286.9,74.7,80.1,-52.0,3,7,6,3,0
2026-05-16T15:43:30.638,TRK,34.264531,-106.336938,8286.4,71.3,78.2,-57.1,3,11,10,7,3
2026-05-16T15:43:30.738,TRK,34.264551,-106.336938,8305.3,74.5,77.4,-60.5,3,7,6,3,0
2026-05-16T15:43:30.838,TRK,34.264556,-106.336912,8280.1,71.7,77.3,-59.1,3,10,9,6,2
2026-05-16T15:43:30.938,TRK,34.264546,-106.336851,8251.6,70.9,76.8,-58.3,3,12,11,8,4
2026-05-16T15:43:31.038,TRK,34.264552,-106.336860,8268.3,70.9,76.2,-56.4,3,10,9,6,2
2026-05-16T15:43:31.138,TRK,34.264532,-106.336828,8268.9,69.1,76.6,-59.2,3,10,9,6,2
2026-05-16T15:43:31.238,TRK,34.264569,-106.336808,8246.0,70.3,79.2,-54.1,3,10,9,6,2
2026-05-16T15:43:31.338,TRK,34.264570,-106.336750,8257.0,69.5,78.6,-56.8,3,8,7,4,0
2026-05-16T15:43:31.438,TRK,34.264567,-106.336746,8197.0,74.7,78.0,-60.0,3,7,6,3,0
2026-05-16T15:43:31.538,TRK,34.264570,-106.336727,8237.8,72.2,79.0,-56.0,3,10,9,6,2
2026-05-16T15:43:31.638,TRK,34.264559,-106.336699,8226.5,69.2,77.0,-57.5,3,7,6,3,0
2026-05-16T15:43:31.738,TRK,34.264570,-106.336683,8206.9,71.2,78.0,-56.7,3,10,9,6,2
2026-05-16T15:43:31.838,TRK,34.264585,-106.336648,8208.7,69.2,79.0,-59.0,3,10,9,6,2
2026-05-16T15:43:31.938,TRK,34.264576,-106.336647,8210.7,69.3,80.8,-53.5,3,7,6,3,0
2026-05-16T15:43:32.038,TRK,34.264594,-106.336580,8196.9,72.1,80.9,-56.8,3,8,7,4,0
2026-05-16T15:43:32.138,TRK,34.264575,-106.336615,8193.2,72.6,78.4,-64.4,3,10,9,6,2
2026-05-16T15:43:32.238,TRK,34.264583,-106.336559,8194.7,68.5,80.1,-54.5,3,8,7,4,0
2026-05-16T15:43:32.338,TRK,34.264595,-106.336536,8181.1,69.6,79.0,-57.7,3,10,9,6,2
2026-05-16T15:43:32.438,TRK,34.264601,-106.336521,8202.9,70.7,79.3,-56.8,3,8,7,4,0
2026-05-16T15:43:32.538,TRK,34.264601,-106.336490,8189.5,69.3,80.1,-55.3,3,11,10,7,3
2026-05-16T15:43:32.638,TRK,34.264585,-106.336488,8168.6,74.6,76.3,-55.1,3,10,9,6,2
2026-05-16T15:43:32.738,TRK,34.264620,-106.336472,8127.8,71.3,79.2,-60.9,3,8,7,4,0
2026-05-16T15:43:32.838,TRK,34.264624,-106.336441,8178.5,73.4,78.9,-52.1,3,9,8,5,1
2026-05-16T15:43:32.938,TRK,34.264629,-106.336421,8144.5,69.3,79.7,-57.4,3,6,5,2,0
2026-05-16T15:43:33.038,TRK,34.264610,-106.336369,8163.7,68.7,79.3,-56.8,3,9,8,5,1
2026-05-16T15:43:33.138,TRK,34.264642,-106.336381,8144.9,72.4,78.5,-61.8,3,8,7,4,0
2026-05-16T15:43:33.238,TRK,34.264636,-106.336342,8135.6,68.9,79.0,-50.8,3,9,8,5,1
2026-05-16T15:43:33.338,TRK,34.264614,-106.336328,8130.8,70.4,79.8,-58.5,3,11,10,7,3
2026-05-16T15:43:33.438,TRK,34.264646,-106.336290,8125.2,71.0,77.4,-56.4,3,9,8,5,1
2026-05-16T15:43:33.538,TRK,34.264642,-106.336274,8099.4,70.0,79.8,-51.4,3,11,10,7,3
2026-05-16T15:43:33.638,TRK,34.264664,-106.336254,8110.7,70.1,80.4,-60.3,3,8,7,4,0
2026-05-16T15:43:33.738,TRK,34.264663,-106.336220,8123.2,70.2,77.1,-54.7,3,8,7,4,0
2026-05-16T15:43:33.838,TRK,34.264642,-106.336241,8099.3,71.3,78.0,-54.9,3,7,6,3,0
2026-05-16T15:43:33.938,TRK,34.264676,-106.336167,8113.5,69.7,74.4,-57.7,3,9,8,5,1
2026-05-16T15:43:34.038,TRK,34.264666,-106.336167,8105.7,70.1,78.6,-59.5,3,10,9,6,2
2026-05-16T15:43:34.138,TRK,34.264687,-106.336147,8085.5,64.9,79.2,-54.0,3,6,5,2,0
2026-05-16T15:43:34.238,TRK,34.264657,-106.336111,8065.9,69.8,76.6,-54.1,3,8,7,4,0
2026-05-16T15:43:34.338,TRK,34.264686,-106.336106,8073.8,71.0,77.4,-62.5,3,11,10,7,3
2026-05-16T15:43:34.438,TRK,34.264677,-106.336078,8059.2,67.3,79.3,-57.6,3,8,7,4,0
2026-05-16T15:43:34.538,TRK,34.264697,-106.336044,8067.6,65.2,76.8,-60.5,3,11,10,7,3
2026-05-16T15:43:34.638,TRK,34.264695,-106.336030,8054.4,71.5,78.9,-59.1,3,11,10,7,3
2026-05-16T15:43:34.738,TRK,34.264675,-106.336009,8052.4,66.7,81.1,-52.8,3,9,8,5,1
2026-05-16T15:43:34.838,TRK,34.264702,-106.335952,8057.3,71.3,79.4,-56.1,3,8,7,4,0
2026-05-16T15:43:34.938,TRK,34.264696,-106.335953,8039.1,66.6,78.6,-49.5,3,9,8,5,1
2026-05-16T15:43:35.038,TRK,34.264705,-106.335958,8034.8,70.5,78.2,-57.0,3,9,8,5,1
2026-05-16T15:43:35.138,TRK,34.264724,-106.335942,8018.1,65.3,78.5,-51.3,3,8,7,4,0
2026-05-16T15:43:35.238,TRK,34.264712,-106.335874,7987.9,71.9,75.8,-50.0,3,10,9,6,2
2026-05-16T15:43:35.338,TRK,34.264721,-106.335908,8007.6,65.1,75.8,-59.2,3,8,7,4,0
2026-05-16T15:43:35.438,TRK,34.264749,-106.335838,7989.0,69.4,79.8,-52.4,3,8,7,4,0
2026-05-16T15:43:35.538,TRK,34.264746,-106.335829,7985.9,67.4,79.4,-60.0,3,9,8,5,1
2026-05-16T15:43:35.638,TRK,34.264735,-106.335809,8028.2,66.1,77.5,-54.0,3,8,7,4,0
2026-05-16T15:43:35.738,TRK,34.264745,-106.335782,7982.3,70.9,78.0,-52.0,3,10,9,6,2
2026-05-16T15:43:35.838,TRK,34.264732,-106.335750,7987.0,69.1,79.9,-48.0,3,13,12,9,5
2026-05-16T15:43:35.938,TRK,34.264720,-106.335717,7996.6,65.7,79.0,-56.4,3,13,12,9,5
2026-05-16T15:43:36.038,TRK,34.264742,-106.335708,7981.1,67.5,77.5,-57.2,3,10,9,6,2
2026-05-16T15:43:36.138,TRK,34.264766,-106.335701,7952.6,67.4,77.9,-58.4,3,7,6,3,0
2026-05-16T15:43:36.238,TRK,34.264751,-106.335662,7961.6,66.6,75.6,-55.4,3,8,7,4,0
2026-05-16T15:43:36.338,TRK,34.264769,-106.335659,7980.5,64.8,77.5,-59.9,3,8,7,4,0
2026-05-16T15:43:36.438,TRK,34.264777,-106.335606,7953.1,68.2,79.4,-61.3,3,9,8,5,1
2026-05-16T15:43:36.538,TRK,34.264785,-106.335592,7945.9,65.8,79.8,-56.6,3,7,6,3,0
2026-05-16T15:43:36.638,TRK,34.264764,-106.335582,7937.4,66.5,79.5,-58.3,3,10,9,6,2
2026-05-16T15:43:36.738,TRK,34.264783,-106.335581,7904.4,70.0,77.4,-54.2,3,8,7,4,0
2026-05-16T15:43:36.838,TRK,34.264782,-106.335535,7924.1,65.3,80.9,-55.4,3,10,9,6,2
2026-05-16T15:43:36.938,TRK,34.264779,-106.335524,7939.7,66.7,77.4,-60.2,3,6,5,2,0
2026-05-16T15:43:37.038,TRK,34.264784,-106.335497,7919.8,67.5,78.9,-56.0,3,9,8,5,1
2026-05-16T15:43:37.138,TRK,34.264782,-106.335484,7906.8,68.3,76.3,-57.7,3,7,6,3,0
2026-05-16T15:43:37.238,TRK,34.264804,-106.335457,7916.7,63.8,77.8,-53.1,3,10,9,6,2
2026-05-16T15:43:37.338,TRK,34.264794,-106.335442,7899.5,63.7,78.1,-56.7,3,13,12,9,5
2026-05-16T15:43:37.438,TRK,34.264798,-106.335408,7900.1,70.6,82.8,-56.0,3,9,8,5,1
2026-05-16T15:43:37.538,TRK,34.264813,-106.335378,7909.1,67.9,78.9,-53.2,3,9,8,5,1
2026-05-16T15:43:37.638,TRK,34.264815,-106.335377,7882.2,66.2,82.1,-61.7,3,8,7,4,0
2026-05-16T15:43:37.738,TRK,34.264791,-106.335355,7898.6,67.6,77.7,-52.6,3,10,9,6,2
2026-05-16T15:43:37.838,TRK,34.264823,-106.335307,7902.3,65.8,75.7,-60.3,3,8,7,4,0
2026-05-16T15:43:37.938,TRK,34.264805,-106.335320,7874.0,68.5,79.8,-54.9,3,9,8,5,1
2026-05-16T15:43:38.038,TRK,34.264816,-106.335285,7855.8,66.0,77.7,-51.0,3,7,6,3,0
2026-05-16T15:43:38.138,TRK,34.264828,-106.335253,7864.6,66.3,78.6,-60.6,3,10,9,6,2
2026-05-16T15:43:38.238,TRK,34.264841,-106.335211,7856.2,65.4,77.6,-57.6,3,7,6,3,0
2026-05-16T15:43:38.338,TRK,34.264835,-106.335200,7849.9,63.8,80.3,-58.8,3,9,8,5,1
2026-05-16T15:43:38.438,TRK,34.264827,-106.335181,7862.6,66.6,78.0,-54.9,3,10,9,6,2
2026-05-16T15:43:38.538,TRK,34.264842,-106.335178,7832.4,64.8,77.8,-47.0,3,9,8,5,1
2026-05-16T15:43:38.638,TRK,34.264846,-106.335137,7843.0,67.1,78.0,-54.8,3,9,8,5,1
2026-05-16T15:43:38.738,TRK,34.264866,-106.335109,7812.7,65.6,73.7,-53.7,3,11,10,7,3
2026-05-16T15:43:38.838,TRK,34.264851,-106.335094,7837.7,66.8,82.3,-59.1,3,6,5,2,0
2026-05-16T15:43:38.938,TRK,34.264872,-106.335072,7783.1,66.6,75.8,-54.9,3,6,5,2,0
2026-05-16T15:43:39.038,TRK,34.264863,-106.335063,7821.7,68.5,76.2,-57.5,3,8,7,4,0
2026-05-16T15:43:39.138,TRK,34.264863,-106.335052,7803.2,65.8,81.5,-54.1,3,8,7,4,0
2026-05-16T15:43:39.238,TRK,34.264894,-106.335020,7789.1,64.9,77.0,-53.3,3,10,9,6,2
2026-05-16T15:43:39.338,TRK,34.264864,-106.334986,7788.6,65.9,80.0,-57.8,3,9,8,5,1
2026-05-16T15:43:39.438,TRK,34.264867,-106.334980,7770.0,62.0,78.1,-59.8,3,11,10,7,3
2026-05-16T15:43:39.538,TRK,34.264896,-106.334938,7790.8,68.1,77.7,-55.0,3,8,7,4,0
2026-05-16T15:43:39.638,TRK,34.264882,-106.334947,7781.4,65.9,80.2,-52.6,3,8,7,4,0
2026-05-16T15:43:39.738,TRK,34.264896,-106.334880,7769.0,65.4,79.1,-59.0,3,8,7,4,0
2026-05-16T15:43:39.838,TRK,34.264878,-106.334870,7736.0,68.5,77.8,-55.7,3,11,10,7,3
2026-05-16T15:43:39.938,TRK,34.264873,-106.334865,7767.3,63.5,79.4,-58.9,3,8,7,4,0
2026-05-16T15:43:40.038,TRK,34.264898,-106.334824,7750.2,63.1,79.3,-60.7,3,8,7,4,0
2026-05-16T15:43:40.138,TRK,34.264896,-106.334815,7732.7,65.1,79.5,-54.4,3,9,8,5,1
2026-05-16T15:43:40.238,TRK,34.264929,-106.334816,7736.2,64.7,77.7,-58.2,3,8,7,4,0
2026-05-16T15:43:40.338,TRK,34.264899,-106.334759,7743.6,67.1,77.3,-57.5,3,10,9,6,2
2026-05-16T15:43:40.438,TRK,34.264924,-106.334788,7701.3,66.3,80.9,-57.5,3,7,6,3,0
2026-05-16T15:43:40.538,TRK,34.264906,-106.334725,7737.1,61.3,77.0,-54.4,3,8,7,4,0
2026-05-16T15:43:40.638,TRK,34.264894,-106.334725,7700.4,66.7,78.9,-56.9,3,9,8,5,1
2026-05-16T15:43:40.738,TRK,34.264929,-106.334680,7728.6,66.5,76.7,-50.1,3,12,11,8,4
2026-05-16T15:43:40.838,TRK,34.264929,-106.334679,7707.5,63.7,76.9,-54.7,3,10,9,6,2
2026-05-16T15:43:40.938,TRK,34.264916,-106.334634,7705.3,69.0,78.4,-60.3,3,7,6,3,0
2026-05-16T15:43:41.038,TRK,34.264932,-106.334633,7673.8,64.0,76.3,-55.2,3,8,7,4,0
2026-05-16T15:43:41.138,TRK,34.264935,-106.334603,7710.3,65.3,79.0,-55.6,3,6,5,2,0
2026-05-16T15:43:41.238,TRK,34.264945,-106.334604,7702.6,65.2,76.0,-53.9,3,9,8,5,1
2026-05-16T15:43:41.338,TRK,34.264962,-106.334574,7659.9,65.0,77.1,-53.0,3,7,6,3,0
2026-05-16T15:43:41.438,TRK,34.264964,-106.334533,7662.1,64.6,79.3,-56.4,3,10,9,6,2
2026-05-16T15:43:41.538,TRK,34.264955,-106.334539,7654.6,67.1,76.3,-57.6,3,6,5,2,0
2026-05-16T15:43:41.638,TRK,34.264957,-106.334531,7670.6,63.4,79.6,-53.1,3,11,10,7,3
2026-05-16T15:43:41.738,TRK,34.264976,-106.334480,7635.3,67.6,77.9,-54.9,3,8,7,4,0
2026-05-16T15:43:41.838,TRK,34.264979,-106.334450,7648.2,67.3,78.7,-58.0,3,9,8,5,1
2026-05-16T15:43:41.938,TRK,34.264987,-106.334444,7631.5,63.3,79.9,-56.8,3,7,6,3,0
2026-05-16T15:43:42.038,TRK,34.264960,-106.334431,7633.6,63.0,80.2,-59.3,3,11,10,7,3
2026-05-16T15:43:42.138,TRK,34.264987,-106.334397,7643.1,64.2,77.7,-52.1,3,10,9,6,2
2026-05-16T15:43:42.238,TRK,34.264981,-106.334365,7648.8,63.8,77.2,-62.7,3,8,7,4,0
2026-05-16T15:43:42.338,TRK,34.264988,-106.334364,7621.8,64.5,80.6,-55.7,3,10,9,6,2
2026-05-16T15:43:42.438,TRK,34.264968,-106.334328,7602.7,64.1,76.3,-55.2,3,10,9,6,2
2026-05-16T15:43:42.538,TRK,34.264992,-106.334299,7601.8,62.8,77.6,-58.8,3,8,7,4,0
2026-05-16T15:43:42.638,TRK,34.264997,-106.334302,7614.7,64.7,76.8,-58.2,3,8,7,4,0
2026-05-16T15:43:42.738,TRK,34.265028,-106.334300,7596.0,61.6,79.1,-56.4,3,10,9,6,2
2026-05-16T15:43:42.838,TRK,34.264981,-106.334257,7593.9,65.8,78.2,-54.6,3,8,7,4,0
2026-05-16T15:43:42.938,TRK,34.264988,-106.334241,7575.2,63.3,77.9,-54.9,3,10,9,6,2
2026-05-16T15:43:43.038,TRK,34.264991,-106.334229,7602.6,60.5,77.6,-59.8,3,10,9,6,2
2026-05-16T15:43:43.138,TRK,34.264986,-106.334191,7575.2,63.9,78.8,-54.0,3,8,7,4,0
2026-05-16T15:43:43.238,TRK,34.265021,-106.334166,7576.3,64.1,80.7,-59.5,3,10,9,6,2
2026-05-16T15:43:43.338,TRK,34.265013,-106.334163,7564.6,63.8,76.3,-61.0,3,7,6,3,0
2026-05-16T15:43:43.438,TRK,34.265015,-106.334140,7544.6,62.0,78.5,-55.0,3,10,9,6,2
2026-05-16T15:43:43.538,TRK,34.265017,-106.334115,7542.0,64.3,79.5,-58.1,3,10,9,6,2
2026-05-16T15:43:43.638,TRK,34.265025,-106.334072,7557.9,60.0,79.8,-58.9,3,12,11,8,4
2026-05-16T15:43:43.738,TRK,34.265042,-106.334074,7531.8,63.4,76.6,-56.9,3,9,8,5,1
2026-05-16T15:43:43.838,TRK,34.265025,-106.334065,7546.1,61.5,79.6,-59.5,3,8,7,4,0
2026-05-16T15:43:43.938,TRK,34.265053,-106.334002,7534.0,62.4,77.8,-66.4,3,8,7,4,0
2026-05-16T15:43:44.038,TRK,34.265049,-106.333995,7524.9,63.9,77.8,-51.5,3,9,8,5,1
2026-05-16T15:43:44.138,TRK,34.265044,-106.334003,7518.8,60.7,79.4,-61.1,3,12,11,8,4
2026-05-16T15:43:44.238,TRK,34.265058,-106.333968,7508.3,63.0,75.4,-59.8,3,10,9,6,2
2026-05-16T15:43:44.338,TRK,34.265062,-106.333942,7508.7,62.2,79.5,-59.1,3,9,8,5,1
2026-05-16T15:43:44.438,TRK,34.265057,-106.333943,7506.6,64.0,78.5,-65.3,3,6,5,2,0
2026-05-16T15:43:44.538,TRK,34.265059,-106.333932,7471.6,63.4,77.1,-58.6,3,7,6,3,0
2026-05-16T15:43:44.638,TRK,34.265094,-106.333892,7498.1,59.8,79.2,-50.4,3,10,9,6,2
2026-05-16T15:43:44.738,TRK,34.265075,-106.333862,7451.7,61.6,78.7,-63.0,3,6,5,2,0
2026-05-16T15:43:44.838,TRK,34.265074,-106.333839,7480.9,63.0,76.9,-56.1,3,8,7,4,0
2026-05-16T15:43:44.938,TRK,34.265086,-106.333809,7458.0,62.4,77.5,-48.5,3,10,9,6,2
2026-05-16T15:43:45.038,TRK,34.265083,-106.333809,7473.3,59.7,77.1,-47.4,3,10,9,6,2
2026-05-16T15:43:45.138,TRK,34.265112,-106.333782,7443.8,62.6,79.7,-55.7,3,10,9,6,2
2026-05-16T15:43:45.238,TRK,34.265107,-106.333764,7446.9,57.3,79.9,-55.6,3,9,8,5,1
2026-05-16T15:43:45.338,TRK,34.265101,-106.333746,7433.6,61.8,78.0,-56.9,3,9,8,5,1
2026-05-16T15:43:45.438,TRK,34.265096,-106.333737,7449.1,64.5,76.6,-59.2,3,7,6,3,0
2026-05-16T15:43:45.538,TRK,34.265120,-106.333687,7453.4,63.5,78.4,-53.7,3,7,6,3,0
2026-05-16T15:43:45.638,TRK,34.265082,-106.333672,7442.9,62.4,77.6,-59.3,3,8,7,4,0
2026-05-16T15:43:45.738,TRK,34.265080,-106.333653,7424.6,59.5,78.6,-56.1,3,9,8,5,1
2026-05-16T15:43:45.838,TRK,34.265093,-106.333656,7403.1,59.2,84.5,-58.2,3,12,11,8,4
2026-05-16T15:43:45.938,TRK,34.265126,-106.333630,7447.3,61.2,80.9,-54.1,3,9,8,5,1
2026-05-16T15:43:46.038,TRK,34.265122,-106.333580,7401.8,63.7,77.3,-57.7,3,9,8,5,1
2026-05-16T15:43:46.138,TRK,34.265147,-106.333569,7394.5,59.9,76.9,-51.4,3,7,6,3,0
2026-05-16T15:43:46.238,TRK,34.265119,-106.333573,7408.8,61.1,75.9,-52.0,3,8,7,4,0
2026-05-16T15:43:46.338,TRK,34.265118,-106.333560,7399.2,57.7,77.3,-56.8,3,7,6,3,0
2026-05-16T15:43:46.438,TRK,34.265123,-106.333537,7383.1,65.7,75.8,-57.3,3,9,8,5,1
2026-05-16T15:43:46.538,TRK,34.265117,-106.333500,7392.6,60.0,78.7,-52.6,3,7,6,3,0
2026-05-16T15:43:46.638,TRK,34.265143,-106.333486,7366.4,59.9,78.0,-58.4,3,8,7,4,0
2026-05-16T15:43:46.738,TRK,34.265131,-106.333480,7368.6,60.5,78.2,-59.8,3,7,6,3,0
2026-05-16T15:43:46.838,TRK,34.265136,-106.333475,7365.3,60.6,78.3,-53.7,3,11,10,7,3
2026-05-16T15:43:46.938,TRK,34.265160,-106.333440,7381.7,60.0,79.7,-56.7,3,10,9,6,2
2026-05-16T15:43:47.038,TRK,34.265148,-106.333388,7355.8,63.1,77.5,-55.9,3,7,6,3,0
2026-05-16T15:43:47.138,TRK,34.265175,-106.333377,7366.0,60.8,80.3,-53.3,3,9,8,5,1
2026-05-16T15:43:47.238,TRK,34.265157,-106.333389,7323.2,58.5,77.2,-48.8,3,10,9,6,2
2026-05-16T15:43:47.338,TRK,34.265157,-106.333354,7359.0,59.8,75.9,-59.9,3,9,8,5,1
2026-05-16T15:43:47.438,TRK,34.265172,-106.333323,7318.3,57.5,77.5,-52.8,3,10,9,6,2
2026-05-16T15:43:47.538,TRK,34.265172,-106.333293,7324.9,60.3,79.4,-59.1,3,9,8,5,1
2026-05-16T15:43:47.638,TRK,34.265169,-106.333293,7323.1,61.9,76.1,-59.7,3,10,9,6,2
2026-05-16T15:43:47.738,TRK,34.265187,-106.333297,7305.6,60.6,79.7,-59.7,3,9,8,5,1
2026-05-16T15:43:47.838,TRK,34.265169,-106.333255,7325.1,62.4,79.4,-59.9,3,10,9,6,2
2026-05-16T15:43:47.938,TRK,34.265184,-106.333246,7291.4,61.2,78.4,-56.6,3,11,10,7,3
2026-05-16T15:43:48.038,TRK,34.265182,-106.333194,7289.3,59.0,73.7,-51.5,3,7,6,3,0
2026-05-16T15:43:48.138,TRK,34.265198,-106.333210,7286.0,58.0,79.6,-53.8,3,9,8,5,1
2026-05-16T15:43:48.238,TRK,34.265182,-106.333215,7283.6,61.4,77.1,-61.0,3,12,11,8,4
2026-05-16T15:43:48.338,TRK,34.265198,-106.333174,7276.2,61.5,77.5,-59.3,3,10,9,6,2
2026-05-16T15:43:48.438,TRK,34.265194,-106.333132,7266.5,57.3,78.0,-59.3,3,9,8,5,1
2026-05-16T15:43:48.538,TRK,34.265201,-106.333113,7264.6,60.7,76.7,-60.1,3,11,10,7,3
2026-05-16T15:43:48.638,TRK,34.265186,-106.333103,7251.3,62.3,79.4,-56.2,3,8,7,4,0
2026-05-16T15:43:48.738,TRK,34.265232,-106.333070,7278.8,58.2,78.2,-58.4,3,10,9,6,2
2026-05-16T15:43:48.838,TRK,34.265226,-106.333042,7253.5,58.1,80.9,-52.0,3,9,8,5,1
2026-05-16T15:43:48.938,TRK,34.265223,-106.333035,7247.1,58.7,78.4,-58.7,3,8,7,4,0
2026-05-16T15:43:49.038,TRK,34.265239,-106.333006,7247.2,57.3,78.4,-62.2,3,8,7,4,0
2026-05-16T15:43:49.138,TRK,34.265216,-106.333016,7238.8,61.0,77.1,-53.6,3,5,4,1,0
2026-05-16T15:43:49.238,TRK,34.265240,-106.332991,7222.0,60.1,75.4,-49.8,3,8,7,4,0
2026-05-16T15:43:49.338,TRK,34.265238,-106.332967,7256.8,59.7,77.7,-55.0,3,11,10,7,3
2026-05-16T15:43:49.438,TRK,34.265238,-106.332947,7225.1,62.3,80.9,-63.1,3,9,8,5,1
2026-05-16T15:43:49.538,TRK,34.265246,-106.332924,7223.2,58.4,80.9,-51.7,3,9,8,5,1
2026-05-16T15:43:49.638,TRK,34.265245,-106.332892,7193.0,58.0,75.5,-59.4,3,9,8,5,1
2026-05-16T15:43:49.738,TRK,34.265234,-106.332894,7206.3,60.2,80.2,-50.9,3,9,8,5,1
2026-05-16T15:43:49.838,TRK,34.265259,-106.332886,7191.5,60.9,80.2,-55.6,3,12,11,8,4
2026-05-16T15:43:49.938,TRK,34.265237,-106.332830,7179.4,53.9,80.1,-54.4,3,11,10,7,3
2026-05-16T15:43:50.038,TRK,34.265261,-106.332829,7187.4,61.1,80.0,-55.7,3,9,8,5,1
2026-05-16T15:43:50.138,TRK,34.265285,-106.332831,7195.9,57.2,78.8,-60.2,3,11,10,7,3
2026-05-16T15:43:50.238,TRK,34.265254,-106.332784,7170.2,60.2,76.7,-47.9,3,13,12,9,5
2026-05-16T15:43:50.338,TRK,34.265261,-106.332807,7177.5,58.1,76.4,-57.0,3,11,10,7,3
2026-05-16T15:43:50.438,TRK,34.265267,-106.332763,7182.7,58.9,80.4,-58.8,3,8,7,4,0
2026-05-16T15:43:50.538,TRK,34.265253,-106.332748,7157.9,60.3,76.9,-56.7,3,10,9,6,2
2026-05-16T15:43:50.638,TRK,34.265292,-106.332721,7138.6,56.3,78.2,-50.9,3,10,9,6,2
2026-05-16T15:43:50.738,TRK,34.265283,-106.332703,7153.9,60.8,78.4,-59.3,3,8,7,4,0
2026-05-16T15:43:50.838,TRK,34.265298,-106.332699,7137.1,58.7,80.6,-49.1,3,10,9,6,2
2026-05-16T15:43:50.938,TRK,34.265286,-106.332643,7133.8,57.3,76.0,-53.1,3,9,8,5,1
2026-05-16T15:43:51.038,TRK,34.265307,-106.332638,7129.0,56.5,79.6,-56.5,3,11,10,7,3
2026-05-16T15:43:51.138,TRK,34.265271,-106.332633,7125.1,56.8,77.1,-56.3,3,9,8,5,1
2026-05-16T15:43:51.238,TRK,34.265298,-106.332587,7125.3,54.8,79.3,-56.7,3,11,10,7,3
2026-05-16T15:43:51.338,TRK,34.265305,-106.332597,7108.9,59.5,76.1,-57.6,3,8,7,4,0
2026-05-16T15:43:51.438,TRK,34.265319,-106.332562,7099.7,59.4,77.6,-55.4,3,8,7,4,0
2026-05-16T15:43:51.538,TRK,34.265299,-106.332586,7095.1,56.6,80.2,-49.2,3,8,7,4,0
2026-05-16T15:43:51.638,TRK,34.265288,-106.332508,7105.2,57.7,77.1,-55.4,3,8,7,4,0
2026-05-16T15:43:51.738,TRK,34.265330,-106.332515,7107.5,55.8,75.2,-55.4,3,9,8,5,1
2026-05-16T15:43:51.838,TRK,34.265319,-106.332473,7071.1,53.6,79.1,-57.5,3,10,9,6,2
2026-05-16T15:43:51.938,TRK,34.265322,-106.332472,7074.4,57.4,79.2,-57.6,3,10,9,6,2
2026-05-16T15:43:52.038,TRK,34.265315,-106.332473,7077.3,53.7,76.3,-53.8,3,10,9,6,2
2026-05-16T15:43:52.138,TRK,34.265333,-106.332455,7080.7,55.2,79.5,-52.6,3,8,7,4,0
2026-05-16T15:43:52.238,TRK,34.265336,-106.332410,7036.9,58.9,78.4,-52.3,3,7,6,3,0
2026-05-16T15:43:52.338,TRK,34.265325,-106.332398,7045.9,56.5,77.5,-54.9,3,11,10,7,3
2026-05-16T15:43:52.438,TRK,34.265327,-106.332391,7061.6,58.8,76.6,-58.5,3,8,7,4,0
2026-05-16T15:43:52.538,TRK,34.265324,-106.332377,7057.5,56.4,79.1,-60.8,3,9,8,5,1
2026-05-16T15:43:52.638,TRK,34.265338,-106.332344,7052.4,55.6,79.0,-53.4,3,7,6,3,0
2026-05-16T15:43:52.738,TRK,34.265360,-106.332350,7053.3,56.5,78.3,-52.9,3,9,8,5,1
2026-05-16T15:43:52.838,TRK,34.265353,-106.332304,7024.9,56.9,77.5,-52.9,3,10,9,6,2
2026-05-16T15:43:52.938,TRK,34.265347,-106.332307,7038.6,58.9,80.3,-54.1,3,10,9,6,2
2026-05-16T15:43:53.038,TRK,34.265362,-106.332255,7019.8,57.0,73.7,-53.9,3,7,6,3,0
2026-05-16T15:43:53.138,TRK,34.265371,-106.332232,7016.4,56.7,81.1,-56.1,3,7,6,3,0
2026-05-16T15:43:53.238,TRK,34.265355,-106.332235,6990.4,55.1,75.6,-47.4,3,9,8,5,1
2026-05-16T15:43:53.338,TRK,34.265353,-106.332212,7012.1,55.5,77.6,-51.8,3,12,11,8,4
2026-05-16T15:43:53.438,TRK,34.265356,-106.332194,7001.9,55.2,78.0,-50.8,3,11,10,7,3
2026-05-16T15:43:53.538,TRK,34.265384,-106.332155,6990.4,55.4,77.7,-55.7,3,9,8,5,1
2026-05-16T15:43:53.638,TRK,34.265377,-106.332154,6970.0,55.6,76.4,-62.8,3,8,7,4,0
2026-05-16T15:43:53.738,TRK,34.265376,-106.332134,6983.7,57.6,81.4,-50.7,3,8,7,4,0
2026-05-16T15:43:53.838,TRK,34.265367,-106.332144,6978.8,54.4,79.4,-52.0,3,11,10,7,3
2026-05-16T15:43:53.938,TRK,34.265386,-106.332099,6955.8,60.1,78.4,-53.6,3,11,10,7,3
2026-05-16T15:43:54.038,TRK,34.265392,-106.332107,6998.4,53.2,78.4,-65.4,3,11,10,7,3
2026-05-16T15:43:54.138,TRK,34.265368,-106.332071,6964.0,56.2,79.5,-54.1,3,7,6,3,0
2026-05-16T15:43:54.238,TRK,34.265416,-106.332053,6946.7,55.4,76.3,-55.4,3,9,8,5,1
2026-05-16T15:43:54.338,TRK,34.265391,-106.332045,6952.1,54.4,76.6,-53.7,3,8,7,4,0
2026-05-16T15:43:54.438,TRK,34.265391,-106.332029,6947.4,54.7,76.2,-58.6,3,12,11,8,4
2026-05-16T15:43:54.538,TRK,34.265394,-106.332018,6935.5,55.6,78.5,-61.2,3,10,9,6,2
2026-05-16T15:43:54.638,TRK,34.265394,-106.331983,6910.0,57.2,76.5,-58.0,3,9,8,5,1
2026-05-16T15:43:54.738,TRK,34.265400,-106.331980,6926.4,56.9,77.2,-62.9,3,10,9,6,2
2026-05-16T15:43:54.838,TRK,34.265419,-106.331920,6916.3,54.2,81.8,-54.8,3,9,8,5,1
2026-05-16T15:43:54.938,TRK,34.265410,-106.331942,6896.8,57.3,77.4,-53.7,3,9,8,5,1
2026-05-16T15:43:55.038,TRK,34.265412,-106.331923,6914.2,54.0,77.0,-57.1,3,7,6,3,0
2026-05-16T15:43:55.138,TRK,34.265417,-106.331896,6898.4,55.8,76.2,-54.3,3,10,9,6,2
2026-05-16T15:43:55.238,TRK,34.265420,-106.331878,6871.1,54.7,79.9,-51.1,3,11,10,7,3
2026-05-16T15:43:55.338,TRK,34.265424,-106.331859,6886.8,52.6,73.3,-61.8,3,7,6,3,0
2026-05-16T15:43:55.438,TRK,34.265436,-106.331846,6886.3,52.6,76.7,-57.5,3,10,9,6,2
2026-05-16T15:43:55.538,TRK,34.265426,-106.331804,6875.5,50.0,78.5,-54.6,3,8,7,4,0
2026-05-16T15:43:55.638,TRK,34.265424,-106.331808,6870.4,54.5,76.7,-53.3,3,7,6,3,0
2026-05-16T15:43:55.738,TRK,34.265445,-106.331800,6860.3,53.7,77.6,-54.2,3,9,8,5,1
2026-05-16T15:43:55.838,TRK,34.265418,-106.331786,6865.7,54.5,79.2,-51.1,3,6,5,2,0
2026-05-16T15:43:55.938,TRK,34.265469,-106.331772,6855.4,53.8,77.9,-55.5,3,9,8,5,1
2026-05-16T15:43:56.038,TRK,34.265443,-106.331741,6861.4,51.8,75.9,-53.9,3,8,7,4,0
2026-05-16T15:43:56.138,TRK,34.265469,-106.331741,6842.2,56.6,77.7,-65.1,3,10,9,6,2
2026-05-16T15:43:56.238,TRK,34.265465,-106.331711,6860.5,52.8,77.6,-56.3,3,10,9,6,2
2026-05-16T15:43:56.338,TRK,34.265447,-106.331683,6816.8,53.6,76.5,-56.0,3,9,8,5,1
2026-05-16T15:43:56.438,TRK,34.265466,-106.331648,6844.1,54.9,76.9,-50.1,3,8,7,4,0
2026-05-16T15:43:56.538,TRK,34.265442,-106.331624,6819.5,50.8,81.3,-48.5,3,10,9,6,2
2026-05-16T15:43:56.638,TRK,34.265445,-106.331626,6836.4,51.9,77.4,-53.8,3,10,9,6,2
2026-05-16T15:43:56.738,TRK,34.265456,-106.331615,6831.2,50.9,77.7,-54.0,3,9,8,5,1
2026-05-16T15:43:56.838,TRK,34.265456,-106.331592,6795.8,53.1,81.8,-55.5,3,9,8,5,1
2026-05-16T15:43:56.938,TRK,34.265488,-106.331563,6789.6,51.2,81.4,-52.2,3,9,8,5,1
2026-05-16T15:43:57.038,TRK,34.265483,-106.331542,6785.1,51.0,75.3,-49.5,3,7,6,3,0
2026-05-16T15:43:57.138,TRK,34.265485,-106.331569,6807.9,52.5,77.1,-58.3,3,10,9,6,2
2026-05-16T15:43:57.238,TRK,34.265479,-106.331531,6774.8,57.5,80.8,-56.9,3,9,8,5,1
2026-05-16T15:43:57.338,TRK,34.265487,-106.331519,6768.0,53.1,76.0,-53.7,3,9,8,5,1
2026-05-16T15:43:57.438,TRK,34.265512,-106.331510,6758.7,52.0,78.2,-55.7,3,8,7,4,0
2026-05-16T15:43:57.538,TRK,34.265507,-106.331499,6766.5,53.1,77.0,-52.1,3,9,8,5,1
2026-05-16T15:43:57.638,TRK,34.265483,-106.331449,6751.3,52.3,78.3,-58.3,3,9,8,5,1
2026-05-16T15:43:57.738,TRK,34.265472,-106.331428,6764.0,50.7,73.9,-48.6,3,13,12,9,5
2026-05-16T15:43:57.838,TRK,34.265515,-106.331414,6754.5,50.8,76.5,-59.3,3,11,10,7,3
2026-05-16T15:43:57.938,TRK,34.265503,-106.331416,6749.1,56.9,78.6,-60.6,3,8,7,4,0
2026-05-16T15:43:58.038,TRK,34.265516,-106.331371,6730.3,53.0,80.2,-54.0,3,9,8,5,1
2026-05-16T15:43:58.138,TRK,34.265498,-106.331372,6746.0,53.9,78.2,-57.2,3,10,9,6,2
2026-05-16T15:43:58.238,TRK,34.265499,-106.331364,6726.1,51.9,72.2,-56.8,3,10,9,6,2
2026-05-16T15:43:58.338,TRK,34.265520,-106.331353,6718.4,53.9,79.6,-56.6,3,7,6,3,0
2026-05-16T15:43:58.438,TRK,34.265528,-106.331329,6705.2,52.4,80.3,-57.1,3,11,10,7,3
2026-05-16T15:43:58.538,TRK,34.265521,-106.331308,6722.0,52.5,77.0,-53.1,3,9,8,5,1
2026-05-16T15:43:58.638,TRK,34.265541,-106.331280,6722.7,50.4,81.1,-53.7,3,10,9,6,2
2026-05-16T15:43:58.738,TRK,34.265541,-106.331280,6692.4,51.1,74.0,-59.6,3,9,8,5,1
2026-05-16T15:43:58.838,TRK,34.265510,-106.331251,6663.6,53.6,79.0,-56.2,3,11,10,7,3
2026-05-16T15:43:58.938,TRK,34.265542,-106.331243,6686.7,51.9,80.4,-51.7,3,9,8,5,1
2026-05-16T15:43:59.038,TRK,34.265539,-106.331207,6669.8,49.7,80.1,-61.4,3,10,9,6,2
2026-05-16T15:43:59.138,TRK,34.265543,-106.331211,6672.7,50.9,75.4,-58.0,3,8,7,4,0
2026-05-16T15:43:59.238,TRK,34.265539,-106.331196,6680.6,51.5,78.4,-55.4,3,9,8,5,1
2026-05-16T15:43:59.338,TRK,34.265543,-106.331168,6644.6,49.0,80.5,-59.2,3,7,6,3,0
2026-05-16T15:43:59.438,TRK,34.265557,-106.331145,6657.1,50.8,82.9,-57.0,3,9,8,5,1
2026-05-16T15:43:59.538,TRK,34.265549,-106.331143,6646.8,51.9,79.1,-57.5,3,11,10,7,3
2026-05-16T15:43:59.638,TRK,34.265571,-106.331130,6647.5,52.5,75.0,-58.6,3,10,9,6,2
2026-05-16T15:43:59.738,TRK,34.265562,-106.331119,6658.2,50.2,79.1,-56.0,3,9,8,5,1
2026-05-16T15:43:59.838,TRK,34.265560,-106.331095,6633.0,50.9,78.0,-56.1,3,9,8,5,1
2026-05-16T15:43:59.938,TRK,34.265559,-106.331087,6623.3,50.4,80.4,-57.9,3,7,6,3,0
2026-05-16T15:44:00.038,TRK,34.265573,-106.331058,6620.4,51.0,77.3,-62.4,3,10,9,6,2
2026-05-16T15:44:00.138,TRK,34.265577,-106.331030,6634.1,52.3,78.6,-57.9,3,9,8,5,1
2026-05-16T15:44:00.238,TRK,34.265548,-106.331006,6606.4,51.6,76.5,-49.9,3,8,7,4,0
2026-05-16T15:44:00.338,TRK,34.265563,-106.331002,6609.0,50.9,77.4,-52.4,3,8,7,4,0
2026-05-16T15:44:00.438,TRK,34.265585,-106.331002,6629.2,50.9,76.6,-58.6,3,7,6,3,0
2026-05-16T15:44:00.538,TRK,34.265577,-106.330970,6610.0,48.5,79.5,-58.7,3,8,7,4,0
2026-05-16T15:44:00.638,TRK,34.265573,-106.330960,6564.2,51.3,81.5,-56.9,3,9,8,5,1
2026-05-16T15:44:00.738,TRK,34.265597,-106.330941,6581.5,52.2,78.6,-55.1,3,9,8,5,1
2026-05-16T15:44:00.838,TRK,34.265594,-106.330940,6598.5,45.9,74.4,-54.1,3,9,8,5,1
2026-05-16T15:44:00.938,TRK,34.265608,-106.330913,6589.4,50.2,80.7,-55.1,3,10,9,6,2
2026-05-16T15:44:01.038,TRK,34.265586,-106.330912,6563.9,50.5,78.9,-58.0,3,11,10,7,3
2026-05-16T15:44:01.138,TRK,34.265605,-106.330865,6528.7,52.8,77.7,-55.1,3,10,9,6,2
2026-05-16T15:44:01.238,TRK,34.265595,-106.330864,6557.8,46.5,75.1,-55.8,3,8,7,4,0
2026-05-16T15:44:01.338,TRK,34.265614,-106.330866,6532.1,49.7,80.6,-48.8,3,11,10,7,3
2026-05-16T15:44:01.438,TRK,34.265621,-106.330814,6542.8,47.4,79.7,-53.9,3,10,9,6,2
2026-05-16T15:44:01.538,TRK,34.265609,-106.330820,6547.4,51.1,78.9,-56.1,3,8,7,4,0
2026-05-16T15:44:01.638,TRK,34.265622,-106.330800,6534.0,48.5,80.8,-55.9,3,8,7,4,0
2026-05-16T15:44:01.738,TRK,34.265614,-106.330795,6519.2,47.9,77.4,-54.4,3,8,7,4,0
2026-05-16T15:44:01.838,TRK,34.265623,-106.330768,6517.9,51.4,78.2,-59.0,3,10,9,6,2
2026-05-16T15:44:01.938,TRK,34.265637,-106.330744,6529.3,49.4,77.8,-51.3,3,8,7,4,0
2026-05-16T15:44:02.038,TRK,34.265628,-106.330720,6501.5,52.0,76.2,-51.3,3,9,8,5,1
2026-05-16T15:44:02.138,TRK,34.265617,-106.330739,6520.6,50.3,78.4,-54.5,3,10,9,6,2
2026-05-16T15:44:02.238,TRK,34.265651,-106.330693,6502.5,50.1,74.8,-53.4,3,8,7,4,0
2026-05-16T15:44:02.338,TRK,34.265623,-106.330678,6503.7,50.2,79.5,-54.7,3,11,10,7,3
2026-05-16T15:44:02.438,TRK,34.265628,-106.330677,6488.1,47.4,77.8,-52.5,3,11,10,7,3
2026-05-16T15:44:02.538,TRK,34.265662,-106.330661,6487.7,45.8,74.8,-55.3,3,9,8,5,1
2026-05-16T15:44:02.638,TRK,34.265643,-106.330636,6452.6,47.5,79.7,-56.9,3,7,6,3,0
2026-05-16T15:44:02.738,TRK,34.265673,-106.330651,6470.2,48.7,76.0,-52.1,3,7,6,3,0
2026-05-16T15:44:02.838,TRK,34.265646,-106.330592,6487.5,48.4,79.8,-63.5,3,10,9,6,2
2026-05-16T15:44:02.938,TRK,34.265654,-106.330586,6473.2,46.8,75.5,-50.9,3,10,9,6,2
2026-05-16T15:44:03.038,TRK,34.265651,-106.330555,6456.5,50.4,76.0,-53.6,3,9,8,5,1
2026-05-16T15:44:03.138,TRK,34.265654,-106.330562,6450.3,49.2,77.9,-55.3,3,9,8,5,1
2026-05-16T15:44:03.238,TRK,34.265655,-106.330524,6449.7,47.3,77.3,-61.3,3,10,9,6,2
2026-05-16T15:44:03.338,TRK,34.265670,-106.330512,6435.6,49.8,78.8,-59.6,3,10,9,6,2
2026-05-16T15:44:03.438,TRK,34.265672,-106.330515,6442.5,46.9,77.3,-59.3,3,9,8,5,1
2026-05-16T15:44:03.538,TRK,34.265664,-106.330527,6423.1,46.7,80.7,-51.8,3,10,9,6,2
2026-05-16T15:44:03.638,TRK,34.265666,-106.330490,6443.3,48.0,74.9,-53.0,3,11,10,7,3
2026-05-16T15:44:03.738,TRK,34.265664,-106.330467,6424.8,47.2,74.3,-53.4,3,9,8,5,1
2026-05-16T15:44:03.838,TRK,34.265683,-106.330425,6412.4,46.6,73.8,-60.9,3,10,9,6,2
2026-05-16T15:44:03.938,TRK,34.265692,-106.330458,6419.6,47.7,75.3,-53.7,3,10,9,6,2
2026-05-16T15:44:04.038,TRK,34.265661,-106.330380,6422.7,50.2,80.0,-61.3,3,9,8,5,1
2026-05-16T15:44:04.138,TRK,34.265667,-106.330413,6391.3,48.6,78.9,-61.6,3,11,10,7,3
2026-05-16T15:44:04.238,TRK,34.265677,-106.330413,6407.1,45.9,78.3,-51.2,3,11,10,7,3
2026-05-16T15:44:04.338,TRK,34.265705,-106.330380,6404.0,49.9,75.3,-56.8,3,9,8,5,1
2026-05-16T15:44:04.438,TRK,34.265674,-106.330326,6361.4,47.2,73.9,-49.2,3,9,8,5,1
2026-05-16T15:44:04.538,TRK,34.265682,-106.330299,6378.6,48.4,78.1,-48.7,3,10,9,6,2
2026-05-16T15:44:04.638,TRK,34.265692,-106.330333,6362.7,46.3,78.8,-51.1,3,8,7,4,0
2026-05-16T15:44:04.738,TRK,34.265689,-106.330321,6385.8,44.6,78.4,-57.3,3,9,8,5,1
2026-05-16T15:44:04.838,TRK,34.265708,-106.330314,6349.3,49.0,81.3,-56.3,3,10,9,6,2
2026-05-16T15:44:04.938,TRK,34.265710,-106.330302,6348.3,45.4,76.0,-47.4,3,7,6,3,0
2026-05-16T15:44:05.038,TRK,34.265707,-106.330265,6349.4,47.2,75.9,-59.5,3,9,8,5,1
2026-05-16T15:44:05.138,TRK,34.265727,-106.330251,6359.9,43.8,78.0,-49.9,3,9,8,5,1
2026-05-16T15:44:05.238,TRK,34.265701,-106.330226,6328.4,44.8,78.2,-51.4,3,8,7,4,0
2026-05-16T15:44:05.338,TRK,34.265704,-106.330228,6336.3,46.0,77.1,-56.2,3,8,7,4,0
2026-05-16T15:44:05.438,TRK,34.265724,-106.330206,6321.9,46.8,78.9,-60.8,3,10,9,6,2
2026-05-16T15:44:05.538,TRK,34.265700,-106.330203,6310.7,45.3,79.5,-53.9,3,12,11,8,4
2026-05-16T15:44:05.638,TRK,34.265759,-106.330192,6294.4,49.7,77.5,-54.4,3,10,9,6,2
2026-05-16T15:44:05.738,TRK,34.265726,-106.330153,6292.8,46.2,76.5,-58.0,3,9,8,5,1
2026-05-16T15:44:05.838,TRK,34.265741,-106.330137,6317.3,47.4,77.6,-57.0,3,9,8,5,1
2026-05-16T15:44:05.938,TRK,34.265750,-106.330115,6298.3,42.6,78.8,-54.2,3,6,5,2,0
2026-05-16T15:44:06.038,TRK,34.265726,-106.330127,6291.4,45.6,80.3,-49.9,3,12,11,8,4
2026-05-16T15:44:06.138,TRK,34.265729,-106.330110,6276.5,41.0,77.1,-59.9,3,9,8,5,1
2026-05-16T15:44:06.238,TRK,34.265735,-106.330098,6294.1,44.4,80.8,-56.7,3,9,8,5,1
2026-05-16T15:44:06.338,TRK,34.265749,-106.330062,6267.5,45.8,75.9,-54.8,3,12,11,8,4
2026-05-16T15:44:06.438,TRK,34.265743,-106.330042,6268.5,46.0,77.3,-53.3,3,10,9,6,2
2026-05-16T15:44:06.538,TRK,34.265750,-106.330052,6242.5,46.2,76.5,-53.5,3,9,8,5,1
2026-05-16T15:44:06.638,TRK,34.265735,-106.330030,6265.6,44.1,79.7,-54.8,3,7,6,3,0
2026-05-16T15:44:06.738,TRK,34.265758,-106.330017,6261.7,45.9,76.7,-59.6,3,7,6,3,0
2026-05-16T15:44:06.838,TRK,34.265758,-106.330006,6246.3,45.1,77.6,-56.1,3,9,8,5,1
2026-05-16T15:44:06.938,TRK,34.265755,-106.329969,6218.5,46.3,79.2,-54.2,3,10,9,6,2
2026-05-16T15:44:07.038,TRK,34.265755,-106.329987,6240.6,46.3,81.6,-62.1,3,9,8,5,1
2026-05-16T15:44:07.138,TRK,34.265745,-106.329976,6222.6,46.1,80.3,-55.0,3,8,7,4,0
2026-05-16T15:44:07.238,TRK,34.265777,-106.329938,6216.9,46.0,79.5,-58.4,3,10,9,6,2
2026-05-16T15:44:07.338,TRK,34.265761,-106.329946,6224.3,43.2,77.6,-53.8,3,11,10,7,3
2026-05-16T15:44:07.438,TRK,34.265772,-106.329912,6208.5,47.3,72.3,-53.7,3,6,5,2,0
2026-05-16T15:44:07.538,TRK,34.265770,-106.329906,6223.7,43.8,79.2,-56.3,3,9,8,5,1
2026-05-16T15:44:07.638,TRK,34.265777,-106.329874,6176.8,47.6,76.9,-56.8,3,10,9,6,2
2026-05-16T15:44:07.738,TRK,34.265786,-106.329857,6182.4,43.1,73.6,-56.5,3,9,8,5,1
2026-05-16T15:44:07.838,TRK,34.265770,-106.329847,6173.5,42.4,78.4,-60.5,3,10,9,6,2
2026-05-16T15:44:07.938,TRK,34.265779,-106.329822,6186.6,41.7,78.4,-47.4,3,8,7,4,0
2026-05-16T15:44:08.038,TRK,34.265802,-106.329825,6172.6,42.8,77.6,-56.8,3,9,8,5,1
2026-05-16T15:44:08.138,TRK,34.265804,-106.329797,6178.6,42.4,72.9,-55.4,3,8,7,4,0
2026-05-16T15:44:08.238,TRK,34.265784,-106.329803,6189.2,44.8,73.0,-56.6,3,7,6,3,0
2026-05-16T15:44:08.338,TRK,34.265788,-106.329766,6160.3,44.7,79.2,-52.8,3,11,10,7,3
2026-05-16T15:44:08.438,TRK,34.265800,-106.329770,6142.6,45.0,75.0,-52.4,3,9,8,5,1
2026-05-16T15:44:08.538,TRK,34.265813,-106.329751,6162.6,43.7,79.1,-51.4,3,10,9,6,2
2026-05-16T15:44:08.638,TRK,34.265803,-106.329738,6145.3,44.5,75.7,-48.6,3,9,8,5,1
2026-05-16T15:44:08.738,TRK,34.265801,-106.329743,6143.5,48.6,78.8,-55.2,3,9,8,5,1
2026-05-16T15:44:08.838,TRK,34.265806,-106.329703,6147.4,40.6,75.2,-57.2,3,9,8,5,1
2026-05-16T15:44:08.938,TRK,34.265804,-106.329683,6149.2,45.7,76.8,-56.4,3,9,8,5,1
2026-05-16T15:44:09.038,TRK,34.265805,-106.329696,6125.2,45.0,76.2,-59.6,3,8,7,4,0
2026-05-16T15:44:09.138,TRK,34.265815,-106.329639,6127.1,40.9,77.9,-53.6,3,9,8,5,1
2026-05-16T15:44:09.238,TRK,34.265847,-106.329663,6116.2,43.1,75.0,-52.5,3,11,10,7,3
2026-05-16T15:44:09.338,TRK,34.265808,-106.329630,6130.8,44.0,77.2,-54.3,3,8,7,4,0
2026-05-16T15:44:09.438,TRK,34.265810,-106.329602,6104.6,45.5,78.6,-59.1,3,9,8,5,1
2026-05-16T15:44:09.538,TRK,34.265824,-106.329616,6100.9,45.8,75.1,-50.0,3,8,7,4,0
2026-05-16T15:44:09.638,TRK,34.265823,-106.329600,6109.4,44.5,76.0,-58.0,3,9,8,5,1
2026-05-16T15:44:09.738,TRK,34.265838,-106.329562,6087.1,39.4,80.9,-53.5,3,6,5,2,0
2026-05-16T15:44:09.838,TRK,34.265844,-106.329556,6076.2,42.2,76.2,-50.8,3,9,8,5,1
2026-05-16T15:44:09.938,TRK,34.265814,-106.329548,6050.6,44.1,77.3,-53.9,3,8,7,4,0
2026-05-16T15:44:10.038,TRK,34.265837,-106.329559,6073.8,43.7,79.4,-49.5,3,8,7,4,0
2026-05-16T15:44:10.138,TRK,34.265827,-106.329526,6036.5,42.6,78.1,-54.5,3,9,8,5,1
2026-05-16T15:44:10.238,TRK,34.265833,-106.329521,6052.6,44.4,82.1,-51.3,3,10,9,6,2
2026-05-16T15:44:10.338,TRK,34.265838,-106.329520,6057.3,39.1,78.9,-55.4,3,11,10,7,3
2026-05-16T15:44:10.438,TRK,34.265831,-106.329477,6045.8,43.0,77.5,-55.6,3,12,11,8,4
2026-05-16T15:44:10.538,TRK,34.265842,-106.329503,6049.1,41.2,75.7,-56.8,3,12,11,8,4
2026-05-16T15:44:10.638,TRK,34.265844,-106.329482,6032.4,41.1,76.4,-61.6,3,10,9,6,2
2026-05-16T15:44:10.738,TRK,34.265880,-106.329434,6031.7,43.1,75.5,-53.7,3,7,6,3,0
2026-05-16T15:44:10.838,TRK,34.265868,-106.329412,6035.3,42.0,80.0,-57.6,3,9,8,5,1
2026-05-16T15:44:10.938,TRK,34.265862,-106.329388,6013.7,42.0,78.6,-51.3,3,9,8,5,1
2026-05-16T15:44:11.038,TRK,34.265869,-106.329381,6009.5,39.2,78.0,-56.9,3,8,7,4,0
2026-05-16T15:44:11.138,TRK,34.265860,-106.329373,5987.0,43.3,74.1,-60.7,3,8,7,4,0
2026-05-16T15:44:11.238,TRK,34.265865,-106.329377,6015.6,40.1,76.2,-57.5,3,9,8,5,1
2026-05-16T15:44:11.338,TRK,34.265873,-106.329379,6005.8,42.9,74.6,-55.6,3,10,9,6,2
2026-05-16T15:44:11.438,TRK,34.265885,-106.329360,5967.9,42.8,78.5,-53.0,3,11,10,7,3
2026-05-16T15:44:11.538,TRK,34.265879,-106.329355,5987.1,39.1,81.7,-54.0,3,11,10,7,3
2026-05-16T15:44:11.638,TRK,34.265889,-106.329326,5955.6,39.3,74.5,-57.9,3,10,9,6,2
2026-05-16T15:44:11.738,TRK,34.265882,-106.329305,5978.7,39.0,77.7,-61.8,3,8,7,4,0
2026-05-16T15:44:11.838,TRK,34.265864,-106.329288,5966.8,40.2,72.3,-51.3,3,9,8,5,1
2026-05-16T15:44:11.938,TRK,34.265894,-106.329280,5961.6,40.5,77.8,-55.0,3,9,8,5,1
2026-05-16T15:44:12.038,TRK,34.265864,-106.329255,5943.4,40.9,80.2,-52.2,3,10,9,6,2
2026-05-16T15:44:12.138,TRK,34.265906,-106.329267,5952.7,37.8,76.2,-52.6,3,7,6,3,0
2026-05-16T15:44:12.238,TRK,34.265889,-106.329225,5935.4,42.8,80.2,-53.1,3,10,9,6,2
2026-05-16T15:44:12.338,TRK,34.265879,-106.329232,5924.5,40.6,75.4,-60.8,3,7,6,3,0
2026-05-16T15:44:12.438,TRK,34.265897,-106.329217,5934.1,42.5,76.8,-51.8,3,8,7,4,0
2026-05-16T15:44:12.538,TRK,34.265906,-106.329197,5924.4,41.2,77.6,-57.1,3,7,6,3,0
2026-05-16T15:44:12.638,TRK,34.265915,-106.329201,5920.4,41.9,76.5,-58.5,3,9,8,5,1
2026-05-16T15:44:12.738,TRK,34.265903,-106.329182,5902.1,44.7,81.4,-52.3,3,9,8,5,1
2026-05-16T15:44:12.838,TRK,34.265902,-106.329129,5910.3,37.0,77.9,-54.0,3,7,6,3,0
2026-05-16T15:44:12.938,TRK,34.265904,-106.329157,5913.8,38.4,73.9,-39.7,3,7,6,3,0
2026-05-16T15:44:13.038,TRK,34.265898,-106.329134,5900.8,42.0,76.7,-28.5,3,8,7,4,0
2026-05-16T15:44:13.138,TRK,34.265915,-106.329154,5897.1,42.6,75.0,-21.6,3,13,12,9,5
2026-05-16T15:44:13.238,TRK,34.265900,-106.329120,5894.8,39.5,83.2,-20.9,3,10,9,6,2
2026-05-16T15:44:13.338,TRK,34.265921,-106.329101,5894.4,40.0,75.6,-14.1,3,10,9,6,2
2026-05-16T15:44:13.438,TRK,34.265931,-106.329078,5924.8,36.2,72.3,-19.2,3,9,8,5,1
2026-05-16T15:44:13.538,TRK,34.265899,-106.329066,5892.9,38.0,82.0,-16.3,3,10,9,6,2
2026-05-16T15:44:13.638,TRK,34.265916,-106.329063,5918.0,36.5,80.6,-10.5,3,11,10,7,3
2026-05-16T15:44:13.738,TRK,34.265906,-106.329057,5911.2,40.7,76.7,-14.9,3,8,7,4,0
2026-05-16T15:44:13.838,TRK,34.265899,-106.329048,5904.8,38.7,80.3,-9.5,3,11,10,7,3
2026-05-16T15:44:13.938,TRK,34.265915,-106.328982,5902.8,38.3,81.7,-15.9,3,10,9,6,2
2026-05-16T15:44:14.038,TRK,34.265938,-106.329028,5871.4,39.2,78.1,-16.8,3,7,6,3,0
2026-05-16T15:44:14.138,TRK,34.265915,-106.328987,5893.0,41.9,76.2,-16.9,3,11,10,7,3
2026-05-16T15:44:14.238,TRK,34.265933,-106.329000,5904.9,37.3,77.4,-11.4,3,8,7,4,0
2026-05-16T15:44:14.338,TRK,34.265929,-106.328970,5884.5,39.0,79.9,-22.7,3,6,5,2,0
2026-05-16T15:44:14.438,TRK,34.265948,-106.328984,5874.3,39.2,82.1,-16.1,3,10,9,6,2
2026-05-16T15:44:14.538,TRK,34.265933,-106.328977,5877.9,36.0,75.6,-15.0,3,9,8,5,1
2026-05-16T15:44:14.638,TRK,34.265956,-106.328921,5884.2,39.2,78.3,-19.4,3,8,7,4,0
2026-05-16T15:44:14.738,TRK,34.265937,-106.328934,5876.4,34.8,77.2,-18.8,3,9,8,5,1
2026-05-16T15:44:14.838,TRK,34.265935,-106.328907,5879.2,39.9,78.5,-22.4,3,10,9,6,2
2026-05-16T15:44:14.938,TRK,34.265952,-106.328874,5871.3,35.5,82.3,-12.4,3,11,10,7,3
2026-05-16T15:44:15.038,TRK,34.265971,-106.328854,5870.5,35.9,76.3,-12.7,3,6,5,2,0
2026-05-16T15:44:15.138,TRK,34.265932,-106.328857,5887.6,37.1,78.1,-11.4,3,6,5,2,0
2026-05-16T15:44:15.238,TRK,34.265957,-106.328850,5885.2,35.7,74.5,-8.4,3,10,9,6,2
2026-05-16T15:44:15.338,TRK,34.265939,-106.328832,5859.0,40.6,81.4,-13.2,3,10,9,6,2
2026-05-16T15:44:15.438,TRK,34.265957,-106.328851,5853.2,37.5,79.6,-15.1,3,11,10,7,3
2026-05-16T15:44:15.538,TRK,34.265957,-106.328812,5868.4,38.2,74.3,-9.7,3,10,9,6,2
2026-05-16T15:44:15.638,TRK,34.265965,-106.328805,5876.4,39.8,78.9,-9.8,3,10,9,6,2
2026-05-16T15:44:15.738,TRK,34.265966,-106.328812,5876.3,38.3,71.7,-18.7,3,11,10,7,3
2026-05-16T15:44:15.838,TRK,34.265965,-106.328767,5850.9,37.6,80.8,-19.4,3,10,9,6,2
2026-05-16T15:44:15.938,TRK,34.265991,-106.328778,5877.1,38.4,80.8,-18.1,3,11,10,7,3
2026-05-16T15:44:16.038,TRK,34.265980,-106.328761,5824.2,40.0,80.5,-19.0,3,9,8,5,1
2026-05-16T15:44:16.138,TRK,34.265970,-106.328743,5846.0,41.3,80.5,-13.1,3,9,8,5,1
2026-05-16T15:44:16.238,TRK,34.265950,-106.328747,5858.4,35.9,74.3,-16.0,3,11,10,7,3
2026-05-16T15:44:16.338,TRK,34.265986,-106.328726,5868.2,38.2,79.0,-15.5,3,8,7,4,0
2026-05-16T15:44:16.438,TRK,34.265995,-106.328727,5873.3,38.9,76.9,-14.4,3,7,6,3,0
2026-05-16T15:44:16.538,TRK,34.265982,-106.328689,5845.5,36.3,77.9,-18.3,3,9,8,5,1
2026-05-16T15:44:16.638,TRK,34.265967,-106.328695,5853.8,39.3,76.9,-14.9,3,10,9,6,2
2026-05-16T15:44:16.738,TRK,34.265960,-106.328670,5859.5,37.5,75.8,-16.4,3,8,7,4,0
2026-05-16T15:44:16.838,TRK,34.265988,-106.328659,5862.0,36.8,79.7,-9.5,3,8,7,4,0
2026-05-16T15:44:16.938,TRK,34.265999,-106.328639,5848.0,38.1,80.3,-10.3,3,9,8,5,1
2026-05-16T15:44:17.038,TRK,34.265995,-106.328664,5835.0,36.9,82.7,-19.7,3,10,9,6,2
2026-05-16T15:44:17.138,TRK,34.265997,-106.328606,5845.3,40.2,79.0,-10.9,3,8,7,4,0
2026-05-16T15:44:17.238,TRK,34.265977,-106.328625,5847.8,39.4,79.8,-13.7,3,9,8,5,1
2026-05-16T15:44:17.338,TRK,34.266013,-106.328609,5847.2,34.9,79.7,-15.4,3,11,10,7,3
2026-05-16T15:44:17.438,TRK,34.266013,-106.328586,5831.5,38.2,73.8,-13.8,3,10,9,6,2
2026-05-16T15:44:17.538,TRK,34.265988,-106.328590,5810.7,38.4,79.9,-10.4,3,10,9,6,2
2026-05-16T15:44:17.638,TRK,34.266009,-106.328569,5839.6,40.2,81.6,-15.9,3,8,7,4,0
2026-05-16T15:44:17.738,TRK,34.265984,-106.328551,5840.4,38.3,75.7,-14.6,3,7,6,3,0
2026-05-16T15:44:17.838,TRK,34.266016,-106.328545,5828.2,38.0,79.9,-12.8,3,9,8,5,1
2026-05-16T15:44:17.938,TRK,34.266010,-106.328535,5820.9,39.9,80.8,-21.1,3,9,8,5,1
2026-05-16T15:44:18.038,TRK,34.266030,-106.328500,5800.1,38.7,74.4,-13.2,3,9,8,5,1
2026-05-16T15:44:18.138,TRK,34.265980,-106.328495,5826.3,41.5,76.1,-12.2,3,9,8,5,1
2026-05-16T15:44:18.238,TRK,34.266019,-106.328497,5814.7,41.6,81.4,-8.3,3,9,8,5,1
2026-05-16T15:44:18.338,TRK,34.266014,-106.328497,5819.3,40.2,82.6,-19.4,3,9,8,5,1
2026-05-16T15:44:18.438,TRK,34.266030,-106.328463,5823.3,37.5,73.6,-15.2,3,12,11,8,4
2026-05-16T15:44:18.538,TRK,34.266026,-106.328419,5816.4,38.1,80.2,-17.8,3,11,10,7,3
2026-05-16T15:44:18.638,TRK,34.266031,-106.328463,5793.9,38.7,75.7,-15.2,3,10,9,6,2
2026-05-16T15:44:18.738,TRK,34.266042,-106.328431,5819.5,36.6,78.6,-15.5,3,9,8,5,1
2026-05-16T15:44:18.838,TRK,34.266009,-106.328400,5835.4,35.9,79.3,-11.9,3,7,6,3,0
2026-05-16T15:44:18.938,TRK,34.266060,-106.328414,5853.6,35.7,75.3,-11.9,3,8,7,4,0
2026-05-16T15:44:19.038,TRK,34.266027,-106.328372,5823.2,39.8,79.6,-17.4,3,11,10,7,3
2026-05-16T15:44:19.138,TRK,34.266038,-106.328377,5815.8,38.2,75.7,-18.6,3,9,8,5,1
2026-05-16T15:44:19.238,TRK,34.266058,-106.328370,5813.1,35.6,76.3,-8.8,3,11,10,7,3
2026-05-16T15:44:19.338,TRK,34.266043,-106.328343,5819.4,38.1,77.5,-15.7,3,10,9,6,2
2026-05-16T15:44:19.438,TRK,34.266054,-106.328343,5804.7,40.9,79.5,-20.8,3,8,7,4,0
2026-05-16T15:44:19.538,TRK,34.266047,-106.328355,5797.2,39.3,77.6,-13.9,3,7,6,3,0
2026-05-16T15:44:19.638,TRK,34.266051,-106.328325,5808.9,35.9,82.4,-20.1,3,11,10,7,3
2026-05-16T15:44:19.738,TRK,34.266043,-106.328293,5818.3,35.8,77.0,-13.0,3,11,10,7,3
2026-05-16T15:44:19.838,TRK,34.266052,-106.328295,5795.0,37.1,78.5,-17.6,3,9,8,5,1
2026-05-16T15:44:19.938,TRK,34.266052,-106.328289,5812.7,41.0,77.0,-13.8,3,10,9,6,2
2026-05-16T15:44:20.038,TRK,34.266068,-106.328260,5798.1,39.6,81.1,-16.2,3,10,9,6,2
2026-05-16T15:44:20.138,TRK,34.266035,-106.328253,5832.1,38.5,74.1,-13.2,3,6,5,2,0
2026-05-16T15:44:20.238,TRK,34.266074,-106.328227,5807.1,40.2,76.3,-19.8,3,8,7,4,0
2026-05-16T15:44:20.338,TRK,34.266062,-106.328228,5814.6,35.5,74.7,-10.1,3,12,11,8,4
2026-05-16T15:44:20.438,TRK,34.266059,-106.328214,5800.8,38.7,76.7,-13.9,3,8,7,4,0
2026-05-16T15:44:20.538,TRK,34.266077,-106.328204,5804.1,35.1,77.7,-25.5,3,6,5,2,0
2026-05-16T15:44:20.638,TRK,34.266063,-106.328215,5799.5,38.5,82.0,-5.7,3,7,6,3,0
2026-05-16T15:44:20.738,TRK,34.266080,-106.328199,5780.1,37.7,76.1,-15.5,3,10,9,6,2
2026-05-16T15:44:20.838,TRK,34.266085,-106.328165,5774.2,35.4,78.7,-19.5,3,9,8,5,1
2026-05-16T15:44:20.938,TRK,34.266085,-106.328164,5766.1,35.5,80.9,-11.3,3,11,10,7,3
2026-05-16T15:44:21.038,TRK,34.266087,-106.328115,5788.1,40.2,76.7,-14.2,3,8,7,4,0
2026-05-16T15:44:21.138,TRK,34.266082,-106.328139,5768.5,37.8,78.9,-13.7,3,7,6,3,0
2026-05-16T15:44:21.238,TRK,34.266098,-106.328133,5797.8,39.8,83.3,-12.2,3,12,11,8,4
2026-05-16T15:44:21.338,TRK,34.266086,-106.328107,5791.0,37.7,74.8,-7.4,3,12,11,8,4
2026-05-16T15:44:21.438,TRK,34.266102,-106.328079,5787.4,38.0,78.3,-14.0,3,7,6,3,0
2026-05-16T15:44:21.538,TRK,34.266087,-106.328082,5784.8,37.6,75.8,-13.3,3,8,7,4,0
2026-05-16T15:44:21.638,TRK,34.266107,-106.328063,5779.9,42.2,78.9,-6.7,3,11,10,7,3
2026-05-16T15:44:21.738,TRK,34.266099,-106.328060,5797.8,37.8,77.0,-15.6,3,8,7,4,0
2026-05-16T15:44:21.838,TRK,34.266099,-106.328050,5777.7,34.5,79.9,-18.9,3,9,8,5,1
2026-05-16T15:44:21.938,TRK,34.266110,-106.328028,5777.9,34.3,76.5,-17.1,3,10,9,6,2
2026-05-16T15:44:22.038,TRK,34.266096,-106.328024,5799.5,38.1,79.4,-22.2,3,10,9,6,2
2026-05-16T15:44:22.138,TRK,34.266122,-106.328009,5776.1,35.3,76.7,-12.0,3,5,4,1,0
2026-05-16T15:44:22.238,TRK,34.266107,-106.327986,5754.4,38.2,73.9,-19.2,3,11,10,7,3
2026-05-16T15:44:22.338,TRK,34.266086,-106.327942,5765.4,37.7,78.9,-22.2,3,9,8,5,1
2026-05-16T15:44:22.438,TRK,34.266100,-106.327987,5793.8,35.5,75.0,-15.8,3,10,9,6,2
2026-05-16T15:44:22.538,TRK,34.266118,-106.327942,5759.7,35.5,73.5,-17.4,3,8,7,4,0
2026-05-16T15:44:22.638,TRK,34.266102,-106.327953,5768.1,36.7,75.1,-22.0,3,10,9,6,2
2026-05-16T15:44:22.738,TRK,34.266123,-106.327934,5761.1,38.6,76.8,-15.9,3,7,6,3,0
2026-05-16T15:44:22.838,TRK,34.266113,-106.327947,5756.8,40.9,76.3,-12.9,3,9,8,5,1
2026-05-16T15:44:22.938,TRK,34.266128,-106.327921,5751.3,40.5,77.4,-18.8,3,10,9,6,2
2026-05-16T15:44:23.038,TRK,34.266118,-106.327899,5770.6,38.7,80.2,-18.0,3,8,7,4,0
2026-05-16T15:44:23.138,TRK,34.266130,-106.327892,5745.2,34.3,75.9,-12.7,3,8,7,4,0
2026-05-16T15:44:23.238,TRK,34.266141,-106.327856,5757.2,34.7,74.9,-21.1,3,10,9,6,2
2026-05-16T15:44:23.338,TRK,34.266118,-106.327873,5776.1,35.8,79.9,-15.7,3,9,8,5,1
2026-05-16T15:44:23.438,TRK,34.266120,-106.327886,5754.1,37.1,77.4,-14.5,3,8,7,4,0
2026-05-16T15:44:23.538,TRK,34.266119,-106.327845,5746.6,36.4,78.4,-13.8,3,8,7,4,0
2026-05-16T15:44:23.638,TRK,34.266148,-106.327837,5765.4,36.5,77.8,-16.8,3,11,10,7,3
2026-05-16T15:44:23.738,TRK,34.266127,-106.327829,5757.8,36.9,81.6,-16.4,3,9,8,5,1
2026-05-16T15:44:23.838,TRK,34.266132,-106.327796,5763.6,35.2,80.4,-18.6,3,10,9,6,2
2026-05-16T15:44:23.938,TRK,34.266152,-106.327816,5749.1,32.4,78.8,-12.5,3,9,8,5,1
2026-05-16T15:44:24.038,TRK,34.266153,-106.327776,5719.3,35.0,76.0,-12.9,3,8,7,4,0
2026-05-16T15:44:24.138,TRK,34.266140,-106.327790,5726.7,38.7,81.4,-11.3,3,9,8,5,1
2026-05-16T15:44:24.238,TRK,34.266147,-106.327761,5714.3,33.8,74.4,-16.5,3,7,6,3,0
2026-05-16T15:44:24.338,TRK,34.266162,-106.327726,5735.3,38.2,79.3,-11.7,3,8,7,4,0
2026-05-16T15:44:24.438,TRK,34.266171,-106.327741,5730.3,38.2,75.7,-10.9,3,6,5,2,0
2026-05-16T15:44:24.538,TRK,34.266167,-106.327755,5739.0,36.6,79.8,-14.6,3,8,7,4,0
2026-05-16T15:44:24.638,TRK,34.266169,-106.327714,5720.8,39.6,77.3,-11.5,3,10,9,6,2
2026-05-16T15:44:24.738,TRK,34.266152,-106.327695,5733.8,37.3,76.5,-13.4,3,9,8,5,1
2026-05-16T15:44:24.838,TRK,34.266163,-106.327734,5737.5,38.2,77.5,-13.4,3,10,9,6,2
2026-05-16T15:44:24.938,TRK,34.266144,-106.327681,5734.6,38.2,79.8,-12.8,3,10,9,6,2
2026-05-16T15:44:25.038,TRK,34.266168,-106.327661,5724.7,38.2,82.1,-16.8,3,6,5,2,0
2026-05-16T15:44:25.138,TRK,34.266166,-106.327672,5728.5,32.3,77.6,-10.6,3,9,8,5,1
2026-05-16T15:44:25.238,TRK,34.266166,-106.327632,5725.4,36.4,78.0,-17.7,3,10,9,6,2
2026-05-16T15:44:25.338,TRK,34.266188,-106.327602,5715.0,35.6,82.6,-17.0,3,7,6,3,0
2026-05-16T15:44:25.438,TRK,34.266191,-106.327629,5715.5,36.7,77.7,-15.9,3,7,6,3,0
2026-05-16T15:44:25.538,TRK,34.266184,-106.327599,5734.1,34.2,71.3,-16.1,3,9,8,5,1
2026-05-16T15:44:25.638,TRK,34.266197,-106.327629,5716.8,36.5,74.5,-21.1,3,10,9,6,2
2026-05-16T15:44:25.738,TRK,34.266163,-106.327585,5713.3,35.9,77.9,-21.3,3,11,10,7,3
2026-05-16T15:44:25.838,TRK,34.266181,-106.327578,5723.8,36.1,81.9,-18.5,3,12,11,8,4
2026-05-16T15:44:25.938,TRK,34.266184,-106.327585,5698.2,36.8,82.1,-17.7,3,7,6,3,0
2026-05-16T15:44:26.038,TRK,34.266186,-106.327558,5728.7,38.9,76.6,-13.2,3,8,7,4,0
2026-05-16T15:44:26.138,TRK,34.266179,-106.327536,5711.3,37.3,73.5,-19.3,3,8,7,4,0
2026-05-16T15:44:26.238,TRK,34.266182,-106.327526,5713.5,35.2,78.4,-15.8,3,6,5,2,0
2026-05-16T15:44:26.338,TRK,34.266199,-106.327512,5687.9,38.1,79.7,-19.9,3,9,8,5,1
2026-05-16T15:44:26.438,TRK,34.266184,-106.327517,5710.5,37.3,80.8,-19.2,3,10,9,6,2
2026-05-16T15:44:26.538,TRK,34.266199,-106.327480,5708.9,37.8,78.7,-11.0,3,8,7,4,0
2026-05-16T15:44:26.638,TRK,34.266212,-106.327500,5693.5,37.4,74.9,-20.0,3,10,9,6,2
2026-05-16T15:44:26.738,TRK,34.266198,-106.327454,5700.1,34.7,72.6,-13.7,3,9,8,5,1
2026-05-16T15:44:26.838,TRK,34.266207,-106.327443,5703.1,37.6,76.4,-15.1,3,9,8,5,1
2026-05-16T15:44:26.938,TRK,34.266205,-106.327424,5691.0,36.0,77.0,-11.5,3,8,7,4,0
2026-05-16T15:44:27.038,TRK,34.266214,-106.327442,5710.2,40.1,77.6,-16.9,3,9,8,5,1
2026-05-16T15:44:27.138,TRK,34.266202,-106.327417,5689.8,36.7,80.2,-15.7,3,9,8,5,1
2026-05-16T15:44:27.238,TRK,34.266207,-106.327408,5697.9,39.6,79.6,-13.7,3,10,9,6,2
2026-05-16T15:44:27.338,TRK,34.266217,-106.327399,5704.8,34.9,78.0,-12.5,3,7,6,3,0
2026-05-16T15:44:27.438,TRK,34.266206,-106.327374,5678.6,32.6,71.3,-9.1,3,11,10,7,3
2026-05-16T15:44:27.538,TRK,34.266223,-106.327371,5699.2,34.3,76.1,-11.3,3,11,10,7,3
2026-05-16T15:44:27.638,TRK,34.266207,-106.327368,5671.1,34.4,80.9,-9.0,3,10,9,6,2
2026-05-16T15:44:27.738,TRK,34.266205,-106.327347,5702.4,37.8,79.1,-14.4,3,10,9,6,2
2026-05-16T15:44:27.838,TRK,34.266216,-106.327339,5699.2,35.5,82.5,-10.5,3,9,8,5,1
2026-05-16T15:44:27.938,TRK,34.266226,-106.327320,5682.5,37.6,79.3,-14.8,3,10,9,6,2
2026-05-16T15:44:28.038,TRK,34.266224,-106.327286,5703.1,35.0,76.4,-18.2,3,11,10,7,3
2026-05-16T15:44:28.138,TRK,34.266235,-106.327292,5684.2,33.8,75.7,-15.6,3,8,7,4,0
2026-05-16T15:44:28.238,TRK,34.266238,-106.327290,5674.1,32.7,80.6,-14.8,3,9,8,5,1
2026-05-16T15:44:28.338,TRK,34.266239,-106.327249,5669.0,36.2,73.5,-9.2,3,8,7,4,0
2026-05-16T15:44:28.438,TRK,34.266227,-106.327283,5668.4,37.3,78.4,-14.3,3,9,8,5,1
2026-05-16T15:44:28.538,TRK,34.266237,-106.327258,5669.0,33.6,78.3,-9.6,3,10,9,6,2
2026-05-16T15:44:28.638,TRK,34.266225,-106.327284,5682.8,35.4,78.0,-12.8,3,9,8,5,1
2026-05-16T15:44:28.738,TRK,34.266258,-106.327246,5678.2,36.0,73.6,-5.8,3,9,8,5,1
2026-05-16T15:44:28.838,TRK,34.266238,-106.327201,5664.9,36.4,75.9,-22.0,3,8,7,4,0
2026-05-16T15:44:28.938,TRK,34.266244,-106.327205,5665.6,35.8,79.9,-8.8,3,8,7,4,0
2026-05-16T15:44:29.038,TRK,34.266252,-106.327199,5662.0,33.8,80.4,-20.1,3,9,8,5,1
2026-05-16T15:44:29.138,TRK,34.266226,-106.327182,5675.2,34.6,78.1,-11.9,3,8,7,4,0
2026-05-16T15:44:29.238,TRK,34.266248,-106.327169,5658.3,36.4,80.7,-11.9,3,9,8,5,1
2026-05-16T15:44:29.338,TRK,34.266237,-106.327166,5655.1,38.6,76.3,-17.6,3,11,10,7,3
2026-05-16T15:44:29.438,TRK,34.266247,-106.327133,5672.7,32.0,82.8,-19.0,3,6,5,2,0
2026-05-16T15:44:29.538,TRK,34.266240,-106.327141,5654.9,33.9,79.0,-13.9,3,9,8,5,1
2026-05-16T15:44:29.638,TRK,34.266269,-106.327127,5661.8,33.1,78.3,-14.1,3,10,9,6,2
2026-05-16T15:44:29.738,TRK,34.266264,-106.327097,5673.9,37.4,77.1,-21.6,3,10,9,6,2
2026-05-16T15:44:29.838,TRK,34.266282,-106.327119,5663.5,31.4,71.2,-20.2,3,11,10,7,3
2026-05-16T15:44:29.938,TRK,34.266262,-106.327117,5691.2,35.1,81.2,-10.7,3,8,7,4,0
2026-05-16T15:44:30.038,TRK,34.266272,-106.327083,5653.8,36.3,79.3,-16.6,3,7,6,3,0
2026-05-16T15:44:30.138,TRK,34.266236,-106.327097,5630.8,35.2,73.3,-13.6,3,7,6,3,0
2026-05-16T15:44:30.238,TRK,34.266274,-106.327068,5645.4,36.7,77.7,-11.4,3,8,7,4,0
2026-05-16T15:44:30.338,TRK,34.266274,-106.327071,5644.4,37.2,80.3,-19.9,3,11,10,7,3
2026-05-16T15:44:30.438,TRK,34.266272,-106.327029,5659.7,36.9,75.7,-15.6,3,11,10,7,3
2026-05-16T15:44:30.538,TRK,34.266277,-106.327012,5635.2,39.0,77.3,-15.9,3,9,8,5,1
2026-05-16T15:44:30.638,TRK,34.266294,-106.326996,5649.7,34.6,79.0,-15.3,3,8,7,4,0
2026-05-16T15:44:30.738,TRK,34.266301,-106.327028,5664.4,38.5,76.6,-17.4,3,8,7,4,0
2026-05-16T15:44:30.838,TRK,34.266277,-106.326980,5649.3,34.3,77.8,-15.0,3,8,7,4,0
2026-05-16T15:44:30.938,TRK,34.266273,-106.326992,5665.0,35.6,79.6,-13.0,3,6,5,2,0
2026-05-16T15:44:31.038,TRK,34.266266,-106.326965,5642.3,34.8,73.8,-17.9,3,10,9,6,2
2026-05-16T15:44:31.138,TRK,34.266290,-106.326956,5650.8,31.9,78.0,-12.1,3,10,9,6,2
2026-05-16T15:44:31.238,TRK,34.266297,-106.326918,5648.1,34.8,78.7,-13.3,3,8,7,4,0
2026-05-16T15:44:31.338,TRK,34.266305,-106.326939,5611.8,37.6,76.5,-16.5,3,11,10,7,3
2026-05-16T15:44:31.438,TRK,34.266318,-106.326919,5630.3,34.8,76.7,-13.8,3,9,8,5,1
2026-05-16T15:44:31.538,TRK,34.266284,-106.326908,5603.6,37.0,75.4,-9.9,3,10,9,6,2
2026-05-16T15:44:31.638,TRK,34.266278,-106.326907,5644.4,39.9,77.1,-10.7,3,8,7,4,0
2026-05-16T15:44:31.738,TRK,34.266300,-106.326880,5616.6,34.8,80.4,-11.2,3,10,9,6,2
2026-05-16T15:44:31.838,TRK,34.266304,-106.326888,5633.7,35.3,74.8,-20.3,3,9,8,5,1
2026-05-16T15:44:31.938,TRK,34.266292,-106.326884,5623.6,37.9,73.2,-12.1,3,9,8,5,1
2026-05-16T15:44:32.038,TRK,34.266309,-106.326822,5623.2,32.6,83.3,-14.7,3,10,9,6,2
2026-05-16T15:44:32.138,TRK,34.266318,-106.326844,5623.2,34.3,76.3,-12.3,3,8,7,4,0
2026-05-16T15:44:32.238,TRK,34.266315,-106.326820,5629.9,34.9,75.9,-12.7,3,10,9,6,2
2026-05-16T15:44:32.338,TRK,34.266318,-106.326797,5628.5,33.7,77.4,-18.3,3,8,7,4,0
2026-05-16T15:44:32.438,TRK,34.266318,-106.326809,5596.3,31.6,75.9,-10.3,3,9,8,5,1
2026-05-16T15:44:32.538,TRK,34.266315,-106.326799,5624.4,34.4,82.1,-14.5,3,8,7,4,0
2026-05-16T15:44:32.638,TRK,34.266315,-106.326797,5604.7,31.4,78.4,-16.9,3,8,7,4,0
2026-05-16T15:44:32.738,TRK,34.266325,-106.326776,5602.6,36.1,76.9,-17.1,3,6,5,2,0
2026-05-16T15:44:32.838,TRK,34.266312,-106.326758,5616.9,34.0,77.1,-16.1,3,10,9,6,2
2026-05-16T15:44:32.938,TRK,34.266321,-106.326781,5599.5,34.2,78.5,-16.9,3,10,9,6,2
2026-05-16T15:44:33.038,TRK,34.266334,-106.326754,5608.7,36.2,78.5,-15.6,3,11,10,7,3
2026-05-16T15:44:33.138,TRK,34.266327,-106.326732,5633.2,33.1,77.7,-13.1,3,10,9,6,2
2026-05-16T15:44:33.238,TRK,34.266310,-106.326711,5589.5,36.2,74.1,-21.8,3,8,7,4,0
2026-05-16T15:44:33.338,TRK,34.266318,-106.326673,5631.1,34.9,77.4,-17.5,3,10,9,6,2
2026-05-16T15:44:33.438,TRK,34.266355,-106.326715,5609.3,34.7,77.3,-10.3,3,8,7,4,0
2026-05-16T15:44:33.538,TRK,34.266338,-106.326695,5619.7,33.2,77.6,-23.2,3,10,9,6,2
2026-05-16T15:44:33.638,TRK,34.266330,-106.326668,5601.3,38.3,78.5,-6.5,3,6,5,2,0
2026-05-16T15:44:33.738,TRK,34.266326,-106.326660,5580.2,36.4,81.9,-20.6,3,10,9,6,2
2026-05-16T15:44:33.838,TRK,34.266344,-106.326650,5578.1,37.1,78.1,-11.9,3,11,10,7,3
2026-05-16T15:44:33.938,TRK,34.266361,-106.326629,5605.3,31.6,74.8,-13.3,3,8,7,4,0
2026-05-16T15:44:34.038,TRK,34.266336,-106.326656,5592.0,32.1,79.2,-20.8,3,10,9,6,2
2026-05-16T15:44:34.138,TRK,34.266333,-106.326621,5583.3,36.3,78.0,-18.5,3,11,10,7,3
2026-05-16T15:44:34.238,TRK,34.266348,-106.326589,5586.1,36.6,79.1,-12.5,3,10,9,6,2
2026-05-16T15:44:34.338,TRK,34.266349,-106.326620,5574.2,34.1,83.1,-15.7,3,8,7,4,0
2026-05-16T15:44:34.438,TRK,34.266356,-106.326568,5593.2,35.9,83.6,-9.8,3,8,7,4,0
2026-05-16T15:44:34.538,TRK,34.266339,-106.326577,5589.0,34.6,76.7,-12.8,3,9,8,5,1
2026-05-16T15:44:34.638,TRK,34.266360,-106.326543,5564.6,34.3,80.2,-14.9,3,8,7,4,0
2026-05-16T15:44:34.738,TRK,34.266379,-106.326555,5586.8,32.6,79.6,-16.7,3,10,9,6,2
2026-05-16T15:44:34.838,TRK,34.266356,-106.326548,5561.9,33.0,83.9,-16.2,3,9,8,5,1
2026-05-16T15:44:34.938,TRK,34.266359,-106.326511,5577.7,31.5,77.4,-21.0,3,8,7,4,0
2026-05-16T15:44:35.038,TRK,34.266381,-106.326504,5583.4,34.2,79.5,-14.6,3,10,9,6,2
2026-05-16T15:44:35.138,TRK,34.266355,-106.326488,5587.3,32.5,77.4,-14.3,3,11,10,7,3
2026-05-16T15:44:35.238,TRK,34.266362,-106.326518,5574.5,34.6,79.4,-16.1,3,11,10,7,3
2026-05-16T15:44:35.338,TRK,34.266378,-106.326483,5570.6,33.3,71.2,-12.0,3,9,8,5,1
2026-05-16T15:44:35.438,TRK,34.266377,-106.326469,5591.9,31.4,78.8,-16.5,3,9,8,5,1
2026-05-16T15:44:35.538,TRK,34.266382,-106.326474,5565.7,35.7,82.0,-13.5,3,9,8,5,1
2026-05-16T15:44:35.638,TRK,34.266386,-106.326454,5567.2,38.7,77.8,-9.1,3,6,5,2,0
2026-05-16T15:44:35.738,TRK,34.266371,-106.326428,5572.9,31.5,82.5,-13.5,3,12,11,8,4
2026-05-16T15:44:35.838,TRK,34.266387,-106.326427,5557.4,32.6,73.3,-19.2,3,7,6,3,0
2026-05-16T15:44:35.938,TRK,34.266380,-106.326409,5574.2,33.3,74.2,-16.6,3,10,9,6,2
2026-05-16T15:44:36.038,TRK,34.266382,-106.326382,5562.5,33.3,81.7,-17.5,3,11,10,7,3
2026-05-16T15:44:36.138,TRK,34.266400,-106.326397,5568.8,32.8,72.9,-15.3,3,8,7,4,0
2026-05-16T15:44:36.238,TRK,34.266396,-106.326387,5556.9,33.0,86.3,-10.6,3,10,9,6,2
2026-05-16T15:44:36.338,TRK,34.266412,-106.326354,5553.1,33.7,79.6,-12.1,3,9,8,5,1
2026-05-16T15:44:36.438,TRK,34.266387,-106.326344,5564.8,30.8,77.2,-14.8,3,8,7,4,0
2026-05-16T15:44:36.538,TRK,34.266402,-106.326348,5569.5,33.8,76.9,-8.2,3,9,8,5,1
2026-05-16T15:44:36.638,TRK,34.266400,-106.326352,5550.0,33.0,76.7,-18.1,3,11,10,7,3
2026-05-16T15:44:36.738,TRK,34.266396,-106.326311,5541.0,37.0,71.0,-14.3,3,11,10,7,3
2026-05-16T15:44:36.838,TRK,34.266411,-106.326302,5550.3,33.5,79.4,-21.3,3,10,9,6,2
2026-05-16T15:44:36.938,TRK,34.266395,-106.326330,5548.5,33.4,76.5,-8.7,3,10,9,6,2
2026-05-16T15:44:37.038,TRK,34.266413,-106.326298,5540.5,35.3,80.2,-9.7,3,8,7,4,0
2026-05-16T15:44:37.138,TRK,34.266400,-106.326258,5542.3,30.4,75.7,-15.8,3,10,9,6,2
2026-05-16T15:44:37.238,TRK,34.266408,-106.326262,5564.6,32.7,80.2,-13.6,3,9,8,5,1
2026-05-16T15:44:37.338,TRK,34.266425,-106.326275,5565.5,34.8,77.0,-10.7,3,10,9,6,2
2026-05-16T15:44:37.438,TRK,34.266414,-106.326238,5545.6,35.8,73.2,-11.9,3,8,7,4,0
2026-05-16T15:44:37.538,TRK,34.266431,-106.326253,5537.1,33.6,88.2,-11.9,3,10,9,6,2
2026-05-16T15:44:37.638,TRK,34.266432,-106.326225,5523.7,32.3,78.8,-12.5,3,8,7,4,0
2026-05-16T15:44:37.738,TRK,34.266428,-106.326196,5532.2,34.9,81.1,-11.1,3,6,5,2,0
2026-05-16T15:44:37.838,TRK,34.266402,-106.326202,5523.1,33.2,81.5,-14.6,3,11,10,7,3
2026-05-16T15:44:37.938,TRK,34.266430,-106.326181,5521.6,32.6,76.3,-16.3,3,7,6,3,0
2026-05-16T15:44:38.038,TRK,34.266408,-106.326194,5524.7,35.4,78.8,-14.1,3,11,10,7,3
2026-05-16T15:44:38.138,TRK,34.266425,-106.326181,5561.8,34.6,75.9,-21.8,3,10,9,6,2
2026-05-16T15:44:38.238,TRK,34.266431,-106.326153,5527.8,28.9,75.3,-15.1,3,7,6,3,0
2026-05-16T15:44:38.338,TRK,34.266443,-106.326163,5524.2,34.2,80.0,-12.1,3,10,9,6,2
2026-05-16T15:44:38.438,TRK,34.266431,-106.326121,5512.4,30.9,78.4,-13.5,3,10,9,6,2
2026-05-16T15:44:38.538,TRK,34.266422,-106.326160,5526.7,31.8,75.6,-13.8,3,6,5,2,0
2026-05-16T15:44:38.638,TRK,34.266437,-106.326122,5519.2,32.2,74.1,-20.3,3,8,7,4,0
2026-05-16T15:44:38.738,TRK,34.266443,-106.326129,5531.2,35.4,77.6,-14.6,3,9,8,5,1
2026-05-16T15:44:38.838,TRK,34.266442,-106.326126,5530.2,32.8,69.4,-19.6,3,9,8,5,1
2026-05-16T15:44:38.938,TRK,34.266426,-106.326086,5514.4,34.8,79.4,-12.1,3,9,8,5,1
2026-05-16T15:44:39.038,TRK,34.266447,-106.326083,5519.8,33.4,82.6,-14.7,3,8,7,4,0
2026-05-16T15:44:39.138,TRK,34.266448,-106.326091,5529.0,35.3,77.7,-19.6,3,9,8,5,1
2026-05-16T15:44:39.238,TRK,34.266444,-106.326056,5494.6,30.5,78.1,-13.7,3,10,9,6,2
2026-05-16T15:44:39.338,TRK,34.266464,-106.326054,5501.9,32.3,76.0,-10.0,3,7,6,3,0
2026-05-16T15:44:39.438,TRK,34.266455,-106.326058,5515.7,34.5,79.0,-14.5,3,9,8,5,1
2026-05-16T15:44:39.538,TRK,34.266482,-106.326027,5523.9,32.4,75.7,-23.0,3,7,6,3,0
2026-05-16T15:44:39.638,TRK,34.266440,-106.326023,5493.0,35.9,78.2,-13.9,3,9,8,5,1
2026-05-16T15:44:39.738,TRK,34.266455,-106.325985,5506.0,29.9,78.0,-18.2,3,8,7,4,0
2026-05-16T15:44:39.838,TRK,34.266476,-106.325991,5479.4,32.6,79.0,-12.9,3,7,6,3,0
2026-05-16T15:44:39.938,TRK,34.266458,-106.325977,5505.2,32.9,81.6,-16.1,3,9,8,5,1
2026-05-16T15:44:40.038,TRK,34.266469,-106.325984,5527.0,33.3,74.8,-14.5,3,8,7,4,0
2026-05-16T15:44:40.138,TRK,34.266466,-106.325966,5508.8,35.3,80.8,-13.0,3,10,9,6,2
2026-05-16T15:44:40.238,TRK,34.266471,-106.325948,5500.2,35.5,78.1,-25.2,3,9,8,5,1
2026-05-16T15:44:40.338,TRK,34.266468,-106.325925,5509.8,34.6,72.6,-4.5,3,10,9,6,2
2026-05-16T15:44:40.438,TRK,34.266457,-106.325907,5513.4,35.5,78.5,-16.5,3,10,9,6,2
2026-05-16T15:44:40.538,TRK,34.266485,-106.325926,5470.5,33.0,82.4,-16.8,3,8,7,4,0
2026-05-16T15:44:40.638,TRK,34.266464,-106.325907,5483.8,34.2,76.4,-13.6,3,5,4,1,0
2026-05-16T15:44:40.738,TRK,34.266481,-106.325900,5497.1,33.3,62.6,-13.6,3,10,9,6,2
2026-05-16T15:44:40.838,TRK,34.266475,-106.325899,5477.2,33.2,82.0,-12.1,3,10,9,6,2
2026-05-16T15:44:40.938,TRK,34.266498,-106.325854,5491.8,32.9,72.6,-16.8,3,8,7,4,0
2026-05-16T15:44:41.038,TRK,34.266487,-106.325854,5497.1,30.3,83.3,-14.9,3,8,7,4,0
2026-05-16T15:44:41.138,TRK,34.266495,-106.325853,5481.9,31.8,75.4,-12.7,3,7,6,3,0
2026-05-16T15:44:41.238,TRK,34.266484,-106.325842,5483.8,35.4,80.1,-14.5,3,7,6,3,0
2026-05-16T15:44:41.338,TRK,34.266523,-106.325827,5485.3,33.3,76.1,-13.1,3,7,6,3,0
2026-05-16T15:44:41.438,TRK,34.266489,-106.325837,5478.4,35.2,78.4,-15.2,3,6,5,2,0
2026-05-16T15:44:41.538,TRK,34.266501,-106.325802,5474.5,31.2,70.9,-13.9,3,11,10,7,3
2026-05-16T15:44:41.638,TRK,34.266492,-106.325789,5463.3,31.2,81.0,-17.6,3,5,4,1,0
2026-05-16T15:44:41.738,TRK,34.266509,-106.325785,5483.1,34.3,83.3,-16.3,3,10,9,6,2
2026-05-16T15:44:41.838,TRK,34.266486,-106.325762,5458.6,33.1,76.2,-23.1,3,10,9,6,2
2026-05-16T15:44:41.938,TRK,34.266493,-106.325762,5482.0,32.3,75.6,-19.9,3,8,7,4,0
2026-05-16T15:44:42.038,TRK,34.266510,-106.325737,5466.2,29.2,76.9,-19.2,3,7,6,3,0
2026-05-16T15:44:42.138,TRK,34.266518,-106.325774,5473.6,34.2,77.9,-9.1,3,9,8,5,1
2026-05-16T15:44:42.238,TRK,34.266510,-106.325739,5465.1,32.9,82.4,-7.4,3,11,10,7,3
2026-05-16T15:44:42.338,TRK,34.266493,-106.325724,5462.8,37.1,75.0,-16.0,3,11,10,7,3
2026-05-16T15:44:42.438,TRK,34.266512,-106.325713,5477.3,33.9,74.8,-12.6,3,9,8,5,1
2026-05-16T15:44:42.538,TRK,34.266534,-106.325711,5455.1,32.1,78.0,-17.8,3,11,10,7,3
2026-05-16T15:44:42.638,TRK,34.266496,-106.325699,5458.4,32.5,78.5,-10.0,3,8,7,4,0
2026-05-16T15:44:42.738,TRK,34.266526,-106.325711,5467.0,30.5,83.8,-13.8,3,7,6,3,0
2026-05-16T15:44:42.838,TRK,34.266536,-106.325693,5442.6,31.6,78.8,-19.7,3,12,11,8,4
2026-05-16T15:44:42.938,TRK,34.266503,-106.325651,5454.1,35.0,78.2,-15.7,3,6,5,2,0
2026-05-16T15:44:43.038,TRK,34.266538,-106.325670,5469.4,34.8,76.4,-14.3,3,11,10,7,3
2026-05-16T15:44:43.138,TRK,34.266540,-106.325660,5436.0,30.3,77.9,-16.5,3,8,7,4,0
2026-05-16T15:44:43.238,TRK,34.266515,-106.325614,5453.2,34.2,81.4,-17.8,3,10,9,6,2
2026-05-16T15:44:43.338,TRK,34.266529,-106.325629,5466.0,31.7,80.6,-18.8,3,8,7,4,0
2026-05-16T15:44:43.438,TRK,34.266530,-106.325596,5464.4,31.2,76.7,-11.9,3,11,10,7,3
2026-05-16T15:44:43.538,TRK,34.266536,-106.325596,5448.8,35.0,79.3,-9.5,3,6,5,2,0
2026-05-16T15:44:43.638,TRK,34.266521,-106.325586,5460.7,30.3,80.5,-5.4,3,7,6,3,0
2026-05-16T15:44:43.738,TRK,34.266517,-106.325584,5440.6,32.7,79.2,-14.9,3,9,8,5,1
2026-05-16T15:44:43.838,TRK,34.266529,-106.325579,5433.7,31.2,76.8,-18.2,3,7,6,3,0
2026-05-16T15:44:43.938,TRK,34.266522,-106.325571,5454.5,32.0,77.5,-13.1,3,9,8,5,1
2026-05-16T15:44:44.038,TRK,34.266540,-106.325556,5456.7,35.1,78.4,-13.0,3,8,7,4,0
2026-05-16T15:44:44.138,TRK,34.266545,-106.325532,5436.7,35.0,77.8,-17.4,3,10,9,6,2
2026-05-16T15:44:44.238,TRK,34.266529,-106.325519,5443.1,30.0,76.9,-10.6,3,10,9,6,2
2026-05-16T15:44:44.338,TRK,34.266547,-106.325505,5457.3,31.3,77.4,-15.7,3,9,8,5,1
2026-05-16T15:44:44.438,TRK,34.266522,-106.325502,5436.3,30.1,71.6,-16.2,3,10,9,6,2
2026-05-16T15:44:44.538,TRK,34.266541,-106.325510,5430.5,32.7,81.8,-8.1,3,10,9,6,2
2026-05-16T15:44:44.638,TRK,34.266550,-106.325464,5460.6,34.1,72.1,-12.9,3,10,9,6,2
2026-05-16T15:44:44.738,TRK,34.266534,-106.325450,5425.4,32.8,80.1,-14.3,3,12,11,8,4
2026-05-16T15:44:44.838,TRK,34.266533,-106.325448,5423.3,31.6,80.4,-10.0,3,8,7,4,0
2026-05-16T15:44:44.938,TRK,34.266553,-106.325451,5436.1,32.1,80.3,-13.4,3,11,10,7,3
2026-05-16T15:44:45.038,TRK,34.266575,-106.325431,5407.5,30.1,80.2,-14.2,3,12,11,8,4
2026-05-16T15:44:45.138,TRK,34.266566,-106.325407,5428.6,29.5,74.6,-18.3,3,9,8,5,1
2026-05-16T15:44:45.238,TRK,34.266558,-106.325411,5402.1,30.7,73.0,-10.0,3,8,7,4,0
2026-05-16T15:44:45.338,TRK,34.266570,-106.325423,5416.1,32.4,82.0,-16.0,3,8,7,4,0
2026-05-16T15:44:45.438,TRK,34.266561,-106.325408,5420.8,33.1,75.3,-10.0,3,9,8,5,1
2026-05-16T15:44:45.538,TRK,34.266575,-106.325399,5402.1,31.4,75.7,-19.9,3,9,8,5,1
2026-05-16T15:44:45.638,TRK,34.266547,-106.325370,5397.0,31.4,77.8,-12.4,3,11,10,7,3
2026-05-16T15:44:45.738,TRK,34.266550,-106.325395,5434.2,33.0,75.1,-10.5,3,9,8,5,1
2026-05-16T15:44:45.838,TRK,34.266568,-106.325333,5415.0,29.9,76.5,-16.8,3,12,11,8,4
2026-05-16T15:44:45.938,TRK,34.266559,-106.325332,5405.8,30.8,79.4,-14.5,3,7,6,3,0
2026-05-16T15:44:46.038,TRK,34.266593,-106.325350,5403.9,32.1,70.8,-19.8,3,10,9,6,2
2026-05-16T15:44:46.138,TRK,34.266561,-106.325318,5411.9,29.6,78.8,-21.5,3,11,10,7,3
2026-05-16T15:44:46.238,TRK,34.266587,-106.325326,5420.8,30.5,84.6,-8.8,3,7,6,3,0
2026-05-16T15:44:46.338,TRK,34.266608,-106.325284,5426.4,31.1,78.4,-9.3,3,7,6,3,0
2026-05-16T15:44:46.438,TRK,34.266582,-106.325294,5396.7,32.8,73.2,-10.2,3,9,8,5,1
2026-05-16T15:44:46.538,TRK,34.266567,-106.325288,5408.1,30.2,77.8,-16.4,3,9,8,5,1
2026-05-16T15:44:46.638,TRK,34.266598,-106.325281,5392.3,30.6,78.6,-17.2,3,9,8,5,1
2026-05-16T15:44:46.738,TRK,34.266584,-106.325280,5405.3,27.3,78.7,-16.4,3,7,6,3,0
2026-05-16T15:44:46.838,TRK,34.266614,-106.325274,5413.0,33.6,83.0,-11.3,3,11,10,7,3
2026-05-16T15:44:46.938,TRK,34.266604,-106.325219,5380.0,31.2,68.8,-9.4,3,10,9,6,2
2026-05-16T15:44:47.038,TRK,34.266595,-106.325235,5400.6,32.7,75.1,-16.7,3,8,7,4,0
2026-05-16T15:44:47.138,TRK,34.266586,-106.325259,5386.2,34.4,76.8,-14.2,3,11,10,7,3
2026-05-16T15:44:47.238,TRK,34.266604,-106.325210,5415.2,31.0,79.8,-8.5,3,9,8,5,1
2026-05-16T15:44:47.338,TRK,34.266613,-106.325231,5369.1,32.8,75.9,-13.9,3,11,10,7,3
2026-05-16T15:44:47.438,TRK,34.266595,-106.325186,5386.6,30.6,74.5,-3.8,3,9,8,5,1
2026-05-16T15:44:47.538,TRK,34.266597,-106.325201,5396.3,32.4,83.5,-11.7,3,8,7,4,0
2026-05-16T15:44:47.638,TRK,34.266575,-106.325199,5384.0,32.9,77.3,-14.5,3,10,9,6,2
2026-05-16T15:44:47.738,TRK,34.266609,-106.325167,5377.4,32.3,78.6,-19.5,3,10,9,6,2
2026-05-16T15:44:47.838,TRK,34.266613,-106.325165,5387.0,29.4,76.7,-11.2,3,10,9,6,2
2026-05-16T15:44:47.938,TRK,34.266604,-106.325152,5383.0,30.3,79.6,-11.5,3,12,11,8,4
2026-05-16T15:44:48.038,TRK,34.266615,-106.325099,5382.6,33.4,69.4,-9.3,3,8,7,4,0
2026-05-16T15:44:48.138,TRK,34.266600,-106.325141,5382.6,31.6,77.4,-8.1,3,8,7,4,0
2026-05-16T15:44:48.238,TRK,34.266624,-106.325105,5381.6,31.7,85.9,-14.0,3,9,8,5,1
2026-05-16T15:44:48.338,TRK,34.266608,-106.325102,5376.0,34.9,77.0,-12.1,3,7,6,3,0
2026-05-16T15:44:48.438,TRK,34.266603,-106.325071,5385.2,29.9,75.9,-22.1,3,10,9,6,2
2026-05-16T15:44:48.538,TRK,34.266627,-106.325062,5378.2,33.8,83.1,-12.6,3,8,7,4,0
2026-05-16T15:44:48.638,TRK,34.266628,-106.325095,5354.7,31.3,78.0,-9.5,3,9,8,5,1
2026-05-16T15:44:48.738,TRK,34.266613,-106.325067,5375.0,31.4,81.2,-14.9,3,6,5,2,0
2026-05-16T15:44:48.838,TRK,34.266629,-106.325056,5384.5,29.0,81.6,-12.4,3,10,9,6,2
2026-05-16T15:44:48.938,TRK,34.266638,-106.325034,5355.6,29.8,76.0,-16.6,3,10,9,6,2
2026-05-16T15:44:49.038,TRK,34.266626,-106.325014,5381.2,31.3,76.8,-17.3,3,9,8,5,1
2026-05-16T15:44:49.138,TRK,34.266637,-106.325036,5371.6,31.7,74.8,-14.1,3,9,8,5,1
2026-05-16T15:44:49.238,TRK,34.266617,-106.325017,5374.4,29.7,71.5,-12.8,3,9,8,5,1
2026-05-16T15:44:49.338,TRK,34.266634,-106.324989,5369.4,32.7,76.3,-15.5,3,8,7,4,0
2026-05-16T15:44:49.438,TRK,34.266639,-106.325000,5378.0,29.5,81.7,-6.9,3,9,8,5,1
2026-05-16T15:44:49.538,TRK,34.266641,-106.324986,5350.1,34.5,73.7,-15.7,3,9,8,5,1
2026-05-16T15:44:49.638,TRK,34.266623,-106.324974,5342.6,27.8,78.1,-16.3,3,9,8,5,1
2026-05-16T15:44:49.738,TRK,34.266640,-106.324980,5347.9,30.5,76.9,-14.1,3,8,7,4,0
2026-05-16T15:44:49.838,TRK,34.266645,-106.324945,5344.2,33.2,75.7,-18.2,3,10,9,6,2
2026-05-16T15:44:49.938,TRK,34.266651,-106.324930,5347.8,31.9,78.3,-16.9,3,10,9,6,2
2026-05-16T15:44:50.038,TRK,34.266639,-106.324962,5342.5,33.2,79.6,-21.6,3,8,7,4,0
2026-05-16T15:44:50.138,TRK,34.266648,-106.324904,5336.5,27.0,73.9,-15.3,3,9,8,5,1
2026-05-16T15:44:50.238,TRK,34.266655,-106.324902,5360.6,30.8,74.9,-20.4,3,11,10,7,3
2026-05-16T15:44:50.338,TRK,34.266672,-106.324888,5325.8,29.9,75.7,-18.7,3,10,9,6,2
2026-05-16T15:44:50.438,TRK,34.266666,-106.324883,5334.4,32.4,79.3,-12.4,3,11,10,7,3
2026-05-16T15:44:50.538,TRK,34.266675,-106.324861,5341.0,32.2,69.3,-20.4,3,9,8,5,1
2026-05-16T15:44:50.638,TRK,34.266661,-106.324870,5341.6,32.6,79.2,-15.8,3,7,6,3,0
2026-05-16T15:44:50.738,TRK,34.266678,-106.324866,5350.7,30.3,81.8,-18.8,3,11,10,7,3
2026-05-16T15:44:50.838,TRK,34.266667,-106.324856,5318.5,29.9,78.3,-18.3,3,9,8,5,1
2026-05-16T15:44:50.938,TRK,34.266665,-106.324834,5326.4,31.7,81.2,-10.2,3,8,7,4,0
2026-05-16T15:44:51.038,TRK,34.266680,-106.324831,5322.8,32.6,80.1,-21.1,3,11,10,7,3
2026-05-16T15:44:51.138,TRK,34.266666,-106.324825,5353.0,32.4,75.2,-15.4,3,8,7,4,0
2026-05-16T15:44:51.238,TRK,34.266664,-106.324820,5307.9,29.6,79.5,-13.7,3,10,9,6,2
2026-05-16T15:44:51.338,TRK,34.266657,-106.324791,5332.9,31.4,74.4,-16.0,3,10,9,6,2
2026-05-16T15:44:51.438,TRK,34.266672,-106.324813,5361.7,29.7,82.7,-13.9,3,6,5,2,0
2026-05-16T15:44:51.538,TRK,34.266680,-106.324799,5330.4,30.5,81.2,-13.2,3,10,9,6,2
2026-05-16T15:44:51.638,TRK,34.266667,-106.324767,5331.5,31.5,78.7,-18.0,3,10,9,6,2
2026-05-16T15:44:51.738,TRK,34.266684,-106.324754,5319.2,30.3,83.4,-17.8,3,10,9,6,2
2026-05-16T15:44:51.838,TRK,34.266689,-106.324748,5314.7,30.0,80.6,-13.0,3,7,6,3,0
2026-05-16T15:44:51.938,TRK,34.266667,-106.324728,5315.1,30.6,78.6,-14.0,3,9,8,5,1
2026-05-16T15:44:52.038,TRK,34.266652,-106.324713,5334.4,32.1,73.7,-16.5,3,8,7,4,0
2026-05-16T15:44:52.138,TRK,34.266681,-106.324715,5303.3,31.2,76.5,-18.8,3,10,9,6,2
2026-05-16T15:44:52.238,TRK,34.266674,-106.324709,5328.2,33.5,77.5,-15.8,3,10,9,6,2
2026-05-16T15:44:52.338,TRK,34.266687,-106.324680,5306.9,32.8,77.2,-10.8,3,11,10,7,3
2026-05-16T15:44:52.438,TRK,34.266692,-106.324685,5319.9,30.3,73.0,-15.3,3,9,8,5,1
2026-05-16T15:44:52.538,TRK,34.266708,-106.324662,5287.4,30.6,78.9,-11.5,3,9,8,5,1
2026-05-16T15:44:52.638,TRK,34.266690,-106.324665,5293.4,33.9,81.2,-14.1,3,8,7,4,0
2026-05-16T15:44:52.738,TRK,34.266711,-106.324644,5303.4,30.9,79.1,-13.5,3,11,10,7,3
2026-05-16T15:44:52.838,TRK,34.266717,-106.324666,5307.3,32.3,76.7,-8.7,3,9,8,5,1
2026-05-16T15:44:52.938,TRK,34.266707,-106.324669,5303.4,32.3,82.6,-16.5,3,8,7,4,0
2026-05-16T15:44:53.038,TRK,34.266714,-106.324619,5295.4,28.6,85.1,-11.5,3,9,8,5,1
2026-05-16T15:44:53.138,TRK,34.266681,-106.324607,5322.5,31.4,75.5,-12.2,3,9,8,5,1
2026-05-16T15:44:53.238,TRK,34.266725,-106.324609,5301.1,30.9,71.5,-18.8,3,9,8,5,1
2026-05-16T15:44:53.338,TRK,34.266726,-106.324599,5307.8,28.7,74.8,-14.1,3,10,9,6,2
2026-05-16T15:44:53.438,TRK,34.266686,-106.324587,5297.3,28.6,78.6,-16.0,3,11,10,7,3
2026-05-16T15:44:53.538,TRK,34.266708,-106.324612,5314.5,32.0,75.0,-21.8,3,8,7,4,0
2026-05-16T15:44:53.638,TRK,34.266712,-106.324574,5304.4,30.8,77.6,-16.1,3,9,8,5,1
2026-05-16T15:44:53.738,TRK,34.266691,-106.324562,5296.4,30.4,78.7,-19.5,3,11,10,7,3
2026-05-16T15:44:53.838,TRK,34.266719,-106.324559,5300.5,32.8,76.3,-8.4,3,9,8,5,1
2026-05-16T15:44:53.938,TRK,34.266731,-106.324550,5286.8,33.5,83.0,-17.1,3,8,7,4,0
2026-05-16T15:44:54.038,TRK,34.266704,-106.324537,5280.0,28.7,82.2,-15.8,3,10,9,6,2
2026-05-16T15:44:54.138,TRK,34.266711,-106.324526,5287.1,29.0,69.8,-10.8,3,10,9,6,2
2026-05-16T15:44:54.238,TRK,34.266723,-106.324507,5273.5,30.5,79.4,-14.8,3,11,10,7,3
2026-05-16T15:44:54.338,TRK,34.266727,-106.324517,5283.3,32.9,77.3,-9.7,3,9,8,5,1
2026-05-16T15:44:54.438,TRK,34.266719,-106.324486,5305.3,30.6,76.0,-17.3,3,12,11,8,4
2026-05-16T15:44:54.538,TRK,34.266747,-106.324482,5278.8,29.0,76.4,-15.4,3,8,7,4,0
2026-05-16T15:44:54.638,TRK,34.266735,-106.324486,5269.2,31.4,75.0,-18.0,3,7,6,3,0
2026-05-16T15:44:54.738,TRK,34.266736,-106.324461,5284.4,27.9,77.7,-17.8,3,10,9,6,2
2026-05-16T15:44:54.838,TRK,34.266756,-106.324460,5282.1,31.9,78.4,-16.0,3,9,8,5,1
2026-05-16T15:44:54.938,TRK,34.266739,-106.324414,5255.6,26.4,71.9,-16.7,3,8,7,4,0
2026-05-16T15:44:55.038,TRK,34.266730,-106.324416,5302.5,30.4,78.1,-14.4,3,8,7,4,0
2026-05-16T15:44:55.138,TRK,34.266727,-106.324427,5273.6,30.8,80.7,-12.9,3,8,7,4,0
2026-05-16T15:44:55.238,TRK,34.266744,-106.324389,5284.6,29.9,82.3,-17.8,3,9,8,5,1
2026-05-16T15:44:55.338,TRK,34.266733,-106.324406,5259.5,29.4,75.3,-11.4,3,8,7,4,0
2026-05-16T15:44:55.438,TRK,34.266757,-106.324385,5257.2,28.4,77.6,-17.4,3,9,8,5,1
2026-05-16T15:44:55.538,TRK,34.266732,-106.324418,5279.9,28.1,76.4,-14.1,3,8,7,4,0
2026-05-16T15:44:55.638,TRK,34.266755,-106.324390,5256.3,31.4,78.3,-7.9,3,10,9,6,2
2026-05-16T15:44:55.738,TRK,34.266757,-106.324355,5253.9,31.3,82.3,-19.1,3,11,10,7,3
2026-05-16T15:44:55.838,TRK,34.266749,-106.324351,5251.2,33.6,74.0,-9.7,3,8,7,4,0
2026-05-16T15:44:55.938,TRK,34.266746,-106.324358,5260.2,32.8,78.0,-16.0,3,10,9,6,2
2026-05-16T15:44:56.038,TRK,34.266757,-106.324318,5252.3,27.8,80.7,-10.8,3,11,10,7,3
2026-05-16T15:44:56.138,TRK,34.266759,-106.324324,5238.7,27.5,78.9,-10.5,3,10,9,6,2
2026-05-16T15:44:56.238,TRK,34.266761,-106.324296,5253.2,25.6,87.0,-7.7,3,7,6,3,0
2026-05-16T15:44:56.338,TRK,34.266770,-106.324323,5269.8,28.4,75.5,-15.2,3,8,7,4,0
2026-05-16T15:44:56.438,TRK,34.266749,-106.324306,5272.3,29.1,78.8,-14.9,3,10,9,6,2
2026-05-16T15:44:56.538,TRK,34.266757,-106.324285,5265.0,31.4,82.1,-16.1,3,12,11,8,4
2026-05-16T15:44:56.638,TRK,34.266763,-106.324263,5251.5,30.4,77.7,-8.5,3,9,8,5,1
2026-05-16T15:44:56.738,TRK,34.266767,-106.324286,5255.3,30.4,81.7,-8.8,3,9,8,5,1
2026-05-16T15:44:56.838,TRK,34.266770,-106.324270,5247.4,30.5,76.5,-13.5,3,10,9,6,2
2026-05-16T15:44:56.938,TRK,34.266734,-106.324261,5245.7,32.6,79.1,-9.4,3,10,9,6,2
2026-05-16T15:44:57.038,TRK,34.266775,-106.324271,5246.3,26.4,80.3,-12.0,3,8,7,4,0
2026-05-16T15:44:57.138,TRK,34.266773,-106.324220,5241.5,30.0,76.9,-19.5,3,8,7,4,0
2026-05-16T15:44:57.238,TRK,34.266782,-106.324229,5247.0,27.3,80.9,-15.1,3,9,8,5,1
2026-05-16T15:44:57.338,TRK,34.266780,-106.324257,5243.9,31.1,80.8,-18.8,3,9,8,5,1
2026-05-16T15:44:57.438,TRK,34.266770,-106.324223,5246.7,29.6,79.0,-17.9,3,11,10,7,3
2026-05-16T15:44:57.538,TRK,34.266775,-106.324197,5226.8,32.8,79.3,-13.4,3,8,7,4,0
2026-05-16T15:44:57.638,TRK,34.266777,-106.324189,5253.9,26.8,73.9,-21.2,3,10,9,6,2
2026-05-16T15:44:57.738,TRK,34.266777,-106.324196,5222.2,30.2,74.5,-23.8,3,9,8,5,1
2026-05-16T15:44:57.838,TRK,34.266796,-106.324169,5235.0,26.3,71.7,-15.7,3,10,9,6,2
2026-05-16T15:44:57.938,TRK,34.266775,-106.324152,5236.7,27.7,74.6,-16.6,3,8,7,4,0
2026-05-16T15:44:58.038,TRK,34.266792,-106.324157,5216.3,27.1,70.3,-18.3,3,9,8,5,1
2026-05-16T15:44:58.138,TRK,34.266779,-106.324149,5224.9,27.9,77.3,-12.1,3,10,9,6,2
2026-05-16T15:44:58.238,TRK,34.266797,-106.324129,5231.7,27.0,82.5,-13.9,3,9,8,5,1
2026-05-16T15:44:58.338,TRK,34.266805,-106.324111,5248.5,32.3,79.8,-13.9,3,9,8,5,1
2026-05-16T15:44:58.438,TRK,34.266781,-106.324098,5237.1,27.9,77.6,-6.1,3,7,6,3,0
2026-05-16T15:44:58.538,TRK,34.266796,-106.324099,5241.5,24.8,84.1,-15.6,3,9,8,5,1
2026-05-16T15:44:58.638,TRK,34.266792,-106.324089,5224.8,28.6,76.9,-11.8,3,8,7,4,0
2026-05-16T15:44:58.738,TRK,34.266783,-106.324096,5226.5,27.3,75.6,-14.3,3,9,8,5,1
2026-05-16T15:44:58.838,TRK,34.266806,-106.324098,5195.6,30.7,82.1,-14.3,3,9,8,5,1
2026-05-16T15:44:58.938,TRK,34.266769,-106.324052,5206.7,29.8,77.3,-9.4,3,11,10,7,3
2026-05-16T15:44:59.038,TRK,34.266793,-106.324056,5213.1,28.2,78.2,-16.7,3,6,5,2,0
2026-05-16T15:44:59.138,TRK,34.266798,-106.324042,5217.7,31.0,78.1,-14.8,3,8,7,4,0
2026-05-16T15:44:59.238,TRK,34.266814,-106.324008,5210.9,28.6,70.0,8.2,3,10,9,6,2
2026-05-16T15:44:59.338,TRK,34.266813,-106.324044,5203.2,30.1,72.3,-5.1,3,10,9,6,2
2026-05-16T15:44:59.438,TRK,34.266813,-106.324032,5210.4,28.2,81.9,-0.1,3,9,8,5,1
2026-05-16T15:44:59.538,TRK,34.266804,-106.324020,5209.9,28.1,77.9,-4.7,3,8,7,4,0
2026-05-16T15:44:59.638,TRK,34.266804,-106.324043,5210.4,27.4,78.4,2.0,3,12,11,8,4
2026-05-16T15:44:59.738,TRK,34.266807,-106.324040,5189.7,28.2,78.9,-1.7,3,9,8,5,1
2026-05-16T15:44:59.838,TRK,34.266799,-106.324068,5203.3,25.7,73.5,-3.4,3,11,10,7,3
2026-05-16T15:44:59.938,TRK,34.266800,-106.324051,5224.3,30.7,71.6,3.5,3,10,9,6,2
2026-05-16T15:45:00.038,TRK,34.266805,-106.324031,5201.1,29.1,77.7,4.7,3,10,9,6,2
2026-05-16T15:45:00.138,TRK,34.266791,-106.324055,5194.8,30.2,79.7,-2.6,3,6,5,2,0
2026-05-16T15:45:00.238,TRK,34.266813,-106.324026,5224.3,26.9,77.2,1.3,3,9,8,5,1
2026-05-16T15:45:00.338,TRK,34.266824,-106.324037,5204.7,28.1,73.3,-7.6,3,11,10,7,3
2026-05-16T15:45:00.438,TRK,34.266816,-106.324036,5235.1,30.4,78.8,-0.4,3,10,9,6,2
2026-05-16T15:45:00.538,TRK,34.266824,-106.324031,5205.4,29.0,74.2,-5.0,3,11,10,7,3
2026-05-16T15:45:00.638,TRK,34.266816,-106.324026,5210.0,28.0,74.7,7.5,3,9,8,5,1
2026-05-16T15:45:00.738,TRK,34.266802,-106.324075,5208.5,27.3,81.8,0.5,3,10,9,6,2
2026-05-16T15:45:00.838,TRK,34.266781,-106.324025,5205.2,30.2,77.8,-1.1,3,8,7,4,0
2026-05-16T15:45:00.938,TRK,34.266811,-106.324026,5222.8,28.3,82.0,-2.6,3,7,6,3,0
2026-05-16T15:45:01.038,TRK,34.266811,-106.324040,5219.0,25.8,79.1,-2.0,3,9,8,5,1
2026-05-16T15:45:01.138,TRK,34.266803,-106.324034,5207.8,27.9,78.9,4.2,3,11,10,7,3
2026-05-16T15:45:01.238,TRK,34.266806,-106.324028,5210.2,31.3,71.6,3.1,3,8,7,4,0
2026-05-16T15:45:01.338,TRK,34.266815,-106.324068,5220.7,30.1,73.9,5.7,3,7,6,3,0
2026-05-16T15:45:01.438,TRK,34.266814,-106.324056,5199.2,29.1,75.5,0.5,3,9,8,5,1
2026-05-16T15:45:01.538,TRK,34.266822,-106.324052,5219.8,28.5,79.7,2.7,3,8,7,4,0
2026-05-16T15:45:01.638,TRK,34.266805,-106.324028,5203.4,29.7,72.1,2.6,3,9,8,5,1
2026-05-16T15:45:01.738,TRK,34.266804,-106.324029,5211.9,26.8,79.1,4.2,3,9,8,5,1
2026-05-16T15:45:01.838,TRK,34.266816,-106.324062,5193.9,31.3,77.7,-2.9,3,11,10,7,3
2026-05-16T15:45:01.938,TRK,34.266821,-106.324021,5210.4,27.7,78.5,1.9,3,10,9,6,2
2026-05-16T15:45:02.038,TRK,34.266788,-106.324036,5217.6,32.5,74.9,4.9,3,11,10,7,3
2026-05-16T15:45:02.138,TRK,34.266795,-106.324041,5216.5,26.9,77.9,-3.5,3,9,8,5,1
2026-05-16T15:45:02.238,TRK,34.266802,-106.324018,5195.4,29.1,74.0,0.2,3,9,8,5,1
2026-05-16T15:45:02.338,TRK,34.266815,-106.324034,5215.3,28.7,79.2,0.9,3,7,6,3,0
2026-05-16T15:45:02.438,TRK,34.266791,-106.324062,5233.9,31.8,73.1,-4.0,3,11,10,7,3
2026-05-16T15:45:02.538,TRK,34.266825,-106.324060,5219.7,29.9,79.2,0.3,3,8,7,4,0
2026-05-16T15:45:02.638,TRK,34.266803,-106.324020,5232.2,29.9,72.2,-5.9,3,11,10,7,3
2026-05-16T15:45:02.738,TRK,34.266821,-106.324037,5205.3,29.7,71.6,-10.7,3,10,9,6,2
2026-05-16T15:45:02.838,TRK,34.266806,-106.324020,5214.4,24.6,79.0,-2.5,3,8,7,4,0
2026-05-16T15:45:02.938,TRK,34.266804,-106.324043,5202.1,29.0,82.1,2.2,3,8,7,4,0
2026-05-16T15:45:03.038,TRK,34.266811,-106.324051,5218.7,30.6,79.0,-3.1,3,9,8,5,1
2026-05-16T15:45:03.138,TRK,34.266811,-106.324057,5230.9,26.3,77.8,1.1,3,7,6,3,0
2026-05-16T15:45:03.238,TRK,34.266788,-106.324023,5221.5,29.4,81.3,-1.6,3,8,7,4,0
2026-05-16T15:45:03.338,TRK,34.266816,-106.324035,5198.0,27.9,73.8,-1.3,3,13,12,9,5
2026-05-16T15:45:03.438,TRK,34.266812,-106.324047,5223.8,29.2,84.0,-1.5,3,8,7,4,0
2026-05-16T15:45:03.538,TRK,34.266812,-106.324031,5220.7,31.8,80.3,-6.0,3,8,7,4,0
2026-05-16T15:45:03.638,TRK,34.266814,-106.324024,5215.0,28.5,82.6,-0.1,3,9,8,5,1
2026-05-16T15:45:03.738,TRK,34.266831,-106.324058,5219.0,30.3,75.0,2.4,3,9,8,5,1
2026-05-16T15:45:03.838,TRK,34.266790,-106.324039,5221.8,29.1,80.0,-1.6,3,11,10,7,3
2026-05-16T15:45:03.938,TRK,34.266803,-106.324016,5200.4,30.0,73.8,-1.2,3,8,7,4,0
2026-05-16T15:45:04.038,TRK,34.266819,-106.324040,5220.1,31.1,83.6,4.7,3,9,8,5,1
2026-05-16T15:45:04.138,TRK,34.266813,-106.324040,5203.4,30.6,73.5,5.7,3,9,8,5,1
2026-05-16T15:45:04.238,TRK,34.266814,-106.324037,5218.0,32.1,79.8,3.9,3,10,9,6,2
2026-05-16T15:45:04.338,TRK,34.266793,-106.324056,5223.6,25.8,78.9,-4.2,3,8,7,4,0
2026-05-16T15:45:04.438,TRK,34.266804,-106.324052,5223.9,28.9,78.3,3.7,3,9,8,5,1
2026-05-16T15:45:04.538,TRK,34.266809,-106.324029,5223.7,28.7,73.6,0.3,3,9,8,5,1
2026-05-16T15:45:04.638,TRK,34.266814,-106.324034,5237.2,33.5,76.2,-1.0,3,11,10,7,3
2026-05-16T15:45:04.738,TRK,34.266829,-106.324054,5222.3,28.8,74.2,-1.1,3,8,7,4,0
2026-05-16T15:45:04.838,TRK,34.266808,-106.324039,5221.3,29.3,73.3,-3.1,3,11,10,7,3
2026-05-16T15:45:04.938,TRK,34.266808,-106.324046,5233.9,27.8,85.1,0.7,3,7,6,3,0
2026-05-16T15:45:05.038,TRK,34.266798,-106.324044,5227.8,29.8,81.8,4.0,3,8,7,4,0
2026-05-16T15:45:05.138,TRK,34.266805,-106.324048,5220.3,29.9,77.6,0.6,3,11,10,7,3
