t_iso,gps_unit,lat_deg,lon_deg,alt_ft,hvel_fps,heading_deg,upvel_fps,fix_type,sats_total,sats_24,sats_32,sats_40
2026-05-16T15:41:53.500,TRK,34.259088,-106.363141,5242.7,0.2,332.7,-1.2,3,10,9,6,2
2026-05-16T15:41:53.602,TRK,34.259102,-106.363102,5191.4,0.4,165.9,0.6,3,6,5,2,0
2026-05-16T15:41:53.704,TRK,34.259131,-106.363101,5168.4,0.1,302.2,-1.0,3,8,7,4,0
2026-05-16T15:41:53.806,TRK,34.259132,-106.363117,5246.1,0.2,123.6,-0.5,3,8,7,4,0
2026-05-16T15:41:53.908,TRK,34.259100,-106.363091,5198.5,0.2,7.0,-1.1,3,6,5,2,0
2026-05-16T15:41:54.010,TRK,34.259092,-106.363105,5222.9,0.2,297.7,0.3,3,8,7,4,0
2026-05-16T15:41:54.112,TRK,34.259128,-106.363065,5204.2,0.5,53.6,0.8,3,8,7,4,0
2026-05-16T15:41:54.214,TRK,34.259112,-106.363066,5249.3,0.1,95.9,-1.0,3,9,8,5,1
2026-05-16T15:41:54.316,TRK,34.259073,-106.363065,5232.2,0.2,301.0,-0.3,3,8,7,4,0
2026-05-16T15:41:54.418,TRK,34.259058,-106.363113,5231.4,0.4,38.9,-1.2,3,10,9,6,2
2026-05-16T15:41:54.520,TRK,34.259070,-106.363092,5252.6,0.3,351.0,0.6,3,11,10,7,3
2026-05-16T15:41:54.622,TRK,34.259111,-106.363137,5208.2,0.7,196.4,0.1,3,7,6,3,0
2026-05-16T15:41:54.724,TRK,34.259094,-106.363128,5274.6,0.4,285.5,1.5,3,11,10,7,3
2026-05-16T15:41:54.826,TRK,34.259083,-106.363111,5228.2,0.3,166.1,-0.2,3,7,6,3,0
2026-05-16T15:41:54.928,TRK,34.259087,-106.363081,5246.9,0.8,274.9,0.3,3,10,9,6,2
2026-05-16T15:41:55.030,TRK,34.259121,-106.363087,5192.9,0.3,354.1,0.1,3,6,5,2,0
2026-05-16T15:41:55.132,TRK,34.259069,-106.363107,5226.5,0.3,36.8,1.1,3,10,9,6,2
2026-05-16T15:41:55.234,TRK,34.259106,-106.363091,5176.4,0.7,230.3,0.6,3,10,9,6,2
2026-05-16T15:41:55.336,TRK,34.259095,-106.363050,5243.1,0.8,163.6,0.7,3,10,9,6,2
2026-05-16T15:41:55.438,TRK,34.259127,-106.363063,5238.5,1.0,46.7,1.8,3,9,8,5,1
2026-05-16T15:41:55.540,TRK,34.259069,-106.363062,5191.9,0.3,246.6,0.0,3,8,7,4,0
2026-05-16T15:41:55.642,TRK,34.259108,-106.363147,5220.4,0.6,5.3,0.2,3,9,8,5,1
2026-05-16T15:41:55.744,TRK,34.259135,-106.363058,5215.9,1.1,51.7,-0.0,3,7,6,3,0
2026-05-16T15:41:55.846,TRK,34.259121,-106.363121,5208.5,0.5,146.9,-0.2,3,8,7,4,0
2026-05-16T15:41:55.948,TRK,34.259096,-106.363064,5217.5,0.5,81.2,0.3,3,10,9,6,2
2026-05-16T15:41:56.050,TRK,34.259067,-106.363085,5215.9,0.5,349.1,0.6,3,12,11,8,4
2026-05-16T15:41:56.152,TRK,34.259113,-106.363104,5192.2,0.5,220.5,0.0,3,10,9,6,2
2026-05-16T15:41:56.254,TRK,34.259129,-106.363116,5219.9,1.1,31.0,1.1,3,7,6,3,0
2026-05-16T15:41:56.356,TRK,34.259093,-106.363090,5218.6,0.6,258.0,-0.5,3,8,7,4,0
2026-05-16T15:41:56.458,TRK,34.259097,-106.363079,5176.6,0.6,142.0,-0.7,3,11,10,7,3
2026-05-16T15:41:56.560,TRK,34.259109,-106.363099,5187.1,0.6,218.1,-1.3,3,11,10,7,3
2026-05-16T15:41:56.662,TRK,34.259108,-106.363109,5204.1,0.6,49.7,0.9,3,9,8,5,1
2026-05-16T15:41:56.764,TRK,34.259095,-106.363099,5205.7,0.4,243.9,0.2,3,9,8,5,1
2026-05-16T15:41:56.866,TRK,34.259112,-106.363086,5185.7,0.1,79.2,1.2,3,9,8,5,1
2026-05-16T15:41:56.968,TRK,34.259125,-106.363082,5197.8,0.2,148.3,0.5,3,8,7,4,0
2026-05-16T15:41:57.070,TRK,34.259096,-106.363076,5209.4,0.2,136.7,-0.1,3,11,10,7,3
2026-05-16T15:41:57.172,TRK,34.259129,-106.363075,5262.1,0.5,322.1,1.0,3,8,7,4,0
2026-05-16T15:41:57.274,TRK,34.259137,-106.363138,5195.8,0.9,246.6,-0.6,3,7,6,3,0
2026-05-16T15:41:57.376,TRK,34.259140,-106.363054,5211.6,1.1,291.6,-0.9,3,10,9,6,2
2026-05-16T15:41:57.478,TRK,34.259122,-106.363108,5180.2,0.3,329.3,-0.1,3,9,8,5,1
2026-05-16T15:41:57.580,TRK,34.259070,-106.363134,5249.0,0.5,45.1,0.1,3,7,6,3,0
2026-05-16T15:41:57.682,TRK,34.259087,-106.363091,5195.7,0.1,115.8,0.7,3,12,11,8,4
2026-05-16T15:41:57.784,TRK,34.259110,-106.363101,5259.6,0.6,294.9,0.0,3,8,7,4,0
2026-05-16T15:41:57.886,TRK,34.259084,-106.363066,5208.8,1.0,257.6,-0.5,3,7,6,3,0
2026-05-16T15:41:57.988,TRK,34.259100,-106.363085,5230.0,0.9,330.6,0.6,3,12,11,8,4
2026-05-16T15:41:58.090,TRK,34.259091,-106.363071,5177.3,0.4,195.3,-0.2,3,8,7,4,0
2026-05-16T15:41:58.190,TRK,34.259129,-106.363089,5232.1,0.7,124.1,-0.3,3,7,6,3,0
2026-05-16T15:41:58.290,TRK,34.259128,-106.363074,5205.2,0.4,62.9,0.6,3,8,7,4,0
2026-05-16T15:41:58.390,TRK,34.259099,-106.363065,5193.2,0.6,231.1,-0.5,3,6,5,2,0
2026-05-16T15:41:58.490,TRK,34.259088,-106.363098,5219.4,0.6,333.9,-0.8,3,10,9,6,2
2026-05-16T15:41:58.590,TRK,34.259113,-106.363134,5185.7,0.5,131.1,0.4,3,9,8,5,1
2026-05-16T15:41:58.690,TRK,34.259093,-106.363079,5212.5,0.4,267.7,0.8,3,11,10,7,3
2026-05-16T15:41:58.790,TRK,34.259119,-106.363098,5250.0,0.5,112.4,0.7,3,9,8,5,1
2026-05-16T15:41:58.890,TRK,34.259080,-106.363114,5233.6,0.5,87.7,-1.0,3,9,8,5,1
2026-05-16T15:41:58.990,TRK,34.259113,-106.363118,5213.5,1.1,117.3,0.7,3,8,7,4,0
2026-05-16T15:41:59.090,TRK,34.259107,-106.363102,5268.9,0.3,126.0,-1.1,3,10,9,6,2
2026-05-16T15:41:59.190,TRK,34.259105,-106.363137,5274.0,0.3,128.7,-0.9,3,8,7,4,0
2026-05-16T15:41:59.290,TRK,34.259075,-106.363109,5185.8,0.7,197.7,-0.5,3,10,9,6,2
2026-05-16T15:41:59.390,TRK,34.259109,-106.363077,5198.7,0.0,103.5,-0.1,3,9,8,5,1
2026-05-16T15:41:59.490,TRK,34.259097,-106.363057,5209.7,0.4,343.6,-0.4,3,8,7,4,0
2026-05-16T15:41:59.590,TRK,34.259120,-106.363103,5217.0,0.8,46.4,-0.1,3,11,10,7,3
2026-05-16T15:41:59.690,TRK,34.259123,-106.363127,5201.7,0.4,255.3,0.7,3,9,8,5,1
2026-05-16T15:41:59.790,TRK,34.259038,-106.363163,5180.3,0.6,353.2,0.3,3,10,9,6,2
2026-05-16T15:41:59.890,TRK,34.259085,-106.363093,5272.9,0.5,102.5,0.6,3,8,7,4,0
2026-05-16T15:41:59.990,TRK,34.259079,-106.363075,5211.9,0.5,111.5,-1.6,3,8,7,4,0
2026-05-16T15:42:00.092,TRK,34.259079,-106.363109,5248.1,3.2,7.8,70.2,3,8,7,4,0
2026-05-16T15:42:00.192,TRK,34.259120,-106.363113,5209.4,9.6,6.3,183.6,3,7,6,3,0
2026-05-16T15:42:00.294,TRK,34.259090,-106.363063,5295.6,14.3,11.6,297.6,3,8,7,4,0
2026-05-16T15:42:00.394,TRK,34.259118,-106.363113,5311.4,20.4,11.7,410.0,3,12,11,8,4
2026-05-16T15:42:00.494,TRK,34.259078,-106.363081,5327.2,26.5,13.1,521.9,3,7,6,3,0
2026-05-16T15:42:00.594,TRK,34.259090,-106.363097,5377.5,32.4,12.3,633.7,3,11,10,7,3
2026-05-16T15:42:00.694,TRK,34.259151,-106.363096,5461.4,38.2,14.4,743.9,3,11,10,7,3
2026-05-16T15:42:00.794,TRK,34.259139,-106.363094,5508.8,43.5,13.7,852.6,3,9,8,5,1
2026-05-16T15:42:00.894,TRK,34.259146,-106.363092,5608.2,49.2,14.6,957.4,3,9,8,5,1
2026-05-16T15:42:00.994,TRK,34.259094,-106.363074,5706.9,55.1,15.9,1062.0,3,9,8,5,1
2026-05-16T15:42:01.094,TRK,34.259165,-106.363063,5843.1,59.9,16.9,1157.4,3,10,9,6,2
2026-05-16T15:42:01.196,TRK,34.259254,-106.363075,5938.4,65.1,18.1,1240.5,3,8,7,4,0
2026-05-16T15:42:01.296,TRK,34.259227,-106.363051,6037.1,69.3,19.4,1309.5,3,8,7,4,0
2026-05-16T15:42:01.396,TRK,34.259254,-106.363071,6164.9,72.4,20.5,1365.9,3,9,8,5,1
2026-05-16T15:42:01.498,TRK,34.259258,-106.362972,6379.1,75.3,21.1,1409.6,3,9,8,5,1
2026-05-16T15:42:01.598,TRK,34.259280,-106.363018,6552.5,77.4,22.1,1437.9,3,8,7,4,0
2026-05-16T15:42:01.700,TRK,34.259295,-106.363053,6677.2,76.1,23.7,1389.6,3,11,10,7,3
2026-05-16T15:42:01.800,TRK,34.259325,-106.362981,6769.4,74.3,24.8,1342.6,3,7,6,3,0
2026-05-16T15:42:01.900,TRK,34.259349,-106.362994,6909.8,72.2,25.6,1300.3,3,9,8,5,1
2026-05-16T15:42:02.000,TRK,34.259341,-106.362954,7055.5,71.0,27.4,1261.9,3,9,8,5,1
2026-05-16T15:42:02.100,TRK,34.259386,-106.362972,7164.3,69.6,29.4,1224.5,3,10,9,6,2
2026-05-16T15:42:02.200,TRK,34.259376,-106.362952,7304.0,68.9,30.7,1189.7,3,10,9,6,2
2026-05-16T15:42:02.300,TRK,34.259393,-106.363015,7420.6,67.8,32.3,1155.5,3,8,7,4,0
2026-05-16T15:42:02.402,TRK,34.259401,-106.362959,7557.3,66.6,33.8,1123.2,3,8,7,4,0
2026-05-16T15:42:02.502,TRK,34.259413,-106.362942,7642.5,64.1,33.8,1091.2,3,7,6,3,0
2026-05-16T15:42:02.604,TRK,34.259457,-106.362930,7778.8,63.1,37.2,1068.4,3,8,7,4,0
2026-05-16T15:42:02.704,TRK,34.259459,-106.362900,7869.8,65.3,38.1,1035.7,3,11,10,7,3
2026-05-16T15:42:02.804,TRK,34.259493,-106.362897,7971.8,62.8,37.6,1004.3,3,10,9,6,2
2026-05-16T15:42:02.906,TRK,34.259485,-106.362879,8038.1,64.5,40.2,984.0,3,9,8,5,1
2026-05-16T15:42:03.006,TRK,34.259509,-106.362863,8152.4,65.0,42.9,958.0,3,8,7,4,0
2026-05-16T15:42:03.108,TRK,34.259498,-106.362855,8270.5,61.8,44.1,939.6,3,9,8,5,1
2026-05-16T15:42:03.208,TRK,34.259516,-106.362813,8339.0,65.3,43.3,917.9,3,8,7,4,0
2026-05-16T15:42:03.308,TRK,34.259533,-106.362837,8425.2,64.3,45.4,901.5,3,9,8,5,1
2026-05-16T15:42:03.410,TRK,34.259547,-106.362796,8523.8,63.2,47.7,869.1,3,11,10,7,3
2026-05-16T15:42:03.510,TRK,34.259577,-106.362809,8610.6,66.8,48.4,858.4,3,12,11,8,4
2026-05-16T15:42:03.612,TRK,34.259585,-106.362753,8685.8,66.7,52.9,834.6,3,9,8,5,1
2026-05-16T15:42:03.712,TRK,34.259569,-106.362762,8791.7,64.1,47.5,816.4,3,12,11,8,4
2026-05-16T15:42:03.812,TRK,34.259596,-106.362721,8884.8,61.5,51.2,797.3,3,9,8,5,1
2026-05-16T15:42:03.914,TRK,34.259603,-106.362738,8960.6,63.6,52.6,785.1,3,8,7,4,0
2026-05-16T15:42:04.014,TRK,34.259606,-106.362687,9035.1,64.7,54.2,772.6,3,8,7,4,0
2026-05-16T15:42:04.114,TRK,34.259617,-106.362688,9092.8,59.1,52.0,745.3,3,10,9,6,2
2026-05-16T15:42:04.214,TRK,34.259663,-106.362674,9172.5,63.4,52.5,738.2,3,7,6,3,0
2026-05-16T15:42:04.314,TRK,34.259640,-106.362658,9238.6,71.8,56.0,817.5,3,7,6,3,0
2026-05-16T15:42:04.414,TRK,34.259682,-106.362636,9334.3,82.4,55.6,888.8,3,10,9,6,2
2026-05-16T15:42:04.514,TRK,34.259659,-106.362631,9439.6,91.3,56.8,966.2,3,8,7,4,0
2026-05-16T15:42:04.614,TRK,34.259672,-106.362582,9537.4,97.9,57.3,1043.9,3,8,7,4,0
2026-05-16T15:42:04.714,TRK,34.259715,-106.362567,9601.5,104.5,58.3,1122.8,3,6,5,2,0
2026-05-16T15:42:04.814,TRK,34.259711,-106.362526,9763.6,115.5,57.9,1184.5,3,7,6,3,0
2026-05-16T15:42:04.914,TRK,34.259758,-106.362474,9881.2,125.5,59.3,1249.6,3,10,9,6,2
2026-05-16T15:42:05.014,TRK,34.259753,-106.362456,10007.4,131.8,61.9,1313.9,3,10,9,6,2
2026-05-16T15:42:05.114,TRK,34.259752,-106.362415,10155.0,143.7,61.6,1374.7,3,9,8,5,1
2026-05-16T15:42:05.214,TRK,34.259768,-106.362377,10300.7,153.7,63.1,1425.1,3,7,6,3,0
2026-05-16T15:42:05.314,TRK,34.259820,-106.362290,10407.5,158.8,63.0,1473.3,3,8,7,4,0
2026-05-16T15:42:05.414,TRK,34.259855,-106.362266,10558.0,172.5,64.2,1524.0,3,9,8,5,1
2026-05-16T15:42:05.514,TRK,34.259839,-106.362203,10730.7,179.7,65.2,1567.3,3,6,5,2,0
2026-05-16T15:42:05.614,TRK,34.259875,-106.362165,10894.0,192.0,64.9,1615.5,3,10,9,6,2
2026-05-16T15:42:05.714,TRK,34.259895,-106.362088,11066.4,199.7,65.8,1651.0,3,9,8,5,1
2026-05-16T15:42:05.814,TRK,34.259932,-106.362009,11227.4,209.1,66.4,1677.9,3,8,7,4,0
2026-05-16T15:42:05.914,TRK,34.259940,-106.361967,11400.4,213.3,67.1,1695.5,3,9,8,5,1
2026-05-16T15:42:06.014,TRK,34.259949,-106.361896,11544.0,223.5,67.1,1723.5,3,10,9,6,2
2026-05-16T15:42:06.114,TRK,34.259997,-106.361812,11733.5,226.4,68.9,1741.9,3,9,8,5,1
2026-05-16T15:42:06.214,TRK,34.260023,-106.361779,11886.3,238.1,68.5,1745.4,3,8,7,4,0
2026-05-16T15:42:06.314,TRK,34.260038,-106.361686,12090.8,243.4,69.2,1743.4,3,11,10,7,3
2026-05-16T15:42:06.414,TRK,34.260062,-106.361628,12268.8,250.7,70.0,1746.3,3,12,11,8,4
2026-05-16T15:42:06.514,TRK,34.260090,-106.361535,12434.5,250.2,71.3,1748.9,3,10,9,6,2
2026-05-16T15:42:06.614,TRK,34.260114,-106.361474,12614.0,255.7,71.9,1731.8,3,8,7,4,0
2026-05-16T15:42:06.714,TRK,34.260129,-106.361377,12779.3,264.1,72.7,1726.9,3,8,7,4,0
2026-05-16T15:42:06.814,TRK,34.260140,-106.361298,12943.1,264.5,72.6,1709.4,3,10,9,6,2
2026-05-16T15:42:06.914,TRK,34.260182,-106.361209,13100.9,262.4,73.1,1641.3,3,10,9,6,2
2026-05-16T15:42:07.014,TRK,34.260212,-106.361127,13277.2,258.3,73.3,1572.4,3,7,6,3,0
2026-05-16T15:42:07.114,TRK,34.260197,-106.361011,13457.1,253.5,74.2,1500.6,3,8,7,4,0
2026-05-16T15:42:07.214,TRK,34.260226,-106.360974,13591.0,249.2,74.6,1437.3,3,9,8,5,1
2026-05-16T15:42:07.314,TRK,34.260238,-106.360879,13712.8,246.5,74.3,1382.6,3,8,7,4,0
2026-05-16T15:42:07.414,TRK,34.260263,-106.360771,13863.6,242.1,75.9,1325.1,3,10,9,6,2
2026-05-16T15:42:07.514,TRK,34.260294,-106.360748,13989.3,237.3,76.0,1283.4,3,7,6,3,0
2026-05-16T15:42:07.614,TRK,34.260284,-106.360646,14123.9,238.2,76.7,1244.4,3,8,7,4,0
2026-05-16T15:42:07.714,TRK,34.260306,-106.360589,14229.4,234.2,76.8,1191.0,3,8,7,4,0
2026-05-16T15:42:07.814,TRK,34.260337,-106.360494,14359.2,224.5,77.2,1154.4,3,10,9,6,2
2026-05-16T15:42:07.914,TRK,34.260348,-106.360425,14475.5,226.2,77.6,1117.3,3,9,8,5,1
2026-05-16T15:42:08.016,TRK,34.260347,-106.360353,14592.7,222.2,78.1,1078.9,3,10,9,6,2
2026-05-16T15:42:08.116,TRK,34.260357,-106.360273,14682.1,222.3,78.5,1045.8,3,7,6,3,0
2026-05-16T15:42:08.216,TRK,34.260370,-106.360194,14790.1,217.9,78.2,1014.8,3,9,8,5,1
2026-05-16T15:42:08.316,TRK,34.260388,-106.360129,14883.9,218.7,78.7,996.2,3,8,7,4,0
2026-05-16T15:42:08.416,TRK,34.260406,-106.360064,14985.7,215.3,78.5,961.2,3,8,7,4,0
2026-05-16T15:42:08.516,TRK,34.260400,-106.359996,15089.7,216.5,79.5,934.4,3,7,6,3,0
2026-05-16T15:42:08.616,TRK,34.260434,-106.359922,15173.0,214.8,80.6,915.0,3,9,8,5,1
2026-05-16T15:42:08.716,TRK,34.260427,-106.359836,15260.9,212.6,80.0,888.6,3,11,10,7,3
2026-05-16T15:42:08.816,TRK,34.260460,-106.359811,15383.5,210.1,80.6,868.2,3,9,8,5,1
2026-05-16T15:42:08.916,TRK,34.260449,-106.359690,15434.8,210.2,80.9,841.7,3,10,9,6,2
2026-05-16T15:42:09.016,TRK,34.260459,-106.359609,15501.6,209.5,80.3,819.9,3,9,8,5,1
2026-05-16T15:42:09.116,TRK,34.260463,-106.359559,15599.5,209.1,80.5,805.8,3,10,9,6,2
2026-05-16T15:42:09.216,TRK,34.260472,-106.359513,15663.4,207.7,80.6,789.3,3,10,9,6,2
2026-05-16T15:42:09.316,TRK,34.260523,-106.359449,15772.3,206.3,81.8,766.2,3,7,6,3,0
2026-05-16T15:42:09.416,TRK,34.260498,-106.359362,15805.8,205.2,80.5,747.8,3,12,11,8,4
2026-05-16T15:42:09.516,TRK,34.260521,-106.359314,15918.4,206.4,81.3,732.6,3,8,7,4,0
2026-05-16T15:42:09.616,TRK,34.260531,-106.359228,15978.5,203.7,82.5,715.4,3,9,8,5,1
2026-05-16T15:42:09.716,TRK,34.260533,-106.359167,16052.4,205.1,82.1,701.4,3,8,7,4,0
2026-05-16T15:42:09.816,TRK,34.260520,-106.359091,16138.4,201.5,82.6,681.7,3,11,10,7,3
2026-05-16T15:42:09.916,TRK,34.260531,-106.359014,16177.7,202.2,82.3,669.1,3,10,9,6,2
2026-05-16T15:42:10.016,TRK,34.260562,-106.358997,16236.0,200.9,81.7,655.7,3,9,8,5,1
2026-05-16T15:42:10.116,TRK,34.260560,-106.358916,16288.6,200.1,83.5,645.3,3,6,5,2,0
2026-05-16T15:42:10.216,TRK,34.260548,-106.358849,16373.1,198.8,82.9,631.6,3,10,9,6,2
2026-05-16T15:42:10.316,TRK,34.260556,-106.358757,16457.8,201.1,82.6,618.2,3,7,6,3,0
2026-05-16T15:42:10.416,TRK,34.260597,-106.358703,16484.9,199.2,82.5,602.1,3,8,7,4,0
2026-05-16T15:42:10.516,TRK,34.260586,-106.358637,16550.4,200.7,83.8,592.2,3,11,10,7,3
2026-05-16T15:42:10.616,TRK,34.260585,-106.358560,16627.7,201.4,84.2,576.1,3,10,9,6,2
2026-05-16T15:42:10.716,TRK,34.260578,-106.358507,16693.5,201.2,83.9,563.3,3,11,10,7,3
2026-05-16T15:42:10.816,TRK,34.260610,-106.358457,16736.0,200.3,84.7,550.8,3,10,9,6,2
2026-05-16T15:42:10.916,TRK,34.260610,-106.358359,16768.7,200.8,83.7,546.4,3,8,7,4,0
2026-05-16T15:42:11.016,TRK,34.260619,-106.358319,16846.0,197.2,83.0,539.3,3,11,10,7,3
2026-05-16T15:42:11.116,TRK,34.260613,-106.358254,16875.1,201.6,83.0,529.5,3,7,6,3,0
2026-05-16T15:42:11.216,TRK,34.260621,-106.358174,16946.5,195.7,84.6,508.8,3,10,9,6,2
2026-05-16T15:42:11.316,TRK,34.260607,-106.358107,16988.9,197.1,85.3,512.5,3,9,8,5,1
2026-05-16T15:42:11.416,TRK,34.260616,-106.358048,17058.2,198.9,84.8,502.7,3,8,7,4,0
2026-05-16T15:42:11.516,TRK,34.260654,-106.357980,17102.0,197.4,85.1,489.6,3,8,7,4,0
2026-05-16T15:42:11.616,TRK,34.260644,-106.357934,17153.2,195.5,84.8,480.1,3,8,7,4,0
2026-05-16T15:42:11.716,TRK,34.260647,-106.357871,17204.0,194.6,85.1,468.2,3,9,8,5,1
2026-05-16T15:42:11.816,TRK,34.260642,-106.357807,17238.9,194.5,84.3,466.4,3,9,8,5,1
2026-05-16T15:42:11.916,TRK,34.260659,-106.357726,17303.8,197.1,84.5,458.4,3,10,9,6,2
2026-05-16T15:42:12.016,TRK,34.260673,-106.357675,17345.7,197.6,84.2,452.6,3,9,8,5,1
2026-05-16T15:42:12.116,TRK,34.260648,-106.357596,17401.4,194.3,85.3,440.3,3,8,7,4,0
2026-05-16T15:42:12.216,TRK,34.260654,-106.357525,17427.8,193.2,85.0,430.3,3,11,10,7,3
2026-05-16T15:42:12.316,TRK,34.260663,-106.357479,17442.6,192.7,85.4,425.9,3,9,8,5,1
2026-05-16T15:42:12.416,TRK,34.260659,-106.357399,17506.7,190.5,86.1,418.3,3,11,10,7,3
2026-05-16T15:42:12.516,TRK,34.260670,-106.357326,17550.1,194.2,85.6,414.7,3,8,7,4,0
2026-05-16T15:42:12.616,TRK,34.260696,-106.357265,17595.7,193.6,86.4,398.5,3,7,6,3,0
2026-05-16T15:42:12.716,TRK,34.260682,-106.357219,17641.9,193.5,85.4,401.8,3,8,7,4,0
2026-05-16T15:42:12.816,TRK,34.260699,-106.357139,17663.5,196.7,85.2,390.8,3,11,10,7,3
2026-05-16T15:42:12.916,TRK,34.260717,-106.357081,17680.3,193.6,84.9,379.0,3,8,7,4,0
2026-05-16T15:42:13.016,TRK,34.260689,-106.357026,17747.0,195.2,86.7,381.6,3,8,7,4,0
2026-05-16T15:42:13.116,TRK,34.260699,-106.356955,17788.1,191.1,86.4,369.6,3,10,9,6,2
2026-05-16T15:42:13.216,TRK,34.260693,-106.356891,17823.4,194.2,85.9,360.4,3,6,5,2,0
2026-05-16T15:42:13.316,TRK,34.260686,-106.356820,17848.7,191.0,87.3,347.0,3,6,5,2,0
2026-05-16T15:42:13.416,TRK,34.260719,-106.356745,17894.3,194.0,86.5,351.6,3,7,6,3,0
2026-05-16T15:42:13.516,TRK,34.260735,-106.356704,17936.4,190.9,86.4,342.0,3,8,7,4,0
2026-05-16T15:42:13.616,TRK,34.260694,-106.356631,17974.9,195.0,87.0,336.3,3,10,9,6,2
2026-05-16T15:42:13.716,TRK,34.260724,-106.356582,17991.9,193.5,86.1,338.5,3,9,8,5,1
2026-05-16T15:42:13.816,TRK,34.260731,-106.356510,18029.3,193.9,87.8,328.7,3,8,7,4,0
2026-05-16T15:42:13.916,TRK,34.260732,-106.356431,18043.9,191.1,86.2,322.8,3,10,9,6,2
2026-05-16T15:42:14.016,TRK,34.260762,-106.356384,18082.8,190.8,85.8,314.8,3,11,10,7,3
2026-05-16T15:42:14.116,TRK,34.260733,-106.356328,18137.7,192.9,86.7,310.6,3,9,8,5,1
2026-05-16T15:42:14.216,TRK,34.260739,-106.356249,18172.1,189.1,86.2,301.8,3,10,9,6,2
2026-05-16T15:42:14.316,TRK,34.260761,-106.356203,18149.9,190.8,87.0,303.6,3,12,11,8,4
2026-05-16T15:42:14.416,TRK,34.260737,-106.356108,18197.8,193.9,86.6,292.7,3,7,6,3,0
2026-05-16T15:42:14.516,TRK,34.260749,-106.356049,18243.5,191.9,87.8,288.2,3,9,8,5,1
2026-05-16T15:42:14.616,TRK,34.260748,-106.356001,18256.7,190.8,87.4,285.3,3,8,7,4,0
2026-05-16T15:42:14.716,TRK,34.260753,-106.355940,18298.5,188.6,86.7,278.3,3,7,6,3,0
2026-05-16T15:42:14.816,TRK,34.260764,-106.355869,18301.0,192.6,88.2,273.1,3,9,8,5,1
2026-05-16T15:42:14.916,TRK,34.260758,-106.355788,18352.0,192.6,86.8,273.9,3,6,5,2,0
2026-05-16T15:42:15.016,TRK,34.260764,-106.355755,18353.1,193.8,86.7,262.4,3,8,7,4,0
2026-05-16T15:42:15.116,TRK,34.260730,-106.355689,18407.7,190.8,87.6,257.3,3,7,6,3,0
2026-05-16T15:42:15.216,TRK,34.260767,-106.355611,18433.3,191.5,87.1,255.9,3,8,7,4,0
2026-05-16T15:42:15.316,TRK,34.260771,-106.355539,18463.4,191.6,86.8,254.9,3,8,7,4,0
2026-05-16T15:42:15.416,TRK,34.260777,-106.355488,18472.9,189.3,87.2,244.9,3,8,7,4,0
2026-05-16T15:42:15.516,TRK,34.260771,-106.355416,18486.7,188.8,87.4,245.8,3,8,7,4,0
2026-05-16T15:42:15.616,TRK,34.260798,-106.355395,18521.1,190.9,86.2,227.4,3,7,6,3,0
2026-05-16T15:42:15.716,TRK,34.260791,-106.355313,18530.4,190.4,87.0,235.1,3,8,7,4,0
2026-05-16T15:42:15.816,TRK,34.260777,-106.355252,18580.4,190.8,87.3,220.5,3,9,8,5,1
2026-05-16T15:42:15.916,TRK,34.260765,-106.355162,18590.8,188.2,87.4,229.0,3,9,8,5,1
2026-05-16T15:42:16.016,TRK,34.260784,-106.355114,18631.2,191.6,87.5,219.0,3,9,8,5,1
2026-05-16T15:42:16.118,TRK,34.260796,-106.355045,18660.0,189.1,87.5,209.2,3,12,11,8,4
2026-05-16T15:42:16.220,TRK,34.260790,-106.354959,18686.2,190.5,87.8,212.6,3,9,8,5,1
2026-05-16T15:42:16.320,TRK,34.260779,-106.354913,18684.4,192.5,88.1,205.8,3,8,7,4,0
2026-05-16T15:42:16.420,TRK,34.260800,-106.354872,18717.6,192.8,87.8,199.7,3,12,11,8,4
2026-05-16T15:42:16.522,TRK,34.260788,-106.354787,18721.3,185.7,88.8,196.0,3,9,8,5,1
2026-05-16T15:42:16.624,TRK,34.260801,-106.354749,18733.5,188.8,87.5,192.7,3,9,8,5,1
2026-05-16T15:42:16.724,TRK,34.260814,-106.354672,18776.8,189.2,88.5,196.3,3,7,6,3,0
2026-05-16T15:42:16.824,TRK,34.260785,-106.354630,18786.2,192.4,87.9,182.7,3,8,7,4,0
2026-05-16T15:42:16.926,TRK,34.260802,-106.354535,18796.2,190.3,87.5,186.3,3,8,7,4,0
2026-05-16T15:42:17.028,TRK,34.260798,-106.354470,18821.0,190.7,88.6,176.1,3,8,7,4,0
2026-05-16T15:42:17.128,TRK,34.260824,-106.354414,18811.3,194.4,87.4,177.2,3,11,10,7,3
2026-05-16T15:42:17.228,TRK,34.260806,-106.354352,18860.1,191.4,87.2,173.4,3,7,6,3,0
2026-05-16T15:42:17.330,TRK,34.260814,-106.354295,18847.6,190.4,87.9,167.0,3,8,7,4,0
2026-05-16T15:42:17.432,TRK,34.260840,-106.354198,18884.5,189.0,88.0,158.0,3,10,9,6,2
2026-05-16T15:42:17.532,TRK,34.260825,-106.354149,18898.2,189.6,87.5,157.0,3,10,9,6,2
2026-05-16T15:42:17.632,TRK,34.260809,-106.354107,18941.6,191.8,87.9,151.5,3,10,9,6,2
2026-05-16T15:42:17.734,TRK,34.260820,-106.354026,18954.4,192.1,87.9,149.0,3,11,10,7,3
2026-05-16T15:42:17.836,TRK,34.260803,-106.353975,18932.6,189.8,86.9,146.4,3,8,7,4,0
2026-05-16T15:42:17.938,TRK,34.260819,-106.353881,18982.2,192.3,87.8,142.4,3,8,7,4,0
2026-05-16T15:42:18.038,TRK,34.260820,-106.353820,18992.5,193.2,87.7,140.3,3,13,12,9,5
2026-05-16T15:42:18.138,TRK,34.260853,-106.353763,19015.8,190.8,87.3,142.0,3,10,9,6,2
2026-05-16T15:42:18.240,TRK,34.260830,-106.353697,18995.8,194.1,88.8,129.4,3,11,10,7,3
2026-05-16T15:42:18.342,TRK,34.260827,-106.353647,19042.8,191.9,87.6,127.5,3,9,8,5,1
2026-05-16T15:42:18.442,TRK,34.260841,-106.353565,19024.9,192.8,87.7,116.3,3,10,9,6,2
2026-05-16T15:42:18.542,TRK,34.260857,-106.353507,19063.9,192.4,88.7,122.5,3,11,10,7,3
2026-05-16T15:42:18.644,TRK,34.260835,-106.353445,19035.5,189.6,88.8,117.1,3,9,8,5,1
2026-05-16T15:42:18.746,TRK,34.260832,-106.353384,19071.9,191.3,88.0,113.9,3,7,6,3,0
2026-05-16T15:42:18.846,TRK,34.260819,-106.353298,19083.0,191.2,87.8,104.9,3,11,10,7,3
2026-05-16T15:42:18.946,TRK,34.260848,-106.353261,19080.2,189.2,88.4,109.1,3,8,7,4,0
2026-05-16T15:42:19.048,TRK,34.260839,-106.353196,19076.9,191.6,88.6,100.9,3,7,6,3,0
2026-05-16T15:42:19.150,TRK,34.260849,-106.353098,19120.8,189.6,88.1,98.2,3,9,8,5,1
2026-05-16T15:42:19.252,TRK,34.260850,-106.353056,19115.1,188.4,88.6,97.3,3,10,9,6,2
2026-05-16T15:42:19.352,TRK,34.260838,-106.352992,19115.2,188.7,87.5,90.4,3,7,6,3,0
2026-05-16T15:42:19.452,TRK,34.260839,-106.352943,19128.6,189.1,88.7,83.9,3,11,10,7,3
2026-05-16T15:42:19.554,TRK,34.260844,-106.352854,19140.4,190.0,88.4,83.8,3,7,6,3,0
2026-05-16T15:42:19.656,TRK,34.260853,-106.352769,19136.8,190.8,87.6,87.9,3,9,8,5,1
2026-05-16T15:42:19.756,TRK,34.260864,-106.352731,19155.7,189.5,88.7,80.7,3,8,7,4,0
2026-05-16T15:42:19.856,TRK,34.260844,-106.352668,19163.6,190.8,88.5,74.5,3,9,8,5,1
2026-05-16T15:42:19.958,TRK,34.260867,-106.352595,19172.2,192.6,89.0,68.0,3,9,8,5,1
2026-05-16T15:42:20.060,TRK,34.260868,-106.352551,19166.7,192.5,88.1,67.7,3,7,6,3,0
2026-05-16T15:42:20.160,TRK,34.260852,-106.352494,19185.4,191.5,88.7,61.7,3,8,7,4,0
2026-05-16T15:42:20.260,TRK,34.260879,-106.352431,19208.3,191.3,88.6,63.6,3,9,8,5,1
2026-05-16T15:42:20.362,TRK,34.260871,-106.352343,19211.6,189.8,88.2,61.7,3,11,10,7,3
2026-05-16T15:42:20.464,TRK,34.260852,-106.352301,19180.9,190.1,88.5,61.2,3,10,9,6,2
2026-05-16T15:42:20.566,TRK,34.260842,-106.352242,19190.3,192.2,88.4,56.1,3,10,9,6,2
2026-05-16T15:42:20.666,TRK,34.260868,-106.352169,19232.6,190.7,87.8,52.8,3,9,8,5,1
2026-05-16T15:42:20.766,TRK,34.260858,-106.352089,19219.6,190.1,88.7,46.1,3,8,7,4,0
2026-05-16T15:42:20.868,TRK,34.260878,-106.352046,19213.0,189.0,88.0,39.6,3,9,8,5,1
2026-05-16T15:42:20.970,TRK,34.260869,-106.351967,19229.3,193.9,88.0,35.4,3,8,7,4,0
2026-05-16T15:42:21.070,TRK,34.260853,-106.351905,19209.5,189.9,89.1,37.6,3,8,7,4,0
2026-05-16T15:42:21.170,TRK,34.260872,-106.351818,19262.2,188.3,88.1,30.4,3,9,8,5,1
2026-05-16T15:42:21.272,TRK,34.260883,-106.351781,19240.9,191.5,88.4,25.9,3,9,8,5,1
2026-05-16T15:42:21.374,TRK,34.260885,-106.351692,19239.4,189.3,88.1,27.0,3,8,7,4,0
2026-05-16T15:42:21.474,TRK,34.260883,-106.351674,19263.9,190.7,88.8,21.5,3,9,8,5,1
2026-05-16T15:42:21.574,TRK,34.260876,-106.351592,19244.4,194.5,88.5,19.8,3,9,8,5,1
2026-05-16T15:42:21.676,TRK,34.260870,-106.351522,19267.3,192.5,88.5,15.3,3,10,9,6,2
2026-05-16T15:42:21.778,TRK,34.260874,-106.351418,19243.5,189.1,88.6,10.5,3,9,8,5,1
2026-05-16T15:42:21.878,TRK,34.260896,-106.351357,19264.1,191.5,89.2,10.5,3,10,9,6,2
2026-05-16T15:42:21.978,TRK,34.260882,-106.351333,19261.2,187.1,88.9,6.4,3,7,6,3,0
2026-05-16T15:42:22.080,TRK,34.260894,-106.351241,19244.2,193.8,87.2,3.3,3,13,12,9,5
2026-05-16T15:42:22.182,TRK,34.260874,-106.351225,19246.3,189.5,88.2,-4.2,3,7,6,3,0
2026-05-16T15:42:22.284,TRK,34.260912,-106.351150,19274.3,190.1,88.0,-7.7,3,10,9,6,2
2026-05-16T15:42:22.384,TRK,34.260889,-106.351068,19238.7,193.4,87.9,-9.6,3,11,10,7,3
2026-05-16T15:42:22.484,TRK,34.260867,-106.351009,19267.1,191.1,89.8,-12.8,3,10,9,6,2
2026-05-16T15:42:22.586,TRK,34.260878,-106.350920,19260.1,185.9,88.4,-9.6,3,12,11,8,4
2026-05-16T15:42:22.688,TRK,34.260862,-106.350910,19244.0,192.9,88.4,-14.7,3,10,9,6,2
2026-05-16T15:42:22.788,TRK,34.260901,-106.350820,19270.2,189.6,88.8,-12.7,3,9,8,5,1
2026-05-16T15:42:22.888,TRK,34.260914,-106.350755,19248.7,190.8,89.5,-24.3,3,10,9,6,2
2026-05-16T15:42:22.990,TRK,34.260909,-106.350691,19242.6,195.8,88.7,-29.8,3,7,6,3,0
2026-05-16T15:42:23.092,TRK,34.260891,-106.350615,19232.6,194.0,89.5,-29.4,3,9,8,5,1
2026-05-16T15:42:23.192,TRK,34.260901,-106.350583,19244.0,189.6,89.0,-37.6,3,10,9,6,2
2026-05-16T15:42:23.292,TRK,34.260893,-106.350500,19254.7,189.3,88.5,-33.2,3,7,6,3,0
2026-05-16T15:42:23.394,TRK,34.260887,-106.350442,19242.8,189.4,90.0,-36.4,3,10,9,6,2
2026-05-16T15:42:23.496,TRK,34.260919,-106.350385,19224.8,189.8,89.6,-40.5,3,10,9,6,2
2026-05-16T15:42:23.598,TRK,34.260907,-106.350312,19212.1,188.9,89.5,-41.6,3,10,9,6,2
2026-05-16T15:42:23.698,TRK,34.260903,-106.350258,19236.3,190.5,90.8,-41.2,3,7,6,3,0
2026-05-16T15:42:23.798,TRK,34.260904,-106.350187,19218.2,189.9,90.1,-44.1,3,9,8,5,1
2026-05-16T15:42:23.900,TRK,34.260883,-106.350117,19215.3,189.8,90.5,-45.2,3,10,9,6,2
2026-05-16T15:42:24.002,TRK,34.260913,-106.350041,19218.4,192.1,89.9,-55.9,3,10,9,6,2
2026-05-16T15:42:24.102,TRK,34.260901,-106.349993,19224.1,188.2,90.7,-51.1,3,7,6,3,0
2026-05-16T15:42:24.202,TRK,34.260905,-106.349923,19218.6,188.0,89.7,-57.3,3,11,10,7,3
2026-05-16T15:42:24.304,TRK,34.260891,-106.349862,19195.9,190.6,90.3,-58.2,3,8,7,4,0
2026-05-16T15:42:24.406,TRK,34.260907,-106.349795,19189.4,190.4,91.9,-55.9,3,10,9,6,2
2026-05-16T15:42:24.506,TRK,34.260875,-106.349747,19189.2,189.6,91.0,-61.9,3,9,8,5,1
2026-05-16T15:42:24.606,TRK,34.260878,-106.349670,19167.3,190.8,91.6,-54.1,3,9,8,5,1
2026-05-16T15:42:24.708,TRK,34.260889,-106.349590,19176.4,188.3,91.2,-61.5,3,10,9,6,2
2026-05-16T15:42:24.810,TRK,34.260884,-106.349542,19153.6,190.2,91.8,-62.6,3,7,6,3,0
2026-05-16T15:42:24.912,TRK,34.260900,-106.349443,19192.1,190.5,89.9,-64.2,3,9,8,5,1
2026-05-16T15:42:25.012,TRK,34.260870,-106.349412,19150.0,188.3,92.0,-70.1,3,11,10,7,3
2026-05-16T15:42:25.112,TRK,34.260867,-106.349349,19135.1,190.1,91.5,-64.6,3,10,9,6,2
2026-05-16T15:42:25.214,TRK,34.260886,-106.349298,19124.1,192.9,91.5,-63.3,3,9,8,5,1
2026-05-16T15:42:25.316,TRK,34.260878,-106.349197,19128.8,191.3,91.6,-65.1,3,10,9,6,2
2026-05-16T15:42:25.416,TRK,34.260891,-106.349154,19120.2,189.8,92.0,-74.8,3,12,11,8,4
2026-05-16T15:42:25.516,TRK,34.260882,-106.349099,19120.3,189.3,92.1,-75.8,3,6,5,2,0
2026-05-16T15:42:25.618,TRK,34.260868,-106.349005,19103.3,191.6,91.9,-70.5,3,7,6,3,0
2026-05-16T15:42:25.720,TRK,34.260885,-106.348972,19102.7,188.9,91.4,-71.0,3,10,9,6,2
2026-05-16T15:42:25.820,TRK,34.260887,-106.348870,19096.3,190.2,90.9,-73.4,3,7,6,3,0
2026-05-16T15:42:25.920,TRK,34.260895,-106.348810,19077.1,190.1,91.2,-83.7,3,8,7,4,0
2026-05-16T15:42:26.022,TRK,34.260877,-106.348765,19052.0,190.6,92.8,-73.2,3,9,8,5,1
2026-05-16T15:42:26.124,TRK,34.260881,-106.348713,19087.1,189.3,92.8,-74.3,3,8,7,4,0
2026-05-16T15:42:26.224,TRK,34.260886,-106.348634,19040.8,191.9,92.3,-77.0,3,9,8,5,1
2026-05-16T15:42:26.324,TRK,34.260882,-106.348567,19046.7,187.1,92.5,-77.9,3,7,6,3,0
2026-05-16T15:42:26.426,TRK,34.260874,-106.348523,19052.8,189.7,93.5,-76.9,3,9,8,5,1
2026-05-16T15:42:26.528,TRK,34.260872,-106.348464,19041.9,187.5,92.5,-67.1,3,7,6,3,0
2026-05-16T15:42:26.630,TRK,34.260858,-106.348375,19014.8,187.9,93.1,-75.6,3,9,8,5,1
2026-05-16T15:42:26.730,TRK,34.260855,-106.348317,19034.0,188.3,92.8,-76.5,3,9,8,5,1
2026-05-16T15:42:26.830,TRK,34.260849,-106.348232,19011.1,188.8,93.3,-74.7,3,10,9,6,2
2026-05-16T15:42:26.932,TRK,34.260862,-106.348190,19030.6,190.7,92.8,-69.9,3,10,9,6,2
2026-05-16T15:42:27.034,TRK,34.260846,-106.348138,19000.4,193.4,93.2,-75.4,3,9,8,5,1
2026-05-16T15:42:27.134,TRK,34.260848,-106.348073,18983.5,185.6,93.4,-75.4,3,8,7,4,0
2026-05-16T15:42:27.234,TRK,34.260828,-106.348009,18974.3,192.3,93.2,-79.1,3,8,7,4,0
2026-05-16T15:42:27.336,TRK,34.260819,-106.347971,18966.1,188.8,93.0,-72.1,3,6,5,2,0
2026-05-16T15:42:27.438,TRK,34.260822,-106.347889,18973.3,191.8,93.1,-82.0,3,11,10,7,3
2026-05-16T15:42:27.538,TRK,34.260838,-106.347833,18975.4,187.8,93.5,-78.0,3,8,7,4,0
2026-05-16T15:42:27.638,TRK,34.260835,-106.347765,18947.6,185.0,93.6,-79.8,3,10,9,6,2
2026-05-16T15:42:27.740,TRK,34.260829,-106.347664,18962.7,186.5,94.3,-79.8,3,10,9,6,2
2026-05-16T15:42:27.842,TRK,34.260827,-106.347647,18926.8,189.0,94.3,-73.5,3,8,7,4,0
2026-05-16T15:42:27.944,TRK,34.260809,-106.347572,18913.0,190.0,94.1,-77.0,3,10,9,6,2
2026-05-16T15:42:28.044,TRK,34.260818,-106.347486,18924.1,191.0,93.7,-80.1,3,8,7,4,0
2026-05-16T15:42:28.144,TRK,34.260791,-106.347408,18923.9,188.4,93.9,-81.8,3,8,7,4,0
2026-05-16T15:42:28.246,TRK,34.260827,-106.347372,18909.2,188.8,94.7,-76.7,3,11,10,7,3
2026-05-16T15:42:28.348,TRK,34.260801,-106.347312,18912.0,189.6,93.7,-77.8,3,10,9,6,2
2026-05-16T15:42:28.448,TRK,34.260789,-106.347247,18891.2,191.4,93.9,-79.3,3,11,10,7,3
2026-05-16T15:42:28.548,TRK,34.260784,-106.347184,18900.4,189.3,94.0,-75.0,3,8,7,4,0
2026-05-16T15:42:28.650,TRK,34.260788,-106.347087,18865.8,193.2,93.1,-83.4,3,9,8,5,1
2026-05-16T15:42:28.752,TRK,34.260798,-106.347051,18845.1,189.4,94.1,-74.0,3,8,7,4,0
2026-05-16T15:42:28.852,TRK,34.260764,-106.347007,18846.9,189.5,94.2,-85.4,3,7,6,3,0
2026-05-16T15:42:28.952,TRK,34.260777,-106.346922,18841.8,188.7,94.0,-82.1,3,9,8,5,1
2026-05-16T15:42:29.054,TRK,34.260781,-106.346841,18864.0,191.4,94.7,-77.2,3,12,11,8,4
2026-05-16T15:42:29.156,TRK,34.260779,-106.346823,18814.8,189.4,94.0,-81.5,3,9,8,5,1
2026-05-16T15:42:29.258,TRK,34.260759,-106.346744,18817.8,183.3,93.7,-79.5,3,8,7,4,0
2026-05-16T15:42:29.358,TRK,34.260772,-106.346680,18822.5,187.8,93.6,-80.9,3,9,8,5,1
2026-05-16T15:42:29.458,TRK,34.260756,-106.346632,18813.9,185.8,93.1,-77.1,3,8,7,4,0
2026-05-16T15:42:29.560,TRK,34.260752,-106.346560,18792.4,187.4,93.3,-79.8,3,10,9,6,2
2026-05-16T15:42:29.662,TRK,34.260761,-106.346492,18781.1,186.9,93.8,-76.8,3,8,7,4,0
2026-05-16T15:42:29.762,TRK,34.260735,-106.346408,18769.5,193.2,93.1,-78.7,3,11,10,7,3
2026-05-16T15:42:29.862,TRK,34.260746,-106.346356,18770.4,188.4,93.4,-82.8,3,10,9,6,2
2026-05-16T15:42:29.964,TRK,34.260747,-106.346270,18780.2,189.6,94.0,-75.5,3,12,11,8,4
2026-05-16T15:42:30.066,TRK,34.260740,-106.346218,18758.1,189.2,94.4,-76.3,3,8,7,4,0
2026-05-16T15:42:30.166,TRK,34.260747,-106.346164,18757.6,190.7,94.7,-81.3,3,7,6,3,0
2026-05-16T15:42:30.266,TRK,34.260724,-106.346106,18727.1,188.8,94.8,-82.9,3,7,6,3,0
2026-05-16T15:42:30.368,TRK,34.260723,-106.346018,18711.9,186.0,95.4,-79.8,3,11,10,7,3
2026-05-16T15:42:30.470,TRK,34.260721,-106.345974,18719.6,187.4,95.0,-82.3,3,9,8,5,1
2026-05-16T15:42:30.570,TRK,34.260714,-106.345931,18723.7,188.4,93.3,-78.0,3,9,8,5,1
2026-05-16T15:42:30.670,TRK,34.260703,-106.345847,18698.5,185.1,93.5,-80.8,3,7,6,3,0
2026-05-16T15:42:30.772,TRK,34.260716,-106.345816,18713.4,190.5,93.8,-82.1,3,8,7,4,0
2026-05-16T15:42:30.874,TRK,34.260712,-106.345718,18678.3,185.7,94.7,-77.5,3,9,8,5,1
2026-05-16T15:42:30.976,TRK,34.260702,-106.345643,18677.3,185.8,95.0,-85.5,3,9,8,5,1
2026-05-16T15:42:31.076,TRK,34.260688,-106.345625,18671.8,187.2,93.9,-78.7,3,8,7,4,0
2026-05-16T15:42:31.176,TRK,34.260688,-106.345556,18677.5,188.5,94.4,-76.4,3,8,7,4,0
2026-05-16T15:42:31.278,TRK,34.260696,-106.345492,18652.0,190.8,94.5,-85.6,3,8,7,4,0
2026-05-16T15:42:31.380,TRK,34.260682,-106.345408,18651.1,186.1,93.8,-87.8,3,9,8,5,1
2026-05-16T15:42:31.480,TRK,34.260675,-106.345365,18636.2,188.2,95.0,-85.3,3,9,8,5,1
2026-05-16T15:42:31.580,TRK,34.260669,-106.345292,18643.8,192.1,95.1,-81.5,3,10,9,6,2
2026-05-16T15:42:31.682,TRK,34.260673,-106.345205,18591.2,187.5,94.5,-81.2,3,8,7,4,0
2026-05-16T15:42:31.784,TRK,34.260673,-106.345159,18591.2,187.9,95.1,-89.1,3,12,11,8,4
2026-05-16T15:42:31.884,TRK,34.260659,-106.345051,18633.3,185.1,95.0,-81.9,3,10,9,6,2
2026-05-16T15:42:31.984,TRK,34.260665,-106.345022,18609.5,183.6,95.2,-80.9,3,10,9,6,2
2026-05-16T15:42:32.084,TRK,34.260642,-106.344969,18595.7,190.2,94.6,-82.9,3,8,7,4,0
2026-05-16T15:42:32.186,TRK,34.260641,-106.344910,18582.4,189.2,94.5,-81.5,3,8,7,4,0
2026-05-16T15:42:32.286,TRK,34.260623,-106.344861,18576.6,189.1,95.0,-82.2,3,9,8,5,1
2026-05-16T15:42:32.386,TRK,34.260649,-106.344792,18556.0,188.7,94.0,-75.5,3,9,8,5,1
2026-05-16T15:42:32.486,TRK,34.260622,-106.344692,18566.9,188.1,94.6,-87.0,3,8,7,4,0
2026-05-16T15:42:32.588,TRK,34.260643,-106.344656,18554.6,186.3,95.6,-83.5,3,8,7,4,0
2026-05-16T15:42:32.688,TRK,34.260644,-106.344596,18546.1,187.7,95.3,-79.4,3,9,8,5,1
2026-05-16T15:42:32.788,TRK,34.260619,-106.344538,18553.5,189.9,95.2,-81.6,3,10,9,6,2
2026-05-16T15:42:32.890,TRK,34.260617,-106.344437,18542.7,187.6,94.8,-87.5,3,10,9,6,2
2026-05-16T15:42:32.990,TRK,34.260627,-106.344408,18501.0,188.5,94.8,-74.2,3,10,9,6,2
2026-05-16T15:42:33.090,TRK,34.260603,-106.344386,18512.4,188.1,94.6,-79.5,3,7,6,3,0
2026-05-16T15:42:33.192,TRK,34.260592,-106.344279,18516.8,191.7,95.3,-86.4,3,8,7,4,0
2026-05-16T15:42:33.292,TRK,34.260614,-106.344230,18498.6,186.7,95.4,-82.6,3,8,7,4,0
2026-05-16T15:42:33.392,TRK,34.260605,-106.344182,18497.2,188.9,94.3,-80.2,3,8,7,4,0
2026-05-16T15:42:33.494,TRK,34.260580,-106.344086,18489.6,189.1,95.1,-83.7,3,10,9,6,2
2026-05-16T15:42:33.594,TRK,34.260569,-106.344025,18478.2,187.7,95.4,-79.4,3,11,10,7,3
2026-05-16T15:42:33.694,TRK,34.260595,-106.343952,18468.2,187.0,94.9,-82.1,3,11,10,7,3
2026-05-16T15:42:33.794,TRK,34.260582,-106.343916,18470.9,187.8,94.7,-82.7,3,8,7,4,0
2026-05-16T15:42:33.896,TRK,34.260580,-106.343844,18438.2,187.2,94.4,-73.9,3,8,7,4,0
2026-05-16T15:42:33.996,TRK,34.260571,-106.343792,18453.5,185.9,95.3,-90.0,3,9,8,5,1
2026-05-16T15:42:34.096,TRK,34.260587,-106.343742,18440.2,189.4,94.5,-87.0,3,10,9,6,2
2026-05-16T15:42:34.198,TRK,34.260567,-106.343641,18422.9,189.7,95.1,-82.5,3,7,6,3,0
2026-05-16T15:42:34.298,TRK,34.260575,-106.343605,18385.4,184.9,94.5,-73.6,3,7,6,3,0
2026-05-16T15:42:34.398,TRK,34.260554,-106.343555,18415.5,185.4,95.2,-78.8,3,8,7,4,0
2026-05-16T15:42:34.500,TRK,34.260533,-106.343492,18394.7,187.7,95.2,-78.6,3,9,8,5,1
2026-05-16T15:42:34.600,TRK,34.260558,-106.343411,18393.4,188.5,94.7,-84.5,3,10,9,6,2
2026-05-16T15:42:34.700,TRK,34.260557,-106.343369,18378.3,184.5,94.3,-81.8,3,11,10,7,3
2026-05-16T15:42:34.800,TRK,34.260529,-106.343281,18354.5,186.2,94.7,-79.3,3,10,9,6,2
2026-05-16T15:42:34.902,TRK,34.260545,-106.343234,18382.1,187.3,94.9,-80.4,3,9,8,5,1
2026-05-16T15:42:35.002,TRK,34.260506,-106.343180,18347.9,186.8,93.8,-85.8,3,9,8,5,1
2026-05-16T15:42:35.102,TRK,34.260529,-106.343115,18353.1,186.6,95.6,-81.6,3,9,8,5,1
2026-05-16T15:42:35.204,TRK,34.260522,-106.343053,18342.3,187.1,94.3,-77.6,3,8,7,4,0
2026-05-16T15:42:35.304,TRK,34.260491,-106.342979,18326.9,186.1,95.9,-85.2,3,10,9,6,2
2026-05-16T15:42:35.404,TRK,34.260492,-106.342941,18300.6,184.7,95.4,-81.2,3,7,6,3,0
2026-05-16T15:42:35.506,TRK,34.260489,-106.342870,18307.2,184.8,94.7,-86.5,3,9,8,5,1
2026-05-16T15:42:35.606,TRK,34.260492,-106.342779,18300.0,186.2,96.2,-82.9,3,10,9,6,2
2026-05-16T15:42:35.706,TRK,34.260505,-106.342706,18282.3,188.2,94.0,-81.4,3,8,7,4,0
2026-05-16T15:42:35.808,TRK,34.260482,-106.342700,18268.6,184.7,95.7,-84.8,3,10,9,6,2
2026-05-16T15:42:35.908,TRK,34.260492,-106.342592,18268.8,186.4,95.4,-77.8,3,9,8,5,1
2026-05-16T15:42:36.008,TRK,34.260485,-106.342534,18272.8,185.6,94.6,-78.9,3,8,7,4,0
2026-05-16T15:42:36.108,TRK,34.260461,-106.342482,18279.5,184.4,93.8,-78.6,3,10,9,6,2
2026-05-16T15:42:36.210,TRK,34.260485,-106.342415,18266.8,184.9,94.5,-79.2,3,10,9,6,2
2026-05-16T15:42:36.310,TRK,34.260484,-106.342379,18242.6,187.8,94.7,-79.3,3,9,8,5,1
2026-05-16T15:42:36.410,TRK,34.260464,-106.342327,18241.8,184.3,94.9,-80.7,3,9,8,5,1
2026-05-16T15:42:36.512,TRK,34.260454,-106.342252,18233.4,184.1,94.9,-84.2,3,8,7,4,0
2026-05-16T15:42:36.612,TRK,34.260467,-106.342157,18228.7,183.7,95.4,-81.2,3,8,7,4,0
2026-05-16T15:42:36.712,TRK,34.260447,-106.342103,18233.8,182.2,95.0,-81.7,3,8,7,4,0
2026-05-16T15:42:36.814,TRK,34.260437,-106.342047,18201.0,183.2,93.6,-78.7,3,10,9,6,2
2026-05-16T15:42:36.914,TRK,34.260460,-106.341995,18202.0,181.4,95.8,-85.6,3,8,7,4,0
2026-05-16T15:42:37.014,TRK,34.260447,-106.341919,18193.9,185.3,94.7,-72.3,3,8,7,4,0
2026-05-16T15:42:37.114,TRK,34.260418,-106.341891,18212.1,185.7,95.1,-84.4,3,11,10,7,3
2026-05-16T15:42:37.216,TRK,34.260440,-106.341808,18170.7,183.0,95.1,-81.4,3,7,6,3,0
2026-05-16T15:42:37.316,TRK,34.260416,-106.341757,18168.7,186.0,94.9,-84.2,3,10,9,6,2
2026-05-16T15:42:37.416,TRK,34.260420,-106.341659,18154.1,184.8,95.2,-76.3,3,9,8,5,1
2026-05-16T15:42:37.518,TRK,34.260415,-106.341603,18159.2,187.9,95.1,-77.8,3,8,7,4,0
2026-05-16T15:42:37.618,TRK,34.260395,-106.341553,18141.0,183.8,95.7,-74.6,3,6,5,2,0
2026-05-16T15:42:37.718,TRK,34.260382,-106.341515,18154.7,182.7,94.6,-81.1,3,9,8,5,1
2026-05-16T15:42:37.820,TRK,34.260413,-106.341439,18095.0,186.0,95.3,-73.6,3,9,8,5,1
2026-05-16T15:42:37.920,TRK,34.260407,-106.341390,18127.6,185.3,94.4,-75.9,3,8,7,4,0
2026-05-16T15:42:38.020,TRK,34.260400,-106.341302,18119.6,181.7,94.6,-78.6,3,9,8,5,1
2026-05-16T15:42:38.122,TRK,34.260385,-106.341264,18123.8,181.9,95.0,-86.3,3,8,7,4,0
2026-05-16T15:42:38.222,TRK,34.260381,-106.341182,18127.0,183.2,94.8,-86.3,3,9,8,5,1
2026-05-16T15:42:38.322,TRK,34.260409,-106.341111,18098.7,185.0,94.4,-77.8,3,10,9,6,2
2026-05-16T15:42:38.422,TRK,34.260368,-106.341081,18069.0,186.4,93.3,-77.8,3,9,8,5,1
2026-05-16T15:42:38.524,TRK,34.260385,-106.341008,18089.1,186.8,94.8,-77.4,3,8,7,4,0
2026-05-16T15:42:38.624,TRK,34.260358,-106.340936,18082.7,182.7,95.8,-77.2,3,6,5,2,0
2026-05-16T15:42:38.724,TRK,34.260353,-106.340882,18071.7,183.9,95.1,-78.1,3,8,7,4,0
2026-05-16T15:42:38.826,TRK,34.260340,-106.340806,18032.1,186.6,93.9,-79.4,3,9,8,5,1
2026-05-16T15:42:38.926,TRK,34.260366,-106.340762,18058.1,183.7,94.9,-82.1,3,9,8,5,1
2026-05-16T15:42:39.026,TRK,34.260337,-106.340691,18034.9,183.1,95.0,-87.3,3,9,8,5,1
2026-05-16T15:42:39.128,TRK,34.260352,-106.340643,18005.8,182.9,93.9,-84.9,3,7,6,3,0
2026-05-16T15:42:39.228,TRK,34.260352,-106.340569,18014.7,183.2,95.2,-75.3,3,8,7,4,0
2026-05-16T15:42:39.328,TRK,34.260338,-106.340509,18041.7,184.6,95.0,-79.8,3,10,9,6,2
2026-05-16T15:42:39.430,TRK,34.260344,-106.340453,17989.9,185.5,95.5,-81.9,3,8,7,4,0
2026-05-16T15:42:39.530,TRK,34.260331,-106.340386,17996.3,184.5,94.1,-79.0,3,10,9,6,2
2026-05-16T15:42:39.630,TRK,34.260325,-106.340320,17964.5,182.8,95.1,-75.9,3,10,9,6,2
2026-05-16T15:42:39.730,TRK,34.260315,-106.340296,17971.9,187.7,93.7,-76.3,3,12,11,8,4
2026-05-16T15:42:39.832,TRK,34.260320,-106.340218,17963.5,185.6,94.6,-78.7,3,9,8,5,1
2026-05-16T15:42:39.932,TRK,34.260286,-106.340152,17948.9,183.2,95.8,-81.2,3,7,6,3,0
2026-05-16T15:42:40.032,TRK,34.260299,-106.340110,17946.8,183.4,94.2,-72.5,3,9,8,5,1
2026-05-16T15:42:40.134,TRK,34.260298,-106.340018,17954.9,187.4,94.3,-85.6,3,10,9,6,2
2026-05-16T15:42:40.234,TRK,34.260287,-106.339974,17929.7,182.7,95.3,-79.1,3,10,9,6,2
2026-05-16T15:42:40.334,TRK,34.260290,-106.339901,17922.0,185.8,95.0,-81.2,3,7,6,3,0
2026-05-16T15:42:40.436,TRK,34.260293,-106.339845,17913.8,183.4,95.0,-72.1,3,10,9,6,2
2026-05-16T15:42:40.536,TRK,34.260302,-106.339794,17885.3,184.5,94.8,-84.3,3,9,8,5,1
2026-05-16T15:42:40.636,TRK,34.260286,-106.339738,17895.7,183.5,95.8,-80.1,3,9,8,5,1
2026-05-16T15:42:40.736,TRK,34.260300,-106.339652,17896.2,185.4,94.2,-81.6,3,9,8,5,1
2026-05-16T15:42:40.838,TRK,34.260273,-106.339585,17885.3,180.9,95.1,-80.2,3,9,8,5,1
2026-05-16T15:42:40.938,TRK,34.260266,-106.339543,17877.5,182.0,94.7,-72.1,3,11,10,7,3
2026-05-16T15:42:41.038,TRK,34.260258,-106.339490,17858.0,183.4,94.9,-82.4,3,9,8,5,1
2026-05-16T15:42:41.140,TRK,34.260274,-106.339441,17863.6,182.3,94.0,-84.3,3,9,8,5,1
2026-05-16T15:42:41.240,TRK,34.260258,-106.339353,17841.3,183.8,95.4,-82.8,3,9,8,5,1
2026-05-16T15:42:41.340,TRK,34.260255,-106.339286,17869.9,184.1,95.6,-84.2,3,9,8,5,1
2026-05-16T15:42:41.442,TRK,34.260255,-106.339235,17840.0,181.6,94.4,-83.6,3,10,9,6,2
2026-05-16T15:42:41.542,TRK,34.260233,-106.339191,17839.6,183.7,94.9,-84.2,3,9,8,5,1
2026-05-16T15:42:41.642,TRK,34.260240,-106.339099,17794.9,182.1,96.0,-81.9,3,10,9,6,2
2026-05-16T15:42:41.744,TRK,34.260216,-106.339060,17817.7,182.7,95.7,-78.5,3,9,8,5,1
2026-05-16T15:42:41.844,TRK,34.260226,-106.339009,17787.8,185.9,95.1,-80.5,3,9,8,5,1
2026-05-16T15:42:41.944,TRK,34.260222,-106.338929,17795.4,181.1,94.5,-78.9,3,8,7,4,0
2026-05-16T15:42:42.044,TRK,34.260215,-106.338885,17787.8,186.4,95.3,-88.1,3,8,7,4,0
2026-05-16T15:42:42.146,TRK,34.260211,-106.338810,17766.6,181.5,94.4,-80.8,3,7,6,3,0
2026-05-16T15:42:42.246,TRK,34.260211,-106.338736,17773.3,178.4,94.6,-80.1,3,9,8,5,1
2026-05-16T15:42:42.346,TRK,34.260208,-106.338683,17748.5,181.6,94.4,-76.1,3,9,8,5,1
2026-05-16T15:42:42.448,TRK,34.260208,-106.338625,17759.9,179.9,94.5,-78.4,3,11,10,7,3
2026-05-16T15:42:42.548,TRK,34.260206,-106.338556,17738.8,180.2,94.8,-83.3,3,7,6,3,0
2026-05-16T15:42:42.648,TRK,34.260185,-106.338504,17721.3,181.3,95.2,-77.5,3,10,9,6,2
2026-05-16T15:42:42.750,TRK,34.260183,-106.338466,17733.3,179.2,94.2,-76.5,3,8,7,4,0
2026-05-16T15:42:42.850,TRK,34.260188,-106.338370,17711.0,181.2,94.8,-88.0,3,8,7,4,0
2026-05-16T15:42:42.950,TRK,34.260177,-106.338326,17715.3,179.2,94.1,-81.5,3,10,9,6,2
2026-05-16T15:42:43.050,TRK,34.260163,-106.338276,17711.7,182.3,94.8,-72.5,3,9,8,5,1
2026-05-16T15:42:43.152,TRK,34.260153,-106.338187,17705.7,180.8,94.9,-85.3,3,8,7,4,0
2026-05-16T15:42:43.252,TRK,34.260162,-106.338130,17713.4,179.6,95.0,-71.2,3,9,8,5,1
2026-05-16T15:42:43.352,TRK,34.260145,-106.338079,17688.9,182.3,95.2,-78.2,3,7,6,3,0
2026-05-16T15:42:43.454,TRK,34.260161,-106.338031,17679.0,181.2,95.1,-79.5,3,8,7,4,0
2026-05-16T15:42:43.554,TRK,34.260149,-106.337951,17645.8,181.6,95.3,-81.0,3,7,6,3,0
2026-05-16T15:42:43.654,TRK,34.260156,-106.337890,17681.3,183.1,96.0,-80.7,3,8,7,4,0
2026-05-16T15:42:43.756,TRK,34.260147,-106.337860,17640.8,181.0,94.4,-80.8,3,8,7,4,0
2026-05-16T15:42:43.856,TRK,34.260125,-106.337770,17650.5,180.8,94.1,-77.6,3,8,7,4,0
2026-05-16T15:42:43.956,TRK,34.260131,-106.337730,17641.7,180.8,95.1,-76.9,3,8,7,4,0
2026-05-16T15:42:44.058,TRK,34.260147,-106.337663,17619.7,182.1,94.9,-80.3,3,10,9,6,2
2026-05-16T15:42:44.158,TRK,34.260129,-106.337597,17645.8,184.4,95.2,-83.1,3,8,7,4,0
2026-05-16T15:42:44.258,TRK,34.260129,-106.337519,17634.3,182.3,95.4,-82.5,3,7,6,3,0
2026-05-16T15:42:44.358,TRK,34.260128,-106.337480,17591.4,179.6,95.7,-78.2,3,6,5,2,0
2026-05-16T15:42:44.460,TRK,34.260126,-106.337420,17598.7,179.3,95.3,-77.7,3,10,9,6,2
2026-05-16T15:42:44.560,TRK,34.260107,-106.337350,17581.6,183.5,94.4,-78.1,3,9,8,5,1
2026-05-16T15:42:44.660,TRK,34.260096,-106.337287,17590.1,182.2,95.2,-84.6,3,11,10,7,3
2026-05-16T15:42:44.762,TRK,34.260112,-106.337225,17576.4,179.6,94.0,-78.0,3,9,8,5,1
2026-05-16T15:42:44.862,TRK,34.260092,-106.337196,17555.9,177.7,94.3,-80.8,3,10,9,6,2
2026-05-16T15:42:44.962,TRK,34.260102,-106.337102,17545.4,181.0,95.8,-84.5,3,11,10,7,3
2026-05-16T15:42:45.064,TRK,34.260097,-106.337043,17525.8,181.4,95.2,-79.4,3,8,7,4,0
2026-05-16T15:42:45.164,TRK,34.260099,-106.336994,17563.6,179.3,96.1,-86.9,3,7,6,3,0
2026-05-16T15:42:45.264,TRK,34.260086,-106.336938,17542.9,180.1,95.3,-77.3,3,10,9,6,2
2026-05-16T15:42:45.364,TRK,34.260061,-106.336865,17509.4,179.9,94.9,-75.3,3,9,8,5,1
2026-05-16T15:42:45.466,TRK,34.260075,-106.336813,17485.2,183.3,95.2,-81.3,3,7,6,3,0
2026-05-16T15:42:45.566,TRK,34.260066,-106.336765,17515.0,178.0,94.0,-78.5,3,9,8,5,1
2026-05-16T15:42:45.666,TRK,34.260060,-106.336712,17490.7,183.2,95.2,-83.1,3,9,8,5,1
2026-05-16T15:42:45.768,TRK,34.260058,-106.336664,17463.9,178.3,94.6,-77.1,3,8,7,4,0
2026-05-16T15:42:45.868,TRK,34.260076,-106.336560,17478.5,181.0,94.1,-78.5,3,7,6,3,0
2026-05-16T15:42:45.968,TRK,34.260040,-106.336513,17464.7,178.9,96.2,-80.1,3,8,7,4,0
2026-05-16T15:42:46.070,TRK,34.260032,-106.336412,17459.1,181.7,95.0,-81.8,3,10,9,6,2
2026-05-16T15:42:46.170,TRK,34.260050,-106.336399,17480.6,175.2,94.5,-83.6,3,8,7,4,0
2026-05-16T15:42:46.270,TRK,34.260021,-106.336332,17462.5,182.2,94.7,-83.0,3,7,6,3,0
2026-05-16T15:42:46.372,TRK,34.260029,-106.336270,17423.7,176.5,95.4,-78.4,3,8,7,4,0
2026-05-16T15:42:46.472,TRK,34.260055,-106.336198,17424.4,180.0,95.7,-81.6,3,8,7,4,0
2026-05-16T15:42:46.572,TRK,34.260035,-106.336150,17406.3,183.0,95.7,-78.5,3,9,8,5,1
2026-05-16T15:42:46.672,TRK,34.260025,-106.336128,17406.9,177.2,95.7,-83.8,3,9,8,5,1
2026-05-16T15:42:46.774,TRK,34.260016,-106.336046,17403.8,179.2,94.5,-77.2,3,9,8,5,1
2026-05-16T15:42:46.874,TRK,34.260007,-106.335969,17422.7,179.5,94.6,-81.9,3,9,8,5,1
2026-05-16T15:42:46.974,TRK,34.259997,-106.335936,17389.0,179.0,94.8,-75.8,3,9,8,5,1
2026-05-16T15:42:47.076,TRK,34.259993,-106.335856,17379.1,175.7,96.1,-89.4,3,10,9,6,2
2026-05-16T15:42:47.176,TRK,34.260005,-106.335801,17390.0,178.7,94.8,-88.7,3,8,7,4,0
2026-05-16T15:42:47.276,TRK,34.260010,-106.335730,17382.8,180.0,95.4,-79.9,3,9,8,5,1
2026-05-16T15:42:47.378,TRK,34.259997,-106.335656,17348.0,179.7,95.6,-78.4,3,7,6,3,0
2026-05-16T15:42:47.478,TRK,34.259983,-106.335590,17347.3,178.2,95.0,-72.2,3,10,9,6,2
2026-05-16T15:42:47.578,TRK,34.259962,-106.335572,17340.4,178.4,94.4,-78.7,3,8,7,4,0
2026-05-16T15:42:47.678,TRK,34.259964,-106.335494,17333.9,180.0,95.2,-80.3,3,8,7,4,0
2026-05-16T15:42:47.780,TRK,34.259981,-106.335433,17330.5,176.1,95.8,-83.2,3,9,8,5,1
2026-05-16T15:42:47.880,TRK,34.259966,-106.335388,17332.7,178.5,94.8,-84.7,3,7,6,3,0
2026-05-16T15:42:47.980,TRK,34.259978,-106.335333,17312.6,181.1,96.2,-77.1,3,7,6,3,0
2026-05-16T15:42:48.082,TRK,34.259953,-106.335262,17295.4,177.9,95.6,-78.2,3,10,9,6,2
2026-05-16T15:42:48.182,TRK,34.259984,-106.335193,17294.0,180.9,96.2,-86.1,3,9,8,5,1
2026-05-16T15:42:48.282,TRK,34.259949,-106.335162,17283.0,179.0,95.8,-73.4,3,8,7,4,0
2026-05-16T15:42:48.384,TRK,34.259970,-106.335083,17302.8,178.1,94.6,-74.4,3,8,7,4,0
2026-05-16T15:42:48.484,TRK,34.259922,-106.335044,17278.0,181.9,95.5,-80.6,3,7,6,3,0
2026-05-16T15:42:48.584,TRK,34.259946,-106.334973,17264.3,176.1,95.7,-84.7,3,10,9,6,2
2026-05-16T15:42:48.686,TRK,34.259935,-106.334908,17260.0,180.2,95.2,-82.7,3,11,10,7,3
2026-05-16T15:42:48.786,TRK,34.259916,-106.334846,17244.9,181.1,94.8,-83.1,3,9,8,5,1
2026-05-16T15:42:48.886,TRK,34.259930,-106.334786,17230.8,177.9,95.1,-72.2,3,9,8,5,1
2026-05-16T15:42:48.986,TRK,34.259915,-106.334749,17228.3,178.3,94.5,-74.8,3,9,8,5,1
2026-05-16T15:42:49.088,TRK,34.259906,-106.334677,17203.9,177.2,94.3,-73.8,3,9,8,5,1
2026-05-16T15:42:49.188,TRK,34.259911,-106.334591,17219.4,179.9,95.4,-81.3,3,8,7,4,0
2026-05-16T15:42:49.288,TRK,34.259915,-106.334555,17197.4,179.9,94.1,-78.7,3,9,8,5,1
2026-05-16T15:42:49.390,TRK,34.259898,-106.334454,17194.2,180.9,95.2,-84.4,3,8,7,4,0
2026-05-16T15:42:49.490,TRK,34.259898,-106.334426,17223.2,180.2,94.8,-73.2,3,10,9,6,2
2026-05-16T15:42:49.590,TRK,34.259910,-106.334406,17173.6,178.2,94.7,-82.0,3,5,4,1,0
2026-05-16T15:42:49.692,TRK,34.259884,-106.334296,17169.4,179.8,94.8,-77.2,3,9,8,5,1
2026-05-16T15:42:49.792,TRK,34.259894,-106.334239,17174.9,178.7,94.5,-81.2,3,9,8,5,1
2026-05-16T15:42:49.892,TRK,34.259914,-106.334176,17181.2,178.5,94.8,-75.8,3,11,10,7,3
2026-05-16T15:42:49.992,TRK,34.259879,-106.334103,17152.6,178.5,95.3,-77.2,3,8,7,4,0
2026-05-16T15:42:50.094,TRK,34.259887,-106.334097,17149.8,178.6,95.1,-75.4,3,9,8,5,1
2026-05-16T15:42:50.194,TRK,34.259861,-106.333998,17140.6,178.6,95.2,-83.3,3,11,10,7,3
2026-05-16T15:42:50.294,TRK,34.259867,-106.333964,17121.5,175.7,95.3,-80.2,3,11,10,7,3
2026-05-16T15:42:50.396,TRK,34.259854,-106.333855,17111.1,179.6,94.8,-82.5,3,8,7,4,0
2026-05-16T15:42:50.496,TRK,34.259858,-106.333859,17108.9,177.3,94.8,-80.3,3,10,9,6,2
2026-05-16T15:42:50.596,TRK,34.259847,-106.333777,17114.3,180.3,96.3,-82.5,3,8,7,4,0
2026-05-16T15:42:50.698,TRK,34.259849,-106.333729,17102.1,179.2,94.6,-76.7,3,9,8,5,1
2026-05-16T15:42:50.798,TRK,34.259847,-106.333657,17102.5,176.3,94.7,-83.0,3,6,5,2,0
2026-05-16T15:42:50.898,TRK,34.259833,-106.333598,17085.6,176.8,94.7,-76.2,3,9,8,5,1
2026-05-16T15:42:51.000,TRK,34.259835,-106.333528,17059.1,176.0,95.4,-83.2,3,8,7,4,0
2026-05-16T15:42:51.100,TRK,34.259803,-106.333472,17058.8,177.3,94.9,-76.5,3,9,8,5,1
2026-05-16T15:42:51.200,TRK,34.259837,-106.333423,17052.5,178.7,94.5,-83.7,3,9,8,5,1
2026-05-16T15:42:51.300,TRK,34.259828,-106.333359,17069.2,178.8,95.5,-74.7,3,8,7,4,0
2026-05-16T15:42:51.402,TRK,34.259813,-106.333311,17037.6,178.0,95.0,-83.0,3,7,6,3,0
2026-05-16T15:42:51.502,TRK,34.259810,-106.333225,17030.2,176.6,94.8,-79.8,3,8,7,4,0
2026-05-16T15:42:51.602,TRK,34.259790,-106.333190,17034.3,177.6,94.0,-81.9,3,8,7,4,0
2026-05-16T15:42:51.704,TRK,34.259799,-106.333123,17020.4,174.6,96.2,-81.7,3,9,8,5,1
2026-05-16T15:42:51.804,TRK,34.259795,-106.333054,17003.5,177.7,95.2,-77.0,3,10,9,6,2
2026-05-16T15:42:51.904,TRK,34.259812,-106.333015,17012.5,178.2,95.3,-79.2,3,11,10,7,3
2026-05-16T15:42:52.006,TRK,34.259806,-106.332933,16989.5,176.6,94.6,-79.4,3,12,11,8,4
2026-05-16T15:42:52.106,TRK,34.259803,-106.332881,16978.4,178.8,94.7,-83.9,3,6,5,2,0
2026-05-16T15:42:52.206,TRK,34.259794,-106.332821,16963.2,176.1,94.7,-78.0,3,7,6,3,0
2026-05-16T15:42:52.306,TRK,34.259798,-106.332779,16949.9,177.2,93.8,-78.5,3,9,8,5,1
2026-05-16T15:42:52.408,TRK,34.259764,-106.332710,16955.5,178.1,95.0,-74.6,3,11,10,7,3
2026-05-16T15:42:52.508,TRK,34.259776,-106.332647,16945.3,174.5,93.7,-85.3,3,8,7,4,0
2026-05-16T15:42:52.608,TRK,34.259771,-106.332609,16958.1,177.3,95.7,-79.5,3,10,9,6,2
2026-05-16T15:42:52.710,TRK,34.259768,-106.332543,16934.9,179.4,95.8,-81.2,3,8,7,4,0
2026-05-16T15:42:52.810,TRK,34.259766,-106.332464,16939.9,176.7,95.1,-75.6,3,8,7,4,0
2026-05-16T15:42:52.910,TRK,34.259757,-106.332412,16911.0,177.2,94.3,-71.0,3,10,9,6,2
2026-05-16T15:42:53.012,TRK,34.259756,-106.332358,16906.8,177.6,95.0,-72.7,3,8,7,4,0
2026-05-16T15:42:53.112,TRK,34.259746,-106.332307,16894.2,174.4,95.5,-81.9,3,12,11,8,4
2026-05-16T15:42:53.212,TRK,34.259752,-106.332222,16897.5,174.0,94.3,-79.8,3,9,8,5,1
2026-05-16T15:42:53.314,TRK,34.259742,-106.332176,16889.0,177.3,95.1,-82.1,3,8,7,4,0
2026-05-16T15:42:53.414,TRK,34.259738,-106.332118,16872.7,175.9,95.5,-74.6,3,7,6,3,0
2026-05-16T15:42:53.514,TRK,34.259737,-106.332072,16863.7,179.0,95.6,-76.0,3,8,7,4,0
2026-05-16T15:42:53.614,TRK,34.259729,-106.331989,16865.0,174.2,95.2,-81.3,3,10,9,6,2
2026-05-16T15:42:53.716,TRK,34.259730,-106.331908,16848.2,174.7,95.4,-70.0,3,9,8,5,1
2026-05-16T15:42:53.816,TRK,34.259734,-106.331915,16854.4,174.9,95.3,-87.1,3,11,10,7,3
2026-05-16T15:42:53.916,TRK,34.259717,-106.331815,16841.4,172.6,95.8,-81.9,3,11,10,7,3
2026-05-16T15:42:54.018,TRK,34.259720,-106.331787,16845.2,174.2,94.4,-79.3,3,9,8,5,1
2026-05-16T15:42:54.118,TRK,34.259715,-106.331719,16839.3,173.6,94.3,-78.6,3,9,8,5,1
2026-05-16T15:42:54.218,TRK,34.259686,-106.331640,16812.8,174.6,94.1,-80.6,3,11,10,7,3
2026-05-16T15:42:54.320,TRK,34.259684,-106.331610,16832.0,175.5,95.1,-81.0,3,9,8,5,1
2026-05-16T15:42:54.420,TRK,34.259701,-106.331548,16831.0,174.9,95.2,-74.1,3,9,8,5,1
2026-05-16T15:42:54.520,TRK,34.259705,-106.331461,16786.2,175.3,94.4,-75.3,3,6,5,2,0
2026-05-16T15:42:54.620,TRK,34.259675,-106.331414,16800.4,178.1,95.1,-87.5,3,7,6,3,0
2026-05-16T15:42:54.722,TRK,34.259702,-106.331347,16771.4,176.3,94.8,-81.0,3,7,6,3,0
2026-05-16T15:42:54.822,TRK,34.259661,-106.331324,16762.2,174.6,93.9,-74.9,3,12,11,8,4
2026-05-16T15:42:54.922,TRK,34.259658,-106.331254,16753.5,172.5,94.9,-81.1,3,10,9,6,2
2026-05-16T15:42:55.024,TRK,34.259673,-106.331170,16760.0,174.9,95.0,-71.6,3,8,7,4,0
2026-05-16T15:42:55.124,TRK,34.259669,-106.331146,16732.5,175.8,94.4,-83.4,3,10,9,6,2
2026-05-16T15:42:55.224,TRK,34.259666,-106.331046,16738.9,173.1,95.4,-86.5,3,9,8,5,1
2026-05-16T15:42:55.326,TRK,34.259678,-106.331013,16751.8,176.0,94.7,-76.6,3,7,6,3,0
2026-05-16T15:42:55.426,TRK,34.259673,-106.330959,16740.8,173.8,94.4,-76.1,3,10,9,6,2
2026-05-16T15:42:55.526,TRK,34.259653,-106.330873,16726.0,175.1,94.9,-75.8,3,8,7,4,0
2026-05-16T15:42:55.628,TRK,34.259644,-106.330838,16698.8,175.6,95.0,-79.1,3,9,8,5,1
2026-05-16T15:42:55.728,TRK,34.259637,-106.330777,16674.0,172.1,96.0,-80.9,3,5,4,1,0
2026-05-16T15:42:55.828,TRK,34.259644,-106.330737,16683.4,176.5,93.6,-81.0,3,11,10,7,3
2026-05-16T15:42:55.928,TRK,34.259635,-106.330666,16668.9,174.4,95.5,-79.1,3,12,11,8,4
2026-05-16T15:42:56.030,TRK,34.259624,-106.330597,16676.5,175.1,95.1,-78.7,3,8,7,4,0
2026-05-16T15:42:56.130,TRK,34.259622,-106.330550,16663.3,173.9,94.5,-78.3,3,8,7,4,0
2026-05-16T15:42:56.230,TRK,34.259611,-106.330505,16649.5,174.1,94.3,-78.6,3,8,7,4,0
2026-05-16T15:42:56.332,TRK,34.259598,-106.330412,16639.2,176.8,95.5,-78.7,3,8,7,4,0
2026-05-16T15:42:56.432,TRK,34.259605,-106.330354,16657.6,178.6,95.1,-85.6,3,9,8,5,1
2026-05-16T15:42:56.532,TRK,34.259608,-106.330319,16624.0,176.1,95.7,-80.2,3,10,9,6,2
2026-05-16T15:42:56.634,TRK,34.259594,-106.330253,16640.4,173.4,94.8,-79.5,3,8,7,4,0
2026-05-16T15:42:56.734,TRK,34.259621,-106.330195,16603.0,174.7,95.0,-81.9,3,11,10,7,3
2026-05-16T15:42:56.834,TRK,34.259593,-106.330151,16616.0,172.3,95.0,-80.3,3,10,9,6,2
2026-05-16T15:42:56.934,TRK,34.259580,-106.330105,16610.0,175.5,95.7,-78.7,3,10,9,6,2
2026-05-16T15:42:57.036,TRK,34.259591,-106.330060,16597.8,173.8,94.4,-86.1,3,8,7,4,0
2026-05-16T15:42:57.136,TRK,34.259578,-106.329958,16602.8,172.7,93.7,-79.7,3,10,9,6,2
2026-05-16T15:42:57.236,TRK,34.259571,-106.329890,16580.0,173.9,95.1,-80.2,3,8,7,4,0
2026-05-16T15:42:57.338,TRK,34.259568,-106.329840,16574.3,174.2,94.9,-74.4,3,10,9,6,2
2026-05-16T15:42:57.438,TRK,34.259562,-106.329785,16553.3,174.8,95.5,-80.0,3,9,8,5,1
2026-05-16T15:42:57.538,TRK,34.259548,-106.329716,16549.1,173.8,94.9,-81.0,3,8,7,4,0
2026-05-16T15:42:57.640,TRK,34.259551,-106.329653,16554.7,175.0,95.5,-80.0,3,8,7,4,0
2026-05-16T15:42:57.740,TRK,34.259579,-106.329599,16536.6,172.0,94.7,-85.6,3,8,7,4,0
2026-05-16T15:42:57.840,TRK,34.259560,-106.329549,16544.6,174.1,94.5,-81.3,3,9,8,5,1
2026-05-16T15:42:57.942,TRK,34.259560,-106.329498,16537.7,175.1,95.2,-79.6,3,9,8,5,1
2026-05-16T15:42:58.042,TRK,34.259550,-106.329440,16514.1,173.3,95.1,-84.0,3,6,5,2,0
2026-05-16T15:42:58.142,TRK,34.259550,-106.329389,16474.0,168.7,94.2,-76.2,3,12,11,8,4
2026-05-16T15:42:58.242,TRK,34.259541,-106.329333,16520.7,172.0,94.1,-73.9,3,8,7,4,0
2026-05-16T15:42:58.344,TRK,34.259528,-106.329256,16496.3,172.8,95.4,-79.6,3,7,6,3,0
2026-05-16T15:42:58.444,TRK,34.259535,-106.329203,16479.4,172.6,94.7,-75.9,3,9,8,5,1
2026-05-16T15:42:58.544,TRK,34.259528,-106.329154,16471.5,173.2,94.9,-74.5,3,10,9,6,2
2026-05-16T15:42:58.646,TRK,34.259502,-106.329076,16446.0,170.4,95.1,-81.1,3,10,9,6,2
2026-05-16T15:42:58.746,TRK,34.259512,-106.329018,16463.1,175.9,95.3,-85.0,3,9,8,5,1
2026-05-16T15:42:58.846,TRK,34.259498,-106.328965,16424.8,177.3,96.0,-79.1,3,10,9,6,2
2026-05-16T15:42:58.948,TRK,34.259501,-106.328935,16478.1,172.8,94.5,-76.9,3,7,6,3,0
2026-05-16T15:42:59.048,TRK,34.259520,-106.328859,16437.5,172.2,94.0,-83.5,3,11,10,7,3
2026-05-16T15:42:59.148,TRK,34.259507,-106.328828,16431.7,174.4,96.2,-75.4,3,9,8,5,1
2026-05-16T15:42:59.248,TRK,34.259499,-106.328771,16425.7,174.1,93.4,-77.8,3,10,9,6,2
2026-05-16T15:42:59.350,TRK,34.259485,-106.328682,16402.7,173.2,95.5,-78.6,3,9,8,5,1
2026-05-16T15:42:59.450,TRK,34.259484,-106.328671,16413.7,174.3,95.5,-79.9,3,7,6,3,0
2026-05-16T15:42:59.550,TRK,34.259487,-106.328583,16390.9,171.0,94.5,-79.0,3,10,9,6,2
2026-05-16T15:42:59.652,TRK,34.259468,-106.328523,16404.9,172.1,95.4,-76.7,3,9,8,5,1
2026-05-16T15:42:59.752,TRK,34.259481,-106.328483,16352.0,171.6,95.3,-82.4,3,11,10,7,3
2026-05-16T15:42:59.852,TRK,34.259446,-106.328405,16359.5,174.2,94.2,-77.0,3,9,8,5,1
2026-05-16T15:42:59.954,TRK,34.259479,-106.328329,16355.3,172.7,94.8,-77.2,3,9,8,5,1
2026-05-16T15:43:00.054,TRK,34.259468,-106.328290,16365.3,173.6,95.9,-78.9,3,10,9,6,2
2026-05-16T15:43:00.154,TRK,34.259455,-106.328240,16333.4,171.7,95.1,-82.7,3,5,4,1,0
2026-05-16T15:43:00.256,TRK,34.259453,-106.328178,16359.7,173.8,95.0,-81.0,3,11,10,7,3
2026-05-16T15:43:00.356,TRK,34.259443,-106.328126,16339.4,173.6,94.8,-86.0,3,10,9,6,2
2026-05-16T15:43:00.456,TRK,34.259442,-106.328047,16321.5,172.4,94.9,-81.9,3,10,9,6,2
2026-05-16T15:43:00.556,TRK,34.259430,-106.327984,16322.4,172.2,95.6,-82.5,3,10,9,6,2
2026-05-16T15:43:00.658,TRK,34.259431,-106.327941,16311.0,176.6,94.7,-77.9,3,7,6,3,0
2026-05-16T15:43:00.758,TRK,34.259455,-106.327881,16305.0,173.9,95.0,-78.1,3,11,10,7,3
2026-05-16T15:43:00.858,TRK,34.259425,-106.327847,16311.0,168.8,95.0,-74.0,3,9,8,5,1
2026-05-16T15:43:00.960,TRK,34.259421,-106.327782,16267.1,171.7,95.6,-72.9,3,12,11,8,4
2026-05-16T15:43:01.060,TRK,34.259422,-106.327714,16297.5,176.1,95.4,-83.1,3,7,6,3,0
2026-05-16T15:43:01.160,TRK,34.259405,-106.327676,16286.6,172.6,95.1,-77.3,3,9,8,5,1
2026-05-16T15:43:01.262,TRK,34.259419,-106.327584,16256.5,172.1,95.6,-78.3,3,11,10,7,3
2026-05-16T15:43:01.362,TRK,34.259415,-106.327559,16244.4,174.2,94.0,-79.0,3,7,6,3,0
2026-05-16T15:43:01.462,TRK,34.259409,-106.327476,16230.3,170.4,95.4,-75.4,3,9,8,5,1
2026-05-16T15:43:01.562,TRK,34.259406,-106.327403,16235.8,172.1,94.7,-80.6,3,8,7,4,0
2026-05-16T15:43:01.664,TRK,34.259388,-106.327376,16225.6,168.4,95.3,-86.0,3,7,6,3,0
2026-05-16T15:43:01.764,TRK,34.259383,-106.327303,16238.4,175.1,95.5,-86.3,3,10,9,6,2
2026-05-16T15:43:01.864,TRK,34.259392,-106.327263,16218.1,172.7,95.4,-77.4,3,9,8,5,1
2026-05-16T15:43:01.966,TRK,34.259390,-106.327205,16212.6,174.7,94.8,-77.2,3,8,7,4,0
2026-05-16T15:43:02.066,TRK,34.259363,-106.327133,16194.5,174.0,95.0,-74.1,3,8,7,4,0
2026-05-16T15:43:02.166,TRK,34.259374,-106.327058,16179.4,170.8,95.0,-77.0,3,10,9,6,2
2026-05-16T15:43:02.268,TRK,34.259379,-106.327048,16185.2,170.2,95.8,-77.7,3,8,7,4,0
2026-05-16T15:43:02.368,TRK,34.259355,-106.326974,16174.9,171.2,94.4,-86.4,3,7,6,3,0
2026-05-16T15:43:02.468,TRK,34.259379,-106.326918,16153.9,172.7,94.7,-78.5,3,11,10,7,3
2026-05-16T15:43:02.570,TRK,34.259345,-106.326851,16141.1,170.8,96.0,-76.9,3,9,8,5,1
2026-05-16T15:43:02.670,TRK,34.259371,-106.326824,16141.4,169.6,93.8,-80.2,3,11,10,7,3
2026-05-16T15:43:02.770,TRK,34.259345,-106.326749,16136.9,170.5,94.2,-81.3,3,8,7,4,0
2026-05-16T15:43:02.870,TRK,34.259360,-106.326687,16143.9,173.3,94.9,-77.1,3,14,13,10,6
2026-05-16T15:43:02.972,TRK,34.259327,-106.326644,16117.8,170.9,95.2,-81.0,3,10,9,6,2
2026-05-16T15:43:03.072,TRK,34.259347,-106.326580,16131.6,169.9,95.4,-79.4,3,9,8,5,1
2026-05-16T15:43:03.172,TRK,34.259336,-106.326518,16100.9,169.8,94.8,-87.3,3,8,7,4,0
2026-05-16T15:43:03.274,TRK,34.259329,-106.326467,16098.0,168.6,95.1,-75.7,3,7,6,3,0
2026-05-16T15:43:03.374,TRK,34.259294,-106.326419,16088.3,172.6,94.5,-77.0,3,6,5,2,0
2026-05-16T15:43:03.474,TRK,34.259313,-106.326349,16105.2,170.8,94.6,-85.7,3,9,8,5,1
2026-05-16T15:43:03.576,TRK,34.259331,-106.326247,16087.2,171.3,94.5,-78.4,3,8,7,4,0
2026-05-16T15:43:03.676,TRK,34.259312,-106.326218,16101.3,172.3,95.0,-75.6,3,8,7,4,0
2026-05-16T15:43:03.776,TRK,34.259308,-106.326183,16074.5,167.9,95.3,-77.6,3,8,7,4,0
2026-05-16T15:43:03.876,TRK,34.259299,-106.326108,16090.2,171.2,94.7,-76.7,3,10,9,6,2
2026-05-16T15:43:03.978,TRK,34.259296,-106.326077,16047.2,166.5,95.4,-82.3,3,7,6,3,0
2026-05-16T15:43:04.078,TRK,34.259310,-106.326013,16036.5,170.7,95.0,-73.1,3,7,6,3,0
2026-05-16T15:43:04.178,TRK,34.259263,-106.325957,16036.4,172.2,94.8,-81.4,3,8,7,4,0
2026-05-16T15:43:04.278,TRK,34.259285,-106.325888,16049.1,168.7,94.3,-75.3,3,10,9,6,2
2026-05-16T15:43:04.378,TRK,34.259283,-106.325804,16013.6,173.4,95.6,-81.6,3,9,8,5,1
2026-05-16T15:43:04.478,TRK,34.259284,-106.325778,15992.8,171.1,94.9,-76.9,3,7,6,3,0
2026-05-16T15:43:04.578,TRK,34.259279,-106.325708,15999.0,168.7,95.6,-78.1,3,9,8,5,1
2026-05-16T15:43:04.678,TRK,34.259263,-106.325658,15987.3,170.9,95.2,-77.6,3,11,10,7,3
2026-05-16T15:43:04.778,TRK,34.259263,-106.325610,15998.1,167.7,95.2,-70.5,3,10,9,6,2
2026-05-16T15:43:04.878,TRK,34.259244,-106.325542,15971.5,169.9,95.8,-76.6,3,11,10,7,3
2026-05-16T15:43:04.978,TRK,34.259268,-106.325504,15990.8,168.7,95.3,-78.5,3,10,9,6,2
2026-05-16T15:43:05.078,TRK,34.259251,-106.325419,15963.8,169.6,95.0,-84.5,3,10,9,6,2
2026-05-16T15:43:05.178,TRK,34.259274,-106.325355,15926.4,171.5,94.7,-73.6,3,8,7,4,0
2026-05-16T15:43:05.278,TRK,34.259260,-106.325327,15938.4,169.1,95.7,-75.1,3,6,5,2,0
2026-05-16T15:43:05.378,TRK,34.259230,-106.325279,15941.6,168.2,95.1,-86.2,3,10,9,6,2
2026-05-16T15:43:05.478,TRK,34.259256,-106.325189,15948.5,169.2,95.9,-85.3,3,7,6,3,0
2026-05-16T15:43:05.578,TRK,34.259227,-106.325118,15948.9,172.7,95.3,-82.3,3,10,9,6,2
2026-05-16T15:43:05.678,TRK,34.259220,-106.325083,15914.3,169.0,95.4,-76.7,3,10,9,6,2
2026-05-16T15:43:05.778,TRK,34.259225,-106.325041,15879.4,165.6,95.4,-75.0,3,10,9,6,2
2026-05-16T15:43:05.878,TRK,34.259247,-106.324988,15919.9,172.3,95.1,-81.8,3,7,6,3,0
2026-05-16T15:43:05.978,TRK,34.259206,-106.324928,15887.6,168.6,95.8,-79.0,3,9,8,5,1
2026-05-16T15:43:06.078,TRK,34.259210,-106.324879,15889.5,170.3,96.3,-78.8,3,10,9,6,2
2026-05-16T15:43:06.178,TRK,34.259226,-106.324811,15844.2,169.5,95.8,-71.3,3,10,9,6,2
2026-05-16T15:43:06.278,TRK,34.259180,-106.324776,15867.3,169.8,94.4,-81.6,3,9,8,5,1
2026-05-16T15:43:06.378,TRK,34.259198,-106.324724,15868.0,169.1,94.9,-72.0,3,11,10,7,3
2026-05-16T15:43:06.478,TRK,34.259184,-106.324652,15852.1,168.2,94.2,-77.7,3,9,8,5,1
2026-05-16T15:43:06.578,TRK,34.259182,-106.324611,15862.5,169.0,96.1,-75.4,3,10,9,6,2
2026-05-16T15:43:06.678,TRK,34.259194,-106.324532,15855.9,169.2,96.6,-75.2,3,9,8,5,1
2026-05-16T15:43:06.778,TRK,34.259173,-106.324479,15829.0,168.2,94.8,-80.9,3,9,8,5,1
2026-05-16T15:43:06.878,TRK,34.259196,-106.324437,15835.9,170.5,93.9,-75.5,3,10,9,6,2
2026-05-16T15:43:06.978,TRK,34.259168,-106.324370,15814.9,170.3,94.5,-75.7,3,10,9,6,2
2026-05-16T15:43:07.078,TRK,34.259166,-106.324325,15802.0,163.3,95.7,-78.9,3,9,8,5,1
2026-05-16T15:43:07.178,TRK,34.259160,-106.324266,15822.3,169.2,95.7,-76.0,3,11,10,7,3
2026-05-16T15:43:07.278,TRK,34.259177,-106.324212,15797.8,168.3,93.9,-79.2,3,8,7,4,0
2026-05-16T15:43:07.378,TRK,34.259151,-106.324129,15765.0,170.3,96.0,-80.3,3,7,6,3,0
2026-05-16T15:43:07.478,TRK,34.259140,-106.324086,15769.2,168.1,94.8,-78.0,3,11,10,7,3
2026-05-16T15:43:07.578,TRK,34.259149,-106.324041,15758.8,167.6,94.1,-76.8,3,10,9,6,2
2026-05-16T15:43:07.678,TRK,34.259164,-106.323976,15745.5,169.1,94.7,-78.5,3,8,7,4,0
2026-05-16T15:43:07.778,TRK,34.259149,-106.323906,15741.7,166.1,96.2,-72.1,3,8,7,4,0
2026-05-16T15:43:07.878,TRK,34.259126,-106.323859,15758.3,168.3,94.4,-76.0,3,8,7,4,0
2026-05-16T15:43:07.978,TRK,34.259115,-106.323814,15732.2,167.0,94.7,-76.7,3,8,7,4,0
2026-05-16T15:43:08.078,TRK,34.259123,-106.323782,15720.5,167.5,95.3,-81.4,3,10,9,6,2
2026-05-16T15:43:08.178,TRK,34.259114,-106.323703,15721.8,166.2,95.2,-74.1,3,9,8,5,1
2026-05-16T15:43:08.278,TRK,34.259123,-106.323663,15716.7,166.2,94.6,-75.1,3,9,8,5,1
2026-05-16T15:43:08.378,TRK,34.259105,-106.323595,15716.4,168.8,94.6,-75.6,3,7,6,3,0
2026-05-16T15:43:08.478,TRK,34.259127,-106.323536,15706.5,167.4,94.5,-74.2,3,6,5,2,0
2026-05-16T15:43:08.578,TRK,34.259113,-106.323486,15705.8,166.9,94.5,-81.1,3,9,8,5,1
2026-05-16T15:43:08.678,TRK,34.259120,-106.323411,15701.5,168.7,94.8,-82.3,3,7,6,3,0
2026-05-16T15:43:08.778,TRK,34.259095,-106.323364,15680.9,170.0,96.3,-79.5,3,7,6,3,0
2026-05-16T15:43:08.878,TRK,34.259096,-106.323298,15663.4,169.1,94.8,-79.4,3,8,7,4,0
2026-05-16T15:43:08.978,TRK,34.259080,-106.323265,15656.3,169.6,94.2,-70.8,3,9,8,5,1
2026-05-16T15:43:09.078,TRK,34.259093,-106.323185,15653.1,166.7,95.6,-76.4,3,7,6,3,0
2026-05-16T15:43:09.178,TRK,34.259085,-106.323112,15645.0,167.9,94.9,-76.9,3,11,10,7,3
2026-05-16T15:43:09.278,TRK,34.259089,-106.323107,15636.8,166.8,94.8,-84.7,3,9,8,5,1
2026-05-16T15:43:09.378,TRK,34.259090,-106.323020,15619.5,169.9,94.7,-74.1,3,9,8,5,1
2026-05-16T15:43:09.478,TRK,34.259079,-106.322985,15640.8,166.8,94.8,-79.4,3,8,7,4,0
2026-05-16T15:43:09.578,TRK,34.259073,-106.322928,15604.0,169.2,95.2,-74.1,3,8,7,4,0
2026-05-16T15:43:09.678,TRK,34.259048,-106.322847,15616.8,168.4,95.3,-73.0,3,10,9,6,2
2026-05-16T15:43:09.778,TRK,34.259065,-106.322815,15586.7,167.0,94.8,-73.7,3,10,9,6,2
2026-05-16T15:43:09.878,TRK,34.259058,-106.322747,15613.9,166.0,95.5,-79.9,3,8,7,4,0
2026-05-16T15:43:09.978,TRK,34.259049,-106.322700,15578.8,167.3,94.7,-77.8,3,10,9,6,2
2026-05-16T15:43:10.078,TRK,34.259035,-106.322654,15555.8,165.3,94.8,-76.1,3,10,9,6,2
2026-05-16T15:43:10.178,TRK,34.259053,-106.322569,15576.5,164.4,94.7,-75.7,3,11,10,7,3
2026-05-16T15:43:10.278,TRK,34.259033,-106.322526,15578.2,170.1,94.2,-79.0,3,10,9,6,2
2026-05-16T15:43:10.378,TRK,34.259034,-106.322470,15545.2,166.4,94.7,-71.8,3,11,10,7,3
2026-05-16T15:43:10.478,TRK,34.259053,-106.322445,15571.1,166.1,95.1,-85.3,3,7,6,3,0
2026-05-16T15:43:10.578,TRK,34.259039,-106.322357,15521.8,165.7,94.6,-73.7,3,9,8,5,1
2026-05-16T15:43:10.678,TRK,34.259026,-106.322301,15532.2,168.8,94.2,-76.5,3,10,9,6,2
2026-05-16T15:43:10.778,TRK,34.259033,-106.322243,15546.7,166.2,95.0,-82.4,3,8,7,4,0
2026-05-16T15:43:10.878,TRK,34.259011,-106.322220,15512.8,166.3,95.6,-82.5,3,10,9,6,2
2026-05-16T15:43:10.978,TRK,34.259053,-106.322157,15508.6,164.0,94.2,-74.8,3,9,8,5,1
2026-05-16T15:43:11.078,TRK,34.259012,-106.322093,15502.6,164.3,95.3,-80.6,3,10,9,6,2
2026-05-16T15:43:11.178,TRK,34.259008,-106.322026,15494.9,163.4,94.2,-80.2,3,10,9,6,2
2026-05-16T15:43:11.278,TRK,34.259006,-106.321970,15459.1,167.3,94.5,-76.9,3,10,9,6,2
2026-05-16T15:43:11.378,TRK,34.258970,-106.321931,15464.4,166.4,93.7,-79.1,3,8,7,4,0
2026-05-16T15:43:11.478,TRK,34.258991,-106.321861,15449.3,167.6,95.8,-69.6,3,9,8,5,1
2026-05-16T15:43:11.578,TRK,34.258991,-106.321842,15452.1,162.1,95.6,-72.8,3,11,10,7,3
2026-05-16T15:43:11.678,TRK,34.258997,-106.321756,15464.5,165.4,95.4,-76.6,3,10,9,6,2
2026-05-16T15:43:11.778,TRK,34.258993,-106.321711,15460.4,164.2,93.9,-78.3,3,8,7,4,0
2026-05-16T15:43:11.878,TRK,34.258968,-106.321651,15437.3,169.1,95.2,-78.5,3,10,9,6,2
2026-05-16T15:43:11.978,TRK,34.258988,-106.321601,15423.4,169.3,95.3,-83.6,3,9,8,5,1
2026-05-16T15:43:12.078,TRK,34.258977,-106.321558,15404.9,166.4,95.1,-78.2,3,11,10,7,3
2026-05-16T15:43:12.178,TRK,34.258975,-106.321477,15385.3,166.9,94.1,-78.2,3,8,7,4,0
2026-05-16T15:43:12.278,TRK,34.258962,-106.321437,15417.4,166.8,94.3,-76.1,3,7,6,3,0
2026-05-16T15:43:12.378,TRK,34.258979,-106.321393,15403.3,162.3,93.8,-76.6,3,8,7,4,0
2026-05-16T15:43:12.478,TRK,34.258958,-106.321327,15395.9,165.4,94.4,-75.3,3,10,9,6,2
2026-05-16T15:43:12.578,TRK,34.258941,-106.321278,15380.9,166.2,95.6,-83.0,3,8,7,4,0
2026-05-16T15:43:12.678,TRK,34.258931,-106.321215,15366.7,163.8,95.4,-81.1,3,12,11,8,4
2026-05-16T15:43:12.778,TRK,34.258945,-106.321154,15374.8,166.7,95.1,-76.0,3,10,9,6,2
2026-05-16T15:43:12.878,TRK,34.258937,-106.321118,15358.5,166.0,95.4,-73.6,3,8,7,4,0
2026-05-16T15:43:12.978,TRK,34.258937,-106.321049,15364.9,164.7,94.5,-73.3,3,11,10,7,3
2026-05-16T15:43:13.078,TRK,34.258916,-106.320995,15325.1,165.7,96.0,-81.0,3,8,7,4,0
2026-05-16T15:43:13.178,TRK,34.258931,-106.320934,15335.8,164.4,94.3,-76.0,3,10,9,6,2
2026-05-16T15:43:13.278,TRK,34.258930,-106.320902,15325.0,167.4,94.6,-73.3,3,9,8,5,1
2026-05-16T15:43:13.378,TRK,34.258938,-106.320823,15336.6,166.5,96.0,-73.0,3,5,4,1,0
2026-05-16T15:43:13.478,TRK,34.258922,-106.320776,15319.8,165.2,95.7,-75.7,3,8,7,4,0
2026-05-16T15:43:13.578,TRK,34.258919,-106.320704,15310.5,165.7,94.6,-73.7,3,7,6,3,0
2026-05-16T15:43:13.678,TRK,34.258904,-106.320655,15301.2,165.0,95.9,-72.4,3,8,7,4,0
2026-05-16T15:43:13.778,TRK,34.258901,-106.320611,15293.6,166.6,94.5,-72.3,3,10,9,6,2
2026-05-16T15:43:13.878,TRK,34.258916,-106.320569,15279.5,163.6,94.8,-78.5,3,9,8,5,1
2026-05-16T15:43:13.978,TRK,34.258902,-106.320495,15260.6,164.9,95.3,-79.5,3,8,7,4,0
2026-05-16T15:43:14.078,TRK,34.258872,-106.320439,15239.2,161.4,95.3,-79.9,3,9,8,5,1
2026-05-16T15:43:14.178,TRK,34.258890,-106.320382,15280.2,163.9,94.4,-73.1,3,7,6,3,0
2026-05-16T15:43:14.278,TRK,34.258885,-106.320337,15246.3,169.5,95.2,-74.4,3,10,9,6,2
2026-05-16T15:43:14.378,TRK,34.258883,-106.320328,15248.2,168.6,95.4,-73.2,3,8,7,4,0
2026-05-16T15:43:14.478,TRK,34.258861,-106.320224,15220.8,164.4,95.5,-84.2,3,7,6,3,0
2026-05-16T15:43:14.578,TRK,34.258846,-106.320160,15218.2,165.8,96.3,-79.9,3,12,11,8,4
2026-05-16T15:43:14.678,TRK,34.258891,-106.320107,15219.0,165.1,95.0,-81.1,3,7,6,3,0
2026-05-16T15:43:14.778,TRK,34.258873,-106.320048,15231.7,164.7,94.3,-72.0,3,11,10,7,3
2026-05-16T15:43:14.878,TRK,34.258880,-106.320012,15215.5,162.6,96.2,-76.9,3,11,10,7,3
2026-05-16T15:43:14.978,TRK,34.258864,-106.319957,15212.5,164.4,94.7,-79.9,3,8,7,4,0
2026-05-16T15:43:15.078,TRK,34.258879,-106.319897,15203.0,165.2,95.2,-84.0,3,9,8,5,1
2026-05-16T15:43:15.178,TRK,34.258847,-106.319840,15148.4,165.4,95.7,-73.9,3,12,11,8,4
2026-05-16T15:43:15.278,TRK,34.258851,-106.319752,15170.9,164.9,94.9,-81.5,3,11,10,7,3
2026-05-16T15:43:15.378,TRK,34.258839,-106.319723,15176.3,162.3,94.8,-76.1,3,7,6,3,0
2026-05-16T15:43:15.478,TRK,34.258832,-106.319695,15173.2,163.9,95.5,-87.3,3,9,8,5,1
2026-05-16T15:43:15.578,TRK,34.258832,-106.319617,15138.0,162.7,95.5,-75.9,3,12,11,8,4
2026-05-16T15:43:15.678,TRK,34.258841,-106.319571,15170.4,162.2,95.8,-75.3,3,9,8,5,1
2026-05-16T15:43:15.778,TRK,34.258834,-106.319510,15113.2,165.9,94.6,-81.7,3,9,8,5,1
2026-05-16T15:43:15.878,TRK,34.258834,-106.319479,15132.9,162.6,95.3,-72.4,3,10,9,6,2
2026-05-16T15:43:15.978,TRK,34.258812,-106.319415,15119.9,162.1,95.1,-80.0,3,12,11,8,4
2026-05-16T15:43:16.078,TRK,34.258826,-106.319339,15115.2,163.3,95.4,-79.7,3,7,6,3,0
2026-05-16T15:43:16.178,TRK,34.258803,-106.319264,15099.8,163.8,94.9,-76.2,3,9,8,5,1
2026-05-16T15:43:16.278,TRK,34.258813,-106.319247,15101.6,160.1,94.6,-78.6,3,8,7,4,0
2026-05-16T15:43:16.378,TRK,34.258814,-106.319170,15093.8,164.4,94.5,-71.1,3,11,10,7,3
2026-05-16T15:43:16.478,TRK,34.258795,-106.319147,15079.5,163.2,95.2,-77.1,3,7,6,3,0
2026-05-16T15:43:16.578,TRK,34.258802,-106.319052,15067.5,162.5,94.9,-76.2,3,9,8,5,1
2026-05-16T15:43:16.678,TRK,34.258790,-106.319010,15067.7,163.0,94.9,-76.8,3,10,9,6,2
2026-05-16T15:43:16.778,TRK,34.258790,-106.318959,15067.0,163.8,96.0,-74.1,3,9,8,5,1
2026-05-16T15:43:16.878,TRK,34.258781,-106.318912,15051.3,159.1,95.5,-75.3,3,8,7,4,0
2026-05-16T15:43:16.978,TRK,34.258763,-106.318872,15042.6,161.5,95.2,-73.4,3,11,10,7,3
2026-05-16T15:43:17.078,TRK,34.258758,-106.318829,15037.3,162.5,96.2,-77.4,3,10,9,6,2
2026-05-16T15:43:17.178,TRK,34.258788,-106.318750,15051.9,163.8,94.7,-75.2,3,7,6,3,0
2026-05-16T15:43:17.278,TRK,34.258761,-106.318693,15032.2,162.2,94.1,-76.9,3,9,8,5,1
2026-05-16T15:43:17.378,TRK,34.258756,-106.318634,15018.8,165.4,95.4,-77.1,3,9,8,5,1
2026-05-16T15:43:17.478,TRK,34.258777,-106.318597,15009.9,163.2,95.5,-72.6,3,11,10,7,3
2026-05-16T15:43:17.578,TRK,34.258753,-106.318558,15001.4,162.8,94.4,-82.4,3,11,10,7,3
2026-05-16T15:43:17.678,TRK,34.258748,-106.318492,14981.7,162.8,94.8,-80.7,3,9,8,5,1
2026-05-16T15:43:17.778,TRK,34.258755,-106.318433,14977.0,163.6,95.0,-80.4,3,8,7,4,0
2026-05-16T15:43:17.878,TRK,34.258771,-106.318393,14984.5,163.4,95.0,-78.2,3,12,11,8,4
2026-05-16T15:43:17.978,TRK,34.258735,-106.318314,14942.6,160.8,94.7,-79.3,3,9,8,5,1
2026-05-16T15:43:18.078,TRK,34.258723,-106.318254,14956.4,159.5,95.1,-72.9,3,10,9,6,2
2026-05-16T15:43:18.178,TRK,34.258727,-106.318193,14956.2,161.7,94.8,-78.1,3,10,9,6,2
2026-05-16T15:43:18.278,TRK,34.258718,-106.318155,14926.3,158.1,95.7,-80.6,3,7,6,3,0
2026-05-16T15:43:18.378,TRK,34.258729,-106.318105,14925.2,164.7,94.0,-75.7,3,9,8,5,1
2026-05-16T15:43:18.478,TRK,34.258715,-106.318051,14932.1,162.8,94.3,-75.5,3,9,8,5,1
2026-05-16T15:43:18.578,TRK,34.258730,-106.317971,14907.4,162.0,96.1,-74.6,3,9,8,5,1
2026-05-16T15:43:18.678,TRK,34.258726,-106.317929,14908.9,162.9,95.0,-74.6,3,8,7,4,0
2026-05-16T15:43:18.778,TRK,34.258714,-106.317903,14896.0,160.4,94.6,-74.4,3,12,11,8,4
2026-05-16T15:43:18.878,TRK,34.258689,-106.317817,14901.0,161.4,95.1,-76.3,3,10,9,6,2
2026-05-16T15:43:18.978,TRK,34.258696,-106.317786,14879.5,163.5,93.8,-69.5,3,10,9,6,2
2026-05-16T15:43:19.078,TRK,34.258711,-106.317728,14902.0,159.4,94.8,-77.5,3,9,8,5,1
2026-05-16T15:43:19.178,TRK,34.258692,-106.317649,14862.4,161.3,95.1,-75.7,3,8,7,4,0
2026-05-16T15:43:19.278,TRK,34.258688,-106.317628,14879.3,161.8,95.2,-75.2,3,8,7,4,0
2026-05-16T15:43:19.378,TRK,34.258666,-106.317597,14865.7,163.1,95.4,-83.2,3,10,9,6,2
2026-05-16T15:43:19.478,TRK,34.258677,-106.317488,14855.6,159.1,95.4,-72.4,3,10,9,6,2
2026-05-16T15:43:19.578,TRK,34.258677,-106.317445,14827.4,161.5,95.5,-73.2,3,9,8,5,1
2026-05-16T15:43:19.678,TRK,34.258669,-106.317414,14847.8,160.4,95.4,-79.5,3,12,11,8,4
2026-05-16T15:43:19.778,TRK,34.258674,-106.317339,14834.0,160.6,96.0,-74.5,3,10,9,6,2
2026-05-16T15:43:19.878,TRK,34.258652,-106.317329,14823.6,159.5,95.3,-80.5,3,6,5,2,0
2026-05-16T15:43:19.978,TRK,34.258692,-106.317260,14803.2,159.4,94.8,-75.1,3,9,8,5,1
2026-05-16T15:43:20.078,TRK,34.258640,-106.317184,14820.1,161.5,95.5,-78.0,3,7,6,3,0
2026-05-16T15:43:20.178,TRK,34.258647,-106.317159,14779.6,161.9,95.6,-83.4,3,8,7,4,0
2026-05-16T15:43:20.278,TRK,34.258642,-106.317120,14768.9,162.5,95.7,-77.9,3,8,7,4,0
2026-05-16T15:43:20.378,TRK,34.258647,-106.317030,14764.7,159.9,94.7,-73.2,3,6,5,2,0
2026-05-16T15:43:20.478,TRK,34.258647,-106.316983,14753.5,161.3,94.9,-78.0,3,9,8,5,1
2026-05-16T15:43:20.578,TRK,34.258639,-106.316926,14768.8,163.1,94.4,-79.2,3,9,8,5,1
2026-05-16T15:43:20.678,TRK,34.258639,-106.316881,14774.8,160.2,93.8,-72.2,3,8,7,4,0
2026-05-16T15:43:20.778,TRK,34.258634,-106.316809,14753.2,159.9,94.8,-75.3,3,7,6,3,0
2026-05-16T15:43:20.878,TRK,34.258637,-106.316772,14761.3,160.9,94.7,-83.1,3,11,10,7,3
2026-05-16T15:43:20.978,TRK,34.258638,-106.316731,14728.3,161.1,94.2,-75.3,3,8,7,4,0
2026-05-16T15:43:21.078,TRK,34.258611,-106.316685,14707.1,158.5,95.1,-75.9,3,10,9,6,2
2026-05-16T15:43:21.178,TRK,34.258596,-106.316624,14722.3,160.0,94.9,-74.7,3,11,10,7,3
2026-05-16T15:43:21.278,TRK,34.258622,-106.316532,14706.2,159.4,94.5,-78.2,3,7,6,3,0
2026-05-16T15:43:21.378,TRK,34.258596,-106.316500,14683.2,160.5,95.9,-72.6,3,9,8,5,1
2026-05-16T15:43:21.478,TRK,34.258617,-106.316467,14694.6,160.7,94.0,-73.6,3,9,8,5,1
2026-05-16T15:43:21.578,TRK,34.258590,-106.316398,14671.3,160.5,95.5,-73.8,3,9,8,5,1
2026-05-16T15:43:21.678,TRK,34.258610,-106.316330,14683.0,156.5,94.8,-77.9,3,6,5,2,0
2026-05-16T15:43:21.778,TRK,34.258583,-106.316288,14655.2,157.9,94.5,-79.8,3,10,9,6,2
2026-05-16T15:43:21.878,TRK,34.258573,-106.316256,14664.7,160.8,94.9,-77.6,3,8,7,4,0
2026-05-16T15:43:21.978,TRK,34.258589,-106.316187,14669.5,159.3,95.6,-76.7,3,11,10,7,3
2026-05-16T15:43:22.078,TRK,34.258584,-106.316142,14635.1,163.4,94.8,-75.4,3,9,8,5,1
2026-05-16T15:43:22.178,TRK,34.258561,-106.316090,14637.0,161.4,95.5,-73.1,3,7,6,3,0
2026-05-16T15:43:22.278,TRK,34.258582,-106.316029,14671.2,155.9,95.7,-74.3,3,8,7,4,0
2026-05-16T15:43:22.378,TRK,34.258566,-106.315978,14612.0,158.8,95.6,-73.2,3,9,8,5,1
2026-05-16T15:43:22.478,TRK,34.258558,-106.315919,14612.2,158.0,94.2,-78.9,3,9,8,5,1
2026-05-16T15:43:22.578,TRK,34.258554,-106.315864,14607.2,157.7,96.4,-73.7,3,7,6,3,0
2026-05-16T15:43:22.678,TRK,34.258578,-106.315836,14611.1,156.6,96.9,-77.8,3,7,6,3,0
2026-05-16T15:43:22.778,TRK,34.258570,-106.315753,14603.7,156.3,94.6,-68.0,3,11,10,7,3
2026-05-16T15:43:22.878,TRK,34.258548,-106.315725,14572.0,159.9,94.3,-68.0,3,8,7,4,0
2026-05-16T15:43:22.978,TRK,34.258560,-106.315656,14582.9,157.4,95.0,-77.8,3,11,10,7,3
2026-05-16T15:43:23.078,TRK,34.258555,-106.315612,14577.9,158.8,93.9,-76.5,3,10,9,6,2
2026-05-16T15:43:23.178,TRK,34.258539,-106.315541,14560.5,155.5,95.0,-78.4,3,10,9,6,2
2026-05-16T15:43:23.278,TRK,34.258542,-106.315478,14564.2,159.4,95.6,-81.1,3,10,9,6,2
2026-05-16T15:43:23.378,TRK,34.258550,-106.315441,14535.0,158.5,94.4,-66.8,3,8,7,4,0
2026-05-16T15:43:23.478,TRK,34.258512,-106.315415,14553.6,161.5,95.1,-73.7,3,8,7,4,0
2026-05-16T15:43:23.578,TRK,34.258526,-106.315343,14536.2,157.4,94.9,-79.2,3,11,10,7,3
2026-05-16T15:43:23.678,TRK,34.258536,-106.315326,14518.2,155.3,94.5,-74.6,3,7,6,3,0
2026-05-16T15:43:23.778,TRK,34.258526,-106.315239,14529.4,157.0,94.8,-73.2,3,8,7,4,0
2026-05-16T15:43:23.878,TRK,34.258519,-106.315197,14500.4,160.1,94.7,-67.0,3,11,10,7,3
2026-05-16T15:43:23.978,TRK,34.258507,-106.315159,14499.5,157.3,96.3,-77.0,3,9,8,5,1
2026-05-16T15:43:24.078,TRK,34.258487,-106.315068,14505.5,159.5,94.2,-73.6,3,9,8,5,1
2026-05-16T15:43:24.178,TRK,34.258499,-106.315049,14484.3,155.7,94.9,-72.1,3,8,7,4,0
2026-05-16T15:43:24.278,TRK,34.258481,-106.314996,14477.4,155.5,96.2,-79.0,3,9,8,5,1
2026-05-16T15:43:24.378,TRK,34.258487,-106.314920,14488.7,159.0,95.7,-81.8,3,9,8,5,1
2026-05-16T15:43:24.478,TRK,34.258496,-106.314867,14454.5,161.5,93.9,-76.4,3,8,7,4,0
2026-05-16T15:43:24.578,TRK,34.258492,-106.314804,14445.5,159.1,95.0,-77.0,3,10,9,6,2
2026-05-16T15:43:24.678,TRK,34.258484,-106.314782,14428.7,158.0,94.8,-78.2,3,10,9,6,2
2026-05-16T15:43:24.778,TRK,34.258484,-106.314727,14460.3,154.1,94.9,-71.7,3,8,7,4,0
2026-05-16T15:43:24.878,TRK,34.258466,-106.314641,14434.8,156.1,95.3,-75.1,3,11,10,7,3
2026-05-16T15:43:24.978,TRK,34.258465,-106.314605,14419.6,156.8,95.1,-76.1,3,6,5,2,0
2026-05-16T15:43:25.078,TRK,34.258492,-106.314565,14393.1,157.5,94.6,-74.1,3,7,6,3,0
2026-05-16T15:43:25.178,TRK,34.258453,-106.314506,14404.9,156.3,94.8,-74.9,3,9,8,5,1
2026-05-16T15:43:25.278,TRK,34.258473,-106.314478,14422.9,156.7,95.9,-81.9,3,12,11,8,4
2026-05-16T15:43:25.378,TRK,34.258460,-106.314400,14396.6,160.2,94.9,-76.7,3,7,6,3,0
2026-05-16T15:43:25.478,TRK,34.258467,-106.314375,14405.6,157.4,94.6,-70.9,3,10,9,6,2
2026-05-16T15:43:25.578,TRK,34.258445,-106.314296,14398.5,157.0,93.8,-73.2,3,9,8,5,1
2026-05-16T15:43:25.678,TRK,34.258434,-106.314240,14383.0,157.7,94.4,-89.0,3,11,10,7,3
2026-05-16T15:43:25.778,TRK,34.258446,-106.314199,14376.0,155.9,94.6,-70.7,3,7,6,3,0
2026-05-16T15:43:25.878,TRK,34.258429,-106.314150,14346.9,158.8,94.8,-75.6,3,11,10,7,3
2026-05-16T15:43:25.978,TRK,34.258445,-106.314099,14349.6,154.7,94.4,-76.0,3,9,8,5,1
2026-05-16T15:43:26.078,TRK,34.258410,-106.314054,14340.1,157.5,94.9,-81.5,3,9,8,5,1
2026-05-16T15:43:26.178,TRK,34.258417,-106.314004,14306.6,157.5,95.6,-79.9,3,9,8,5,1
2026-05-16T15:43:26.278,TRK,34.258421,-106.313936,14335.2,153.5,95.0,-74.9,3,8,7,4,0
2026-05-16T15:43:26.378,TRK,34.258398,-106.313914,14308.1,153.2,96.8,-74.3,3,8,7,4,0
2026-05-16T15:43:26.478,TRK,34.258415,-106.313844,14316.8,156.5,93.6,-66.6,3,9,8,5,1
2026-05-16T15:43:26.578,TRK,34.258420,-106.313773,14314.9,154.6,94.6,-74.6,3,9,8,5,1
2026-05-16T15:43:26.678,TRK,34.258401,-106.313740,14296.4,155.5,94.3,-80.0,3,7,6,3,0
2026-05-16T15:43:26.778,TRK,34.258407,-106.313664,14296.8,157.0,95.1,-79.1,3,8,7,4,0
2026-05-16T15:43:26.878,TRK,34.258391,-106.313648,14299.5,155.7,94.7,-80.8,3,10,9,6,2
2026-05-16T15:43:26.978,TRK,34.258402,-106.313585,14265.0,153.6,94.3,-74.5,3,8,7,4,0
2026-05-16T15:43:27.078,TRK,34.258389,-106.313560,14266.4,158.3,95.0,-73.7,3,7,6,3,0
2026-05-16T15:43:27.178,TRK,34.258369,-106.313470,14257.8,159.0,95.0,-69.6,3,8,7,4,0
2026-05-16T15:43:27.278,TRK,34.258371,-106.313399,14215.4,152.1,94.3,-75.6,3,7,6,3,0
2026-05-16T15:43:27.378,TRK,34.258376,-106.313371,14231.6,156.8,94.8,-73.4,3,8,7,4,0
2026-05-16T15:43:27.478,TRK,34.258392,-106.313309,14229.3,150.4,94.7,-77.1,3,8,7,4,0
2026-05-16T15:43:27.578,TRK,34.258357,-106.313259,14270.2,153.9,94.6,-72.6,3,10,9,6,2
2026-05-16T15:43:27.678,TRK,34.258370,-106.313217,14220.9,152.3,96.1,-78.6,3,9,8,5,1
2026-05-16T15:43:27.778,TRK,34.258369,-106.313177,14195.3,156.4,94.6,-68.9,3,9,8,5,1
2026-05-16T15:43:27.878,TRK,34.258374,-106.313133,14220.6,156.7,94.6,-85.8,3,6,5,2,0
2026-05-16T15:43:27.978,TRK,34.258343,-106.313068,14198.0,155.6,95.1,-69.6,3,9,8,5,1
2026-05-16T15:43:28.078,TRK,34.258356,-106.313011,14189.2,155.0,94.9,-75.7,3,7,6,3,0
2026-05-16T15:43:28.178,TRK,34.258359,-106.312960,14187.4,156.3,95.5,-73.3,3,10,9,6,2
2026-05-16T15:43:28.278,TRK,34.258340,-106.312935,14162.5,155.9,96.1,-75.4,3,10,9,6,2
2026-05-16T15:43:28.378,TRK,34.258357,-106.312885,14160.4,153.5,95.1,-80.5,3,10,9,6,2
2026-05-16T15:43:28.478,TRK,34.258320,-106.312785,14136.4,152.7,95.1,-75.4,3,9,8,5,1
2026-05-16T15:43:28.578,TRK,34.258319,-106.312747,14188.3,154.4,94.6,-72.7,3,8,7,4,0
2026-05-16T15:43:28.678,TRK,34.258335,-106.312698,14154.1,156.5,94.5,-76.1,3,8,7,4,0
2026-05-16T15:43:28.778,TRK,34.258340,-106.312679,14138.6,155.4,94.2,-71.5,3,10,9,6,2
2026-05-16T15:43:28.878,TRK,34.258313,-106.312619,14117.4,155.9,94.5,-76.0,3,7,6,3,0
2026-05-16T15:43:28.978,TRK,34.258316,-106.312593,14115.9,154.7,94.2,-75.5,3,8,7,4,0
2026-05-16T15:43:29.078,TRK,34.258295,-106.312509,14119.7,151.8,95.6,-78.1,3,7,6,3,0
2026-05-16T15:43:29.178,TRK,34.258294,-106.312433,14093.6,152.8,95.7,-76.1,3,7,6,3,0
2026-05-16T15:43:29.278,TRK,34.258309,-106.312419,14113.7,152.2,95.5,-77.6,3,11,10,7,3
2026-05-16T15:43:29.378,TRK,34.258310,-106.312365,14082.7,152.6,95.7,-75.3,3,7,6,3,0
2026-05-16T15:43:29.478,TRK,34.258310,-106.312303,14068.6,155.5,95.1,-72.8,3,8,7,4,0
2026-05-16T15:43:29.578,TRK,34.258290,-106.312238,14092.6,154.8,93.9,-76.0,3,8,7,4,0
2026-05-16T15:43:29.678,TRK,34.258313,-106.312223,14039.5,151.6,95.1,-77.8,3,9,8,5,1
2026-05-16T15:43:29.778,TRK,34.258298,-106.312117,14054.5,151.8,95.6,-68.7,3,9,8,5,1
2026-05-16T15:43:29.878,TRK,34.258275,-106.312093,14038.5,153.9,94.8,-71.3,3,9,8,5,1
2026-05-16T15:43:29.978,TRK,34.258296,-106.312082,14060.0,155.1,94.5,-76.8,3,10,9,6,2
2026-05-16T15:43:30.078,TRK,34.258280,-106.311996,14007.4,153.3,95.5,-77.8,3,8,7,4,0
2026-05-16T15:43:30.178,TRK,34.258287,-106.311944,14046.5,153.3,94.9,-76.4,3,8,7,4,0
2026-05-16T15:43:30.278,TRK,34.258272,-106.311926,14031.4,151.4,93.9,-69.4,3,7,6,3,0
2026-05-16T15:43:30.378,TRK,34.258273,-106.311840,14030.1,152.1,95.0,-71.2,3,9,8,5,1
2026-05-16T15:43:30.478,TRK,34.258272,-106.311803,14003.7,151.8,94.3,-75.4,3,8,7,4,0
2026-05-16T15:43:30.578,TRK,34.258266,-106.311745,14009.2,153.1,94.8,-67.9,3,11,10,7,3
2026-05-16T15:43:30.678,TRK,34.258270,-106.311703,13994.0,153.7,95.9,-85.2,3,10,9,6,2
2026-05-16T15:43:30.778,TRK,34.258265,-106.311626,13977.8,153.4,95.8,-75.7,3,8,7,4,0
2026-05-16T15:43:30.878,TRK,34.258232,-106.311589,13999.0,152.4,94.6,-69.2,3,8,7,4,0
2026-05-16T15:43:30.978,TRK,34.258267,-106.311555,13962.9,151.8,95.9,-81.1,3,10,9,6,2
2026-05-16T15:43:31.078,TRK,34.258239,-106.311520,13944.3,149.8,94.2,-76.7,3,11,10,7,3
2026-05-16T15:43:31.178,TRK,34.258253,-106.311447,13963.5,152.0,95.1,-80.9,3,12,11,8,4
2026-05-16T15:43:31.278,TRK,34.258259,-106.311377,13953.4,152.0,95.1,-73.0,3,7,6,3,0
2026-05-16T15:43:31.378,TRK,34.258222,-106.311338,13944.5,151.3,95.0,-77.6,3,6,5,2,0
2026-05-16T15:43:31.478,TRK,34.258227,-106.311290,13912.4,151.6,95.9,-74.0,3,9,8,5,1
2026-05-16T15:43:31.578,TRK,34.258205,-106.311246,13922.9,153.4,95.4,-77.5,3,8,7,4,0
2026-05-16T15:43:31.678,TRK,34.258215,-106.311184,13910.4,152.4,95.1,-73.9,3,9,8,5,1
2026-05-16T15:43:31.778,TRK,34.258203,-106.311185,13916.0,152.8,95.3,-78.3,3,8,7,4,0
2026-05-16T15:43:31.878,TRK,34.258212,-106.311111,13895.5,149.5,94.9,-77.5,3,9,8,5,1
2026-05-16T15:43:31.978,TRK,34.258233,-106.311032,13895.9,152.0,94.6,-71.9,3,7,6,3,0
2026-05-16T15:43:32.078,TRK,34.258199,-106.311001,13905.2,151.7,94.6,-73.9,3,11,10,7,3
2026-05-16T15:43:32.178,TRK,34.258205,-106.310970,13865.3,151.5,95.0,-79.8,3,10,9,6,2
2026-05-16T15:43:32.278,TRK,34.258197,-106.310895,13884.3,148.1,94.5,-72.3,3,12,11,8,4
2026-05-16T15:43:32.378,TRK,34.258190,-106.310874,13853.7,150.1,94.4,-76.2,3,8,7,4,0
2026-05-16T15:43:32.478,TRK,34.258192,-106.310802,13869.6,145.0,93.6,-79.1,3,10,9,6,2
2026-05-16T15:43:32.578,TRK,34.258211,-106.310748,13839.4,151.7,95.2,-73.3,3,6,5,2,0
2026-05-16T15:43:32.678,TRK,34.258178,-106.310707,13837.1,149.5,95.6,-75.2,3,9,8,5,1
2026-05-16T15:43:32.778,TRK,34.258177,-106.310638,13833.0,152.0,95.7,-77.5,3,9,8,5,1
2026-05-16T15:43:32.878,TRK,34.258185,-106.310598,13842.1,148.7,95.8,-72.4,3,7,6,3,0
2026-05-16T15:43:32.978,TRK,34.258194,-106.310553,13817.6,149.3,94.7,-70.7,3,11,10,7,3
2026-05-16T15:43:33.078,TRK,34.258173,-106.310491,13818.4,152.3,94.6,-69.8,3,9,8,5,1
2026-05-16T15:43:33.178,TRK,34.258185,-106.310440,13809.2,147.6,95.9,-74.5,3,7,6,3,0
2026-05-16T15:43:33.278,TRK,34.258174,-106.310408,13813.9,148.3,95.5,-72.6,3,8,7,4,0
2026-05-16T15:43:33.378,TRK,34.258168,-106.310333,13788.9,150.4,95.7,-75.2,3,10,9,6,2
2026-05-16T15:43:33.478,TRK,34.258166,-106.310297,13772.2,149.8,95.8,-72.1,3,9,8,5,1
2026-05-16T15:43:33.578,TRK,34.258152,-106.310213,13757.0,150.2,94.7,-76.7,3,9,8,5,1
2026-05-16T15:43:33.678,TRK,34.258128,-106.310187,13767.7,149.7,95.2,-77.1,3,9,8,5,1
2026-05-16T15:43:33.778,TRK,34.258156,-106.310155,13766.9,150.7,94.6,-80.4,3,8,7,4,0
2026-05-16T15:43:33.878,TRK,34.258134,-106.310108,13743.3,150.8,95.8,-78.0,3,9,8,5,1
2026-05-16T15:43:33.978,TRK,34.258131,-106.310040,13724.9,147.0,95.4,-78.6,3,9,8,5,1
2026-05-16T15:43:34.078,TRK,34.258132,-106.309995,13772.3,148.6,95.2,-75.6,3,9,8,5,1
2026-05-16T15:43:34.178,TRK,34.258131,-106.309965,13730.7,149.8,95.9,-73.4,3,8,7,4,0
2026-05-16T15:43:34.278,TRK,34.258135,-106.309929,13719.9,149.4,94.6,-77.5,3,9,8,5,1
2026-05-16T15:43:34.378,TRK,34.258117,-106.309861,13708.3,146.0,95.2,-74.1,3,6,5,2,0
2026-05-16T15:43:34.478,TRK,34.258128,-106.309811,13721.7,150.6,93.7,-71.7,3,10,9,6,2
2026-05-16T15:43:34.578,TRK,34.258114,-106.309782,13711.2,147.2,95.4,-70.1,3,12,11,8,4
2026-05-16T15:43:34.678,TRK,34.258112,-106.309693,13670.5,151.0,94.7,-77.3,3,9,8,5,1
2026-05-16T15:43:34.778,TRK,34.258112,-106.309672,13688.6,148.5,95.2,-72.1,3,9,8,5,1
2026-05-16T15:43:34.878,TRK,34.258114,-106.309610,13687.6,146.8,95.3,-72.6,3,11,10,7,3
2026-05-16T15:43:34.978,TRK,34.258109,-106.309563,13686.8,149.5,94.8,-71.7,3,9,8,5,1
2026-05-16T15:43:35.078,TRK,34.258108,-106.309518,13643.8,149.4,93.8,-74.0,3,13,12,9,5
2026-05-16T15:43:35.178,TRK,34.258095,-106.309460,13644.4,149.5,94.7,-79.7,3,9,8,5,1
2026-05-16T15:43:35.278,TRK,34.258099,-106.309403,13618.1,151.0,94.1,-74.8,3,9,8,5,1
2026-05-16T15:43:35.378,TRK,34.258083,-106.309359,13646.5,152.9,95.1,-67.7,3,9,8,5,1
2026-05-16T15:43:35.478,TRK,34.258085,-106.309294,13618.2,149.3,95.4,-78.6,3,8,7,4,0
2026-05-16T15:43:35.578,TRK,34.258102,-106.309260,13617.9,149.9,95.8,-73.8,3,6,5,2,0
2026-05-16T15:43:35.678,TRK,34.258077,-106.309215,13609.2,149.8,96.5,-73.8,3,9,8,5,1
2026-05-16T15:43:35.778,TRK,34.258059,-106.309167,13590.1,145.1,94.7,-73.0,3,9,8,5,1
2026-05-16T15:43:35.878,TRK,34.258072,-106.309142,13605.9,145.5,94.4,-75.5,3,9,8,5,1
2026-05-16T15:43:35.978,TRK,34.258098,-106.309053,13580.2,146.7,95.4,-71.7,3,8,7,4,0
2026-05-16T15:43:36.078,TRK,34.258075,-106.309004,13595.8,148.6,95.2,-78.4,3,10,9,6,2
2026-05-16T15:43:36.178,TRK,34.258063,-106.308953,13559.2,151.7,94.2,-72.5,3,9,8,5,1
2026-05-16T15:43:36.278,TRK,34.258072,-106.308935,13564.1,147.5,94.7,-79.4,3,10,9,6,2
2026-05-16T15:43:36.378,TRK,34.258038,-106.308858,13544.9,148.6,94.9,-79.5,3,8,7,4,0
2026-05-16T15:43:36.478,TRK,34.258050,-106.308820,13578.2,147.2,94.5,-72.5,3,10,9,6,2
2026-05-16T15:43:36.578,TRK,34.258054,-106.308793,13547.9,146.5,95.4,-71.2,3,8,7,4,0
2026-05-16T15:43:36.678,TRK,34.258039,-106.308723,13553.1,146.4,94.3,-74.7,3,9,8,5,1
2026-05-16T15:43:36.778,TRK,34.258048,-106.308679,13538.1,147.6,95.5,-74.7,3,9,8,5,1
2026-05-16T15:43:36.878,TRK,34.258013,-106.308608,13551.6,146.6,94.3,-74.7,3,8,7,4,0
2026-05-16T15:43:36.978,TRK,34.258036,-106.308573,13520.2,146.4,95.7,-72.0,3,10,9,6,2
2026-05-16T15:43:37.078,TRK,34.258019,-106.308544,13499.7,149.1,95.3,-78.6,3,8,7,4,0
2026-05-16T15:43:37.178,TRK,34.258044,-106.308471,13476.5,145.3,94.6,-79.5,3,8,7,4,0
2026-05-16T15:43:37.278,TRK,34.258019,-106.308443,13475.1,145.1,94.8,-79.1,3,10,9,6,2
2026-05-16T15:43:37.378,TRK,34.258031,-106.308377,13503.7,144.4,95.6,-74.4,3,9,8,5,1
2026-05-16T15:43:37.478,TRK,34.258003,-106.308353,13486.3,149.8,94.0,-75.1,3,7,6,3,0
2026-05-16T15:43:37.578,TRK,34.258018,-106.308286,13465.0,148.4,95.6,-74.0,3,10,9,6,2
2026-05-16T15:43:37.678,TRK,34.258005,-106.308223,13458.9,145.6,95.1,-66.0,3,8,7,4,0
2026-05-16T15:43:37.778,TRK,34.258012,-106.308187,13480.6,145.9,95.1,-75.6,3,9,8,5,1
2026-05-16T15:43:37.878,TRK,34.258014,-106.308140,13432.2,146.6,95.2,-70.4,3,9,8,5,1
2026-05-16T15:43:37.978,TRK,34.258006,-106.308094,13440.6,149.3,95.1,-73.9,3,13,12,9,5
2026-05-16T15:43:38.078,TRK,34.257985,-106.308018,13427.6,144.3,95.2,-80.1,3,7,6,3,0
2026-05-16T15:43:38.178,TRK,34.257987,-106.308006,13432.2,144.5,94.2,-78.1,3,9,8,5,1
2026-05-16T15:43:38.278,TRK,34.257979,-106.307951,13419.8,145.4,95.3,-77.1,3,10,9,6,2
2026-05-16T15:43:38.378,TRK,34.257979,-106.307912,13405.7,147.0,94.7,-71.3,3,10,9,6,2
2026-05-16T15:43:38.478,TRK,34.257992,-106.307856,13405.6,143.8,94.3,-78.4,3,9,8,5,1
2026-05-16T15:43:38.578,TRK,34.257983,-106.307801,13396.8,145.0,94.8,-76.8,3,10,9,6,2
2026-05-16T15:43:38.678,TRK,34.257988,-106.307767,13404.8,144.2,95.3,-74.8,3,10,9,6,2
2026-05-16T15:43:38.778,TRK,34.257976,-106.307698,13391.0,146.5,95.9,-77.4,3,10,9,6,2
2026-05-16T15:43:38.878,TRK,34.257962,-106.307645,13364.6,144.3,95.2,-80.8,3,9,8,5,1
2026-05-16T15:43:38.978,TRK,34.257977,-106.307604,13390.7,142.5,95.6,-70.5,3,8,7,4,0
2026-05-16T15:43:39.078,TRK,34.257976,-106.307560,13355.9,146.6,93.8,-75.0,3,11,10,7,3
2026-05-16T15:43:39.178,TRK,34.257953,-106.307500,13360.3,145.0,95.1,-76.2,3,7,6,3,0
2026-05-16T15:43:39.278,TRK,34.257970,-106.307471,13346.8,147.5,95.2,-78.2,3,8,7,4,0
2026-05-16T15:43:39.378,TRK,34.257966,-106.307423,13327.8,149.1,95.5,-76.0,3,11,10,7,3
2026-05-16T15:43:39.478,TRK,34.257963,-106.307381,13319.7,145.9,94.5,-72.1,3,8,7,4,0
2026-05-16T15:43:39.578,TRK,34.257940,-106.307320,13336.6,143.5,94.4,-72.1,3,11,10,7,3
2026-05-16T15:43:39.678,TRK,34.257934,-106.307274,13306.1,143.2,94.6,-75.0,3,10,9,6,2
2026-05-16T15:43:39.778,TRK,34.257948,-106.307230,13280.3,141.5,93.6,-74.7,3,8,7,4,0
2026-05-16T15:43:39.878,TRK,34.257922,-106.307174,13290.6,144.2,95.1,-77.7,3,11,10,7,3
2026-05-16T15:43:39.978,TRK,34.257942,-106.307139,13273.2,147.6,94.9,-78.2,3,9,8,5,1
2026-05-16T15:43:40.078,TRK,34.257917,-106.307089,13311.7,144.0,93.6,-73.4,3,10,9,6,2
2026-05-16T15:43:40.178,TRK,34.257940,-106.307034,13290.1,142.2,94.9,-72.4,3,7,6,3,0
2026-05-16T15:43:40.278,TRK,34.257920,-106.307010,13273.0,141.0,94.9,-71.2,3,7,6,3,0
2026-05-16T15:43:40.378,TRK,34.257922,-106.306953,13237.8,143.4,95.6,-78.3,3,9,8,5,1
2026-05-16T15:43:40.478,TRK,34.257914,-106.306891,13258.2,142.9,95.8,-77.2,3,7,6,3,0
2026-05-16T15:43:40.578,TRK,34.257901,-106.306853,13260.7,143.3,95.0,-78.4,3,10,9,6,2
2026-05-16T15:43:40.678,TRK,34.257909,-106.306811,13223.4,142.1,96.1,-77.6,3,9,8,5,1
2026-05-16T15:43:40.778,TRK,34.257905,-106.306758,13226.1,146.2,95.3,-76.0,3,9,8,5,1
2026-05-16T15:43:40.878,TRK,34.257930,-106.306710,13253.7,140.6,94.9,-74.9,3,11,10,7,3
2026-05-16T15:43:40.978,TRK,34.257901,-106.306662,13189.7,143.5,94.5,-74.4,3,9,8,5,1
2026-05-16T15:43:41.078,TRK,34.257892,-106.306601,13230.8,143.0,95.0,-71.8,3,9,8,5,1
2026-05-16T15:43:41.178,TRK,34.257882,-106.306559,13216.3,143.9,95.1,-71.3,3,9,8,5,1
2026-05-16T15:43:41.278,TRK,34.257879,-106.306499,13174.6,143.0,94.8,-71.3,3,8,7,4,0
2026-05-16T15:43:41.378,TRK,34.257880,-106.306457,13187.3,140.1,95.1,-75.2,3,9,8,5,1
2026-05-16T15:43:41.478,TRK,34.257875,-106.306435,13192.7,139.1,94.9,-71.0,3,9,8,5,1
2026-05-16T15:43:41.578,TRK,34.257849,-106.306343,13166.6,144.7,95.5,-76.5,3,8,7,4,0
2026-05-16T15:43:41.678,TRK,34.257860,-106.306323,13183.6,140.0,95.4,-78.9,3,10,9,6,2
2026-05-16T15:43:41.778,TRK,34.257853,-106.306295,13165.5,141.3,95.2,-77.8,3,8,7,4,0
2026-05-16T15:43:41.878,TRK,34.257865,-106.306206,13145.0,141.2,95.2,-75.9,3,8,7,4,0
2026-05-16T15:43:41.978,TRK,34.257863,-106.306161,13157.3,144.5,95.5,-71.3,3,9,8,5,1
2026-05-16T15:43:42.078,TRK,34.257838,-106.306160,13131.8,144.7,93.7,-74.8,3,11,10,7,3
2026-05-16T15:43:42.178,TRK,34.257854,-106.306084,13142.8,144.5,96.0,-77.7,3,8,7,4,0
2026-05-16T15:43:42.278,TRK,34.257844,-106.306038,13122.8,142.4,95.4,-75.8,3,6,5,2,0
2026-05-16T15:43:42.378,TRK,34.257879,-106.305986,13123.9,141.8,95.1,-75.3,3,11,10,7,3
2026-05-16T15:43:42.478,TRK,34.257842,-106.305935,13129.2,143.4,95.1,-73.1,3,11,10,7,3
2026-05-16T15:43:42.578,TRK,34.257839,-106.305900,13105.9,141.0,95.6,-73.9,3,8,7,4,0
2026-05-16T15:43:42.678,TRK,34.257832,-106.305830,13105.4,142.7,95.5,-75.0,3,13,12,9,5
2026-05-16T15:43:42.778,TRK,34.257808,-106.305808,13090.1,139.1,94.3,-75.6,3,11,10,7,3
2026-05-16T15:43:42.878,TRK,34.257845,-106.305735,13063.0,141.4,95.8,-73.7,3,10,9,6,2
2026-05-16T15:43:42.978,TRK,34.257806,-106.305728,13067.9,142.8,94.7,-66.5,3,9,8,5,1
2026-05-16T15:43:43.078,TRK,34.257829,-106.305702,13084.7,142.1,95.1,-76.6,3,7,6,3,0
2026-05-16T15:43:43.178,TRK,34.257811,-106.305614,13062.9,144.6,95.0,-69.2,3,9,8,5,1
2026-05-16T15:43:43.278,TRK,34.257824,-106.305563,13079.6,138.6,96.0,-73.4,3,10,9,6,2
2026-05-16T15:43:43.378,TRK,34.257826,-106.305504,13040.7,142.7,94.9,-72.5,3,9,8,5,1
2026-05-16T15:43:43.478,TRK,34.257816,-106.305469,13023.6,140.3,96.3,-66.9,3,9,8,5,1
2026-05-16T15:43:43.578,TRK,34.257804,-106.305429,13035.1,141.6,93.0,-71.0,3,9,8,5,1
2026-05-16T15:43:43.678,TRK,34.257796,-106.305362,13010.4,144.4,95.0,-74.3,3,12,11,8,4
2026-05-16T15:43:43.778,TRK,34.257802,-106.305343,12993.3,141.5,94.2,-75.3,3,9,8,5,1
2026-05-16T15:43:43.878,TRK,34.257786,-106.305278,13009.0,143.4,95.2,-76.2,3,7,6,3,0
2026-05-16T15:43:43.978,TRK,34.257788,-106.305252,13017.3,140.7,95.0,-80.9,3,10,9,6,2
2026-05-16T15:43:44.078,TRK,34.257782,-106.305206,12983.8,140.3,93.7,-75.5,3,8,7,4,0
2026-05-16T15:43:44.178,TRK,34.257794,-106.305151,12985.4,143.2,95.6,-77.7,3,7,6,3,0
2026-05-16T15:43:44.278,TRK,34.257789,-106.305096,12951.6,139.6,94.8,-73.0,3,8,7,4,0
2026-05-16T15:43:44.378,TRK,34.257777,-106.305050,12978.2,144.3,93.7,-69.1,3,8,7,4,0
2026-05-16T15:43:44.478,TRK,34.257778,-106.305015,12964.6,140.1,94.2,-74.3,3,11,10,7,3
2026-05-16T15:43:44.578,TRK,34.257751,-106.304953,12971.9,141.2,93.5,-75.7,3,10,9,6,2
2026-05-16T15:43:44.678,TRK,34.257778,-106.304911,12948.1,138.0,94.6,-68.5,3,8,7,4,0
2026-05-16T15:43:44.778,TRK,34.257778,-106.304872,12967.1,141.3,94.9,-78.5,3,10,9,6,2
2026-05-16T15:43:44.878,TRK,34.257754,-106.304837,12943.1,139.4,94.8,-77.8,3,9,8,5,1
2026-05-16T15:43:44.978,TRK,34.257750,-106.304778,12943.9,142.5,93.6,-74.2,3,11,10,7,3
2026-05-16T15:43:45.078,TRK,34.257757,-106.304711,12902.0,141.2,95.0,-75.3,3,7,6,3,0
2026-05-16T15:43:45.178,TRK,34.257757,-106.304651,12889.8,138.0,94.8,-81.7,3,7,6,3,0
2026-05-16T15:43:45.278,TRK,34.257730,-106.304663,12905.0,136.4,95.0,-71.0,3,8,7,4,0
2026-05-16T15:43:45.378,TRK,34.257745,-106.304576,12901.3,138.4,94.5,-71.2,3,12,11,8,4
2026-05-16T15:43:45.478,TRK,34.257744,-106.304529,12901.4,137.9,96.1,-68.2,3,9,8,5,1
2026-05-16T15:43:45.578,TRK,34.257744,-106.304509,12873.9,139.3,94.2,-81.3,3,8,7,4,0
2026-05-16T15:43:45.678,TRK,34.257730,-106.304437,12867.5,138.9,94.8,-70.5,3,9,8,5,1
2026-05-16T15:43:45.778,TRK,34.257733,-106.304410,12862.5,140.2,94.4,-72.6,3,11,10,7,3
2026-05-16T15:43:45.878,TRK,34.257744,-106.304375,12855.8,136.9,95.5,-75.2,3,10,9,6,2
2026-05-16T15:43:45.978,TRK,34.257714,-106.304323,12836.2,141.3,95.6,-79.6,3,11,10,7,3
2026-05-16T15:43:46.078,TRK,34.257726,-106.304250,12846.0,138.9,95.7,-68.3,3,9,8,5,1
2026-05-16T15:43:46.178,TRK,34.257721,-106.304217,12862.7,139.1,95.4,-73.5,3,9,8,5,1
2026-05-16T15:43:46.278,TRK,34.257720,-106.304201,12831.1,141.9,94.4,-74.5,3,10,9,6,2
2026-05-16T15:43:46.378,TRK,34.257728,-106.304114,12801.0,135.9,94.9,-70.6,3,10,9,6,2
2026-05-16T15:43:46.478,TRK,34.257703,-106.304085,12840.7,139.9,95.9,-80.1,3,10,9,6,2
2026-05-16T15:43:46.578,TRK,34.257718,-106.304028,12818.4,141.8,95.3,-73.8,3,8,7,4,0
2026-05-16T15:43:46.678,TRK,34.257692,-106.303965,12806.5,139.5,95.3,-70.8,3,8,7,4,0
2026-05-16T15:43:46.778,TRK,34.257700,-106.303927,12777.8,138.3,96.1,-74.6,3,10,9,6,2
2026-05-16T15:43:46.878,TRK,34.257688,-106.303906,12807.7,136.3,94.2,-71.9,3,7,6,3,0
2026-05-16T15:43:46.978,TRK,34.257682,-106.303873,12782.3,138.8,94.7,-74.3,3,10,9,6,2
2026-05-16T15:43:47.078,TRK,34.257697,-106.303823,12774.5,139.8,94.8,-77.6,3,9,8,5,1
2026-05-16T15:43:47.178,TRK,34.257668,-106.303767,12740.3,138.1,94.9,-78.1,3,11,10,7,3
2026-05-16T15:43:47.278,TRK,34.257673,-106.303711,12765.6,135.9,94.7,-70.7,3,11,10,7,3
2026-05-16T15:43:47.378,TRK,34.257674,-106.303671,12744.4,140.0,94.8,-68.6,3,7,6,3,0
2026-05-16T15:43:47.478,TRK,34.257667,-106.303645,12726.4,138.5,95.4,-72.6,3,7,6,3,0
2026-05-16T15:43:47.578,TRK,34.257679,-106.303595,12738.3,140.8,95.2,-76.5,3,8,7,4,0
2026-05-16T15:43:47.678,TRK,34.257678,-106.303546,12731.2,138.8,95.7,-77.5,3,9,8,5,1
2026-05-16T15:43:47.778,TRK,34.257653,-106.303467,12726.6,138.0,95.4,-79.0,3,9,8,5,1
2026-05-16T15:43:47.878,TRK,34.257657,-106.303438,12703.5,139.4,96.4,-73.5,3,12,11,8,4
2026-05-16T15:43:47.978,TRK,34.257646,-106.303380,12698.7,139.4,94.5,-78.1,3,7,6,3,0
2026-05-16T15:43:48.078,TRK,34.257664,-106.303338,12671.6,139.6,95.0,-74.6,3,8,7,4,0
2026-05-16T15:43:48.178,TRK,34.257684,-106.303295,12672.2,138.0,94.4,-78.2,3,8,7,4,0
2026-05-16T15:43:48.278,TRK,34.257641,-106.303233,12667.1,135.9,94.8,-73.1,3,8,7,4,0
2026-05-16T15:43:48.378,TRK,34.257658,-106.303193,12672.6,136.5,95.5,-74.5,3,9,8,5,1
2026-05-16T15:43:48.478,TRK,34.257667,-106.303173,12663.0,135.3,95.8,-74.4,3,10,9,6,2
2026-05-16T15:43:48.578,TRK,34.257637,-106.303144,12644.5,138.2,95.1,-75.5,3,9,8,5,1
2026-05-16T15:43:48.678,TRK,34.257660,-106.303063,12663.6,136.1,95.1,-75.1,3,9,8,5,1
2026-05-16T15:43:48.778,TRK,34.257627,-106.303028,12641.8,135.2,95.9,-72.3,3,11,10,7,3
2026-05-16T15:43:48.878,TRK,34.257645,-106.302976,12618.1,139.6,93.7,-77.0,3,8,7,4,0
2026-05-16T15:43:48.978,TRK,34.257639,-106.302943,12614.5,134.3,95.2,-72.7,3,9,8,5,1
2026-05-16T15:43:49.078,TRK,34.257617,-106.302920,12626.6,137.0,95.8,-77.8,3,8,7,4,0
2026-05-16T15:43:49.178,TRK,34.257635,-106.302832,12610.5,138.3,95.6,-71.6,3,9,8,5,1
2026-05-16T15:43:49.278,TRK,34.257633,-106.302828,12615.0,135.7,95.7,-68.5,3,9,8,5,1
2026-05-16T15:43:49.378,TRK,34.257619,-106.302764,12597.4,137.9,95.5,-73.8,3,7,6,3,0
2026-05-16T15:43:49.478,TRK,34.257614,-106.302714,12595.3,136.3,96.1,-68.7,3,8,7,4,0
2026-05-16T15:43:49.578,TRK,34.257582,-106.302677,12573.6,136.8,95.0,-77.7,3,8,7,4,0
2026-05-16T15:43:49.678,TRK,34.257588,-106.302618,12595.0,137.2,96.2,-77.2,3,6,5,2,0
2026-05-16T15:43:49.778,TRK,34.257602,-106.302552,12556.8,136.8,95.0,-81.0,3,10,9,6,2
2026-05-16T15:43:49.878,TRK,34.257622,-106.302551,12563.3,136.8,95.5,-80.4,3,8,7,4,0
2026-05-16T15:43:49.978,TRK,34.257597,-106.302482,12569.7,134.8,93.7,-73.9,3,11,10,7,3
2026-05-16T15:43:50.078,TRK,34.257589,-106.302437,12533.3,137.0,94.7,-73.1,3,9,8,5,1
2026-05-16T15:43:50.178,TRK,34.257600,-106.302404,12533.9,135.4,94.3,-69.6,3,10,9,6,2
2026-05-16T15:43:50.278,TRK,34.257583,-106.302380,12532.8,134.6,94.0,-73.7,3,11,10,7,3
2026-05-16T15:43:50.378,TRK,34.257573,-106.302306,12523.8,136.6,94.8,-69.2,3,9,8,5,1
2026-05-16T15:43:50.478,TRK,34.257567,-106.302248,12514.8,136.4,94.2,-78.4,3,8,7,4,0
2026-05-16T15:43:50.578,TRK,34.257570,-106.302226,12486.3,132.6,95.2,-80.2,3,9,8,5,1
2026-05-16T15:43:50.678,TRK,34.257566,-106.302172,12497.9,135.2,95.6,-70.3,3,9,8,5,1
2026-05-16T15:43:50.778,TRK,34.257562,-106.302144,12479.8,135.1,93.3,-70.2,3,10,9,6,2
2026-05-16T15:43:50.878,TRK,34.257577,-106.302100,12496.0,134.6,95.5,-71.7,3,11,10,7,3
2026-05-16T15:43:50.978,TRK,34.257575,-106.302026,12476.0,134.5,95.0,-72.5,3,9,8,5,1
2026-05-16T15:43:51.078,TRK,34.257565,-106.302001,12472.8,134.7,94.6,-73.6,3,12,11,8,4
2026-05-16T15:43:51.178,TRK,34.257552,-106.301961,12478.7,135.0,96.7,-71.1,3,9,8,5,1
2026-05-16T15:43:51.278,TRK,34.257555,-106.301904,12453.3,135.3,95.8,-71.3,3,8,7,4,0
2026-05-16T15:43:51.378,TRK,34.257558,-106.301861,12431.7,135.0,93.6,-74.6,3,10,9,6,2
2026-05-16T15:43:51.478,TRK,34.257540,-106.301779,12416.3,134.5,94.4,-79.0,3,9,8,5,1
2026-05-16T15:43:51.578,TRK,34.257536,-106.301763,12435.5,136.2,94.4,-73.2,3,11,10,7,3
2026-05-16T15:43:51.678,TRK,34.257534,-106.301736,12436.4,133.5,95.0,-77.2,3,9,8,5,1
2026-05-16T15:43:51.778,TRK,34.257542,-106.301669,12431.5,131.3,94.2,-73.8,3,10,9,6,2
2026-05-16T15:43:51.878,TRK,34.257566,-106.301631,12399.9,135.2,95.6,-77.2,3,9,8,5,1
2026-05-16T15:43:51.978,TRK,34.257536,-106.301602,12406.3,133.9,94.7,-74.1,3,10,9,6,2
2026-05-16T15:43:52.078,TRK,34.257530,-106.301551,12375.7,137.4,95.8,-75.5,3,11,10,7,3
2026-05-16T15:43:52.178,TRK,34.257526,-106.301513,12407.7,132.8,94.4,-80.0,3,10,9,6,2
2026-05-16T15:43:52.278,TRK,34.257531,-106.301448,12381.5,134.9,95.6,-71.7,3,6,5,2,0
2026-05-16T15:43:52.378,TRK,34.257510,-106.301411,12357.6,134.3,95.4,-72.7,3,9,8,5,1
2026-05-16T15:43:52.478,TRK,34.257505,-106.301378,12401.2,133.3,95.9,-68.9,3,9,8,5,1
2026-05-16T15:43:52.578,TRK,34.257520,-106.301315,12367.9,132.6,95.2,-78.2,3,9,8,5,1
2026-05-16T15:43:52.678,TRK,34.257488,-106.301286,12361.0,133.1,94.5,-72.5,3,8,7,4,0
2026-05-16T15:43:52.778,TRK,34.257512,-106.301230,12332.8,131.4,94.2,-75.1,3,9,8,5,1
2026-05-16T15:43:52.878,TRK,34.257512,-106.301194,12338.2,132.4,94.4,-79.8,3,9,8,5,1
2026-05-16T15:43:52.978,TRK,34.257490,-106.301152,12307.6,132.0,94.1,-68.7,3,11,10,7,3
2026-05-16T15:43:53.078,TRK,34.257510,-106.301116,12337.0,133.0,95.9,-81.2,3,6,5,2,0
2026-05-16T15:43:53.178,TRK,34.257460,-106.301047,12301.5,134.4,94.6,-70.1,3,6,5,2,0
2026-05-16T15:43:53.278,TRK,34.257485,-106.301020,12320.7,132.4,95.6,-78.6,3,11,10,7,3
2026-05-16T15:43:53.378,TRK,34.257471,-106.300974,12301.4,133.8,94.7,-70.4,3,10,9,6,2
2026-05-16T15:43:53.478,TRK,34.257482,-106.300944,12288.8,134.8,93.9,-74.2,3,8,7,4,0
2026-05-16T15:43:53.578,TRK,34.257476,-106.300901,12284.6,133.2,94.8,-66.6,3,8,7,4,0
2026-05-16T15:43:53.678,TRK,34.257468,-106.300827,12274.7,134.6,95.4,-71.3,3,10,9,6,2
2026-05-16T15:43:53.778,TRK,34.257458,-106.300790,12266.2,137.1,95.1,-71.0,3,11,10,7,3
2026-05-16T15:43:53.878,TRK,34.257473,-106.300744,12259.3,130.0,94.8,-69.2,3,9,8,5,1
2026-05-16T15:43:53.978,TRK,34.257470,-106.300711,12266.2,131.5,93.9,-72.5,3,8,7,4,0
2026-05-16T15:43:54.078,TRK,34.257441,-106.300651,12242.5,131.9,93.1,-74.3,3,10,9,6,2
2026-05-16T15:43:54.178,TRK,34.257453,-106.300602,12244.5,131.8,94.6,-78.1,3,10,9,6,2
2026-05-16T15:43:54.278,TRK,34.257464,-106.300569,12220.3,133.0,95.7,-76.6,3,10,9,6,2
2026-05-16T15:43:54.378,TRK,34.257460,-106.300533,12229.2,129.9,95.2,-76.6,3,7,6,3,0
2026-05-16T15:43:54.478,TRK,34.257468,-106.300498,12204.7,132.9,93.9,-68.0,3,11,10,7,3
2026-05-16T15:43:54.578,TRK,34.257429,-106.300453,12219.9,132.6,96.2,-73.2,3,9,8,5,1
2026-05-16T15:43:54.678,TRK,34.257432,-106.300380,12208.0,130.7,95.5,-77.1,3,12,11,8,4
2026-05-16T15:43:54.778,TRK,34.257456,-106.300343,12201.7,132.9,94.7,-73.4,3,8,7,4,0
2026-05-16T15:43:54.878,TRK,34.257441,-106.300327,12200.5,134.1,94.7,-77.5,3,7,6,3,0
2026-05-16T15:43:54.978,TRK,34.257416,-106.300254,12179.3,133.9,94.7,-68.9,3,6,5,2,0
2026-05-16T15:43:55.078,TRK,34.257447,-106.300234,12186.9,131.7,94.6,-77.8,3,11,10,7,3
2026-05-16T15:43:55.178,TRK,34.257429,-106.300194,12171.6,133.7,94.7,-70.0,3,9,8,5,1
2026-05-16T15:43:55.278,TRK,34.257419,-106.300133,12179.6,134.5,95.2,-69.3,3,10,9,6,2
2026-05-16T15:43:55.378,TRK,34.257405,-106.300121,12135.1,134.2,95.5,-77.9,3,9,8,5,1
2026-05-16T15:43:55.478,TRK,34.257445,-106.300067,12139.3,130.1,93.7,-75.7,3,12,11,8,4
2026-05-16T15:43:55.578,TRK,34.257405,-106.300009,12132.1,131.2,94.3,-74.3,3,11,10,7,3
2026-05-16T15:43:55.678,TRK,34.257396,-106.299967,12124.7,129.9,95.0,-75.1,3,11,10,7,3
2026-05-16T15:43:55.778,TRK,34.257395,-106.299924,12104.3,129.4,96.0,-69.1,3,10,9,6,2
2026-05-16T15:43:55.878,TRK,34.257419,-106.299882,12131.2,132.0,95.8,-75.1,3,10,9,6,2
2026-05-16T15:43:55.978,TRK,34.257404,-106.299857,12099.8,130.5,94.3,-72.5,3,11,10,7,3
2026-05-16T15:43:56.078,TRK,34.257395,-106.299804,12106.5,130.2,94.8,-70.4,3,9,8,5,1
2026-05-16T15:43:56.178,TRK,34.257380,-106.299742,12090.2,130.9,95.8,-75.0,3,9,8,5,1
2026-05-16T15:43:56.278,TRK,34.257404,-106.299697,12096.0,130.3,94.7,-76.5,3,9,8,5,1
2026-05-16T15:43:56.378,TRK,34.257396,-106.299684,12082.6,130.1,95.0,-72.8,3,9,8,5,1
2026-05-16T15:43:56.478,TRK,34.257373,-106.299643,12063.9,127.6,94.3,-78.1,3,7,6,3,0
2026-05-16T15:43:56.578,TRK,34.257389,-106.299584,12084.2,129.8,95.3,-71.4,3,8,7,4,0
2026-05-16T15:43:56.678,TRK,34.257379,-106.299519,12072.8,129.0,93.9,-64.5,3,8,7,4,0
2026-05-16T15:43:56.778,TRK,34.257366,-106.299485,12030.2,130.4,94.6,-75.1,3,10,9,6,2
2026-05-16T15:43:56.878,TRK,34.257363,-106.299462,12058.2,129.0,95.3,-74.6,3,10,9,6,2
2026-05-16T15:43:56.978,TRK,34.257393,-106.299406,12038.8,129.3,95.4,-71.4,3,8,7,4,0
2026-05-16T15:43:57.078,TRK,34.257354,-106.299361,12058.6,130.4,96.0,-65.5,3,11,10,7,3
2026-05-16T15:43:57.178,TRK,34.257358,-106.299330,12042.6,129.1,94.2,-76.1,3,8,7,4,0
2026-05-16T15:43:57.278,TRK,34.257360,-106.299279,12024.2,129.7,95.5,-69.9,3,9,8,5,1
2026-05-16T15:43:57.378,TRK,34.257346,-106.299224,12004.0,128.5,95.9,-72.6,3,8,7,4,0
2026-05-16T15:43:57.478,TRK,34.257363,-106.299159,11991.9,130.0,95.0,-67.1,3,10,9,6,2
2026-05-16T15:43:57.578,TRK,34.257347,-106.299130,11997.5,131.4,95.9,-76.8,3,11,10,7,3
2026-05-16T15:43:57.678,TRK,34.257316,-106.299110,11994.4,130.0,93.9,-69.0,3,7,6,3,0
2026-05-16T15:43:57.778,TRK,34.257343,-106.299048,11962.9,130.2,95.5,-73.0,3,9,8,5,1
2026-05-16T15:43:57.878,TRK,34.257347,-106.299014,11969.5,131.1,95.8,-78.4,3,7,6,3,0
2026-05-16T15:43:57.978,TRK,34.257317,-106.298972,11942.9,130.9,95.1,-72.2,3,8,7,4,0
2026-05-16T15:43:58.078,TRK,34.257348,-106.298937,11975.3,128.8,95.7,-72.6,3,6,5,2,0
2026-05-16T15:43:58.178,TRK,34.257361,-106.298878,11954.0,131.3,94.3,-73.8,3,10,9,6,2
2026-05-16T15:43:58.278,TRK,34.257341,-106.298817,11936.9,129.3,94.8,-75.6,3,9,8,5,1
2026-05-16T15:43:58.378,TRK,34.257328,-106.298811,11926.9,126.7,96.4,-66.7,3,6,5,2,0
2026-05-16T15:43:58.478,TRK,34.257332,-106.298731,11904.8,130.9,95.7,-71.6,3,11,10,7,3
2026-05-16T15:43:58.578,TRK,34.257326,-106.298720,11895.9,129.2,95.0,-69.9,3,8,7,4,0
2026-05-16T15:43:58.678,TRK,34.257331,-106.298643,11925.8,126.0,94.2,-65.8,3,9,8,5,1
2026-05-16T15:43:58.778,TRK,34.257323,-106.298619,11903.7,128.1,94.3,-72.1,3,10,9,6,2
2026-05-16T15:43:58.878,TRK,34.257307,-106.298569,11901.1,125.5,96.8,-73.7,3,9,8,5,1
2026-05-16T15:43:58.978,TRK,34.257313,-106.298528,11904.4,126.8,94.8,-67.8,3,7,6,3,0
2026-05-16T15:43:59.078,TRK,34.257311,-106.298500,11883.7,127.6,96.4,-70.4,3,12,11,8,4
2026-05-16T15:43:59.178,TRK,34.257304,-106.298458,11882.1,128.7,95.1,-74.0,3,8,7,4,0
2026-05-16T15:43:59.278,TRK,34.257305,-106.298418,11879.6,129.9,95.3,-71.7,3,9,8,5,1
2026-05-16T15:43:59.378,TRK,34.257297,-106.298355,11857.9,130.8,95.3,-78.6,3,10,9,6,2
2026-05-16T15:43:59.478,TRK,34.257305,-106.298346,11840.6,130.7,94.4,-77.6,3,11,10,7,3
2026-05-16T15:43:59.578,TRK,34.257293,-106.298283,11836.3,125.7,93.8,-73.2,3,9,8,5,1
2026-05-16T15:43:59.678,TRK,34.257313,-106.298257,11818.8,132.0,94.3,-83.5,3,9,8,5,1
2026-05-16T15:43:59.778,TRK,34.257276,-106.298195,11844.1,125.8,93.9,-68.1,3,7,6,3,0
2026-05-16T15:43:59.878,TRK,34.257290,-106.298158,11836.6,130.0,93.9,-77.4,3,9,8,5,1
2026-05-16T15:43:59.978,TRK,34.257274,-106.298111,11807.3,130.2,94.7,-79.7,3,7,6,3,0
2026-05-16T15:44:00.078,TRK,34.257278,-106.298078,11796.1,131.3,93.6,-70.4,3,9,8,5,1
2026-05-16T15:44:00.178,TRK,34.257256,-106.298030,11793.7,127.9,93.5,-67.2,3,7,6,3,0
2026-05-16T15:44:00.278,TRK,34.257273,-106.297975,11813.8,128.2,95.4,-66.1,3,8,7,4,0
2026-05-16T15:44:00.378,TRK,34.257266,-106.297929,11791.0,125.1,95.2,-73.8,3,13,12,9,5
2026-05-16T15:44:00.478,TRK,34.257283,-106.297896,11761.4,125.8,94.5,-69.6,3,7,6,3,0
2026-05-16T15:44:00.578,TRK,34.257265,-106.297853,11754.1,126.6,97.2,-76.0,3,6,5,2,0
2026-05-16T15:44:00.678,TRK,34.257270,-106.297819,11772.6,129.4,94.9,-76.7,3,8,7,4,0
2026-05-16T15:44:00.778,TRK,34.257258,-106.297770,11742.9,132.1,95.4,-72.2,3,8,7,4,0
2026-05-16T15:44:00.878,TRK,34.257242,-106.297753,11742.3,128.1,94.4,-77.3,3,11,10,7,3
2026-05-16T15:44:00.978,TRK,34.257239,-106.297688,11745.0,132.3,95.2,-70.3,3,11,10,7,3
2026-05-16T15:44:01.078,TRK,34.257228,-106.297616,11759.2,127.9,96.1,-76.6,3,11,10,7,3
2026-05-16T15:44:01.178,TRK,34.257239,-106.297582,11741.1,129.9,94.5,-74.9,3,8,7,4,0
2026-05-16T15:44:01.278,TRK,34.257235,-106.297559,11711.9,129.7,94.4,-73.0,3,7,6,3,0
2026-05-16T15:44:01.378,TRK,34.257240,-106.297525,11740.5,123.7,95.5,-75.9,3,9,8,5,1
2026-05-16T15:44:01.478,TRK,34.257228,-106.297486,11703.2,123.2,96.3,-70.0,3,7,6,3,0
2026-05-16T15:44:01.578,TRK,34.257254,-106.297458,11691.2,128.8,95.7,-72.8,3,7,6,3,0
2026-05-16T15:44:01.678,TRK,34.257227,-106.297408,11700.1,125.6,95.4,-74.5,3,6,5,2,0
2026-05-16T15:44:01.778,TRK,34.257223,-106.297386,11682.7,130.0,93.9,-72.7,3,10,9,6,2
2026-05-16T15:44:01.878,TRK,34.257223,-106.297326,11673.9,123.1,95.1,-66.5,3,12,11,8,4
2026-05-16T15:44:01.978,TRK,34.257221,-106.297275,11661.2,125.0,96.1,-74.1,3,10,9,6,2
2026-05-16T15:44:02.078,TRK,34.257202,-106.297238,11662.6,126.4,94.1,-67.9,3,10,9,6,2
2026-05-16T15:44:02.178,TRK,34.257196,-106.297213,11658.4,128.0,93.0,-69.5,3,10,9,6,2
2026-05-16T15:44:02.278,TRK,34.257189,-106.297144,11650.0,128.2,95.9,-71.3,3,9,8,5,1
2026-05-16T15:44:02.378,TRK,34.257208,-106.297102,11644.2,125.0,95.8,-75.4,3,11,10,7,3
2026-05-16T15:44:02.478,TRK,34.257199,-106.297074,11641.3,125.2,95.3,-71.2,3,11,10,7,3
2026-05-16T15:44:02.578,TRK,34.257197,-106.297010,11651.3,125.9,95.4,-74.9,3,9,8,5,1
2026-05-16T15:44:02.678,TRK,34.257197,-106.296995,11627.2,122.1,94.6,-66.3,3,10,9,6,2
2026-05-16T15:44:02.778,TRK,34.257196,-106.296941,11629.9,127.2,96.0,-71.5,3,10,9,6,2
2026-05-16T15:44:02.878,TRK,34.257200,-106.296893,11591.5,123.7,95.4,-75.4,3,7,6,3,0
2026-05-16T15:44:02.978,TRK,34.257171,-106.296846,11581.9,124.2,96.1,-76.6,3,9,8,5,1
2026-05-16T15:44:03.078,TRK,34.257176,-106.296814,11575.4,124.3,93.4,-74.8,3,8,7,4,0
2026-05-16T15:44:03.178,TRK,34.257163,-106.296775,11589.3,124.6,94.1,-72.4,3,10,9,6,2
2026-05-16T15:44:03.278,TRK,34.257168,-106.296743,11617.2,126.2,93.2,-68.7,3,9,8,5,1
2026-05-16T15:44:03.378,TRK,34.257172,-106.296707,11562.9,127.5,93.5,-68.2,3,10,9,6,2
2026-05-16T15:44:03.478,TRK,34.257184,-106.296622,11553.9,126.4,95.4,-68.5,3,7,6,3,0
2026-05-16T15:44:03.578,TRK,34.257165,-106.296603,11547.4,126.6,95.4,-68.8,3,9,8,5,1
2026-05-16T15:44:03.678,TRK,34.257173,-106.296564,11545.4,125.8,95.2,-71.8,3,8,7,4,0
2026-05-16T15:44:03.778,TRK,34.257195,-106.296524,11536.7,124.7,94.2,-74.5,3,8,7,4,0
2026-05-16T15:44:03.878,TRK,34.257168,-106.296488,11552.8,124.9,94.2,-67.0,3,9,8,5,1
2026-05-16T15:44:03.978,TRK,34.257150,-106.296450,11540.2,124.6,95.2,-69.2,3,10,9,6,2
2026-05-16T15:44:04.078,TRK,34.257150,-106.296410,11532.1,128.6,95.4,-74.1,3,9,8,5,1
2026-05-16T15:44:04.178,TRK,34.257161,-106.296340,11498.1,122.3,94.7,-69.7,3,9,8,5,1
2026-05-16T15:44:04.278,TRK,34.257165,-106.296308,11503.2,126.6,94.4,-80.0,3,9,8,5,1
2026-05-16T15:44:04.378,TRK,34.257153,-106.296230,11506.3,122.9,94.8,-72.6,3,8,7,4,0
2026-05-16T15:44:04.478,TRK,34.257146,-106.296227,11491.5,124.5,94.4,-71.7,3,8,7,4,0
2026-05-16T15:44:04.578,TRK,34.257144,-106.296171,11505.2,124.7,93.9,-75.5,3,9,8,5,1
2026-05-16T15:44:04.678,TRK,34.257144,-106.296144,11463.7,126.4,95.3,-78.6,3,9,8,5,1
2026-05-16T15:44:04.778,TRK,34.257123,-106.296126,11477.4,126.2,95.5,-71.9,3,8,7,4,0
2026-05-16T15:44:04.878,TRK,34.257140,-106.296067,11461.3,123.9,94.7,-73.2,3,8,7,4,0
2026-05-16T15:44:04.978,TRK,34.257118,-106.296015,11459.0,123.6,94.4,-71.7,3,10,9,6,2
2026-05-16T15:44:05.078,TRK,34.257113,-106.295994,11430.1,121.2,95.1,-73.5,3,10,9,6,2
2026-05-16T15:44:05.178,TRK,34.257104,-106.295930,11430.1,128.1,93.1,-74.3,3,9,8,5,1
2026-05-16T15:44:05.278,TRK,34.257125,-106.295889,11410.0,122.8,95.2,-68.7,3,8,7,4,0
2026-05-16T15:44:05.378,TRK,34.257116,-106.295834,11412.4,124.8,95.2,-75.3,3,11,10,7,3
2026-05-16T15:44:05.478,TRK,34.257120,-106.295827,11422.6,124.8,95.2,-66.1,3,10,9,6,2
2026-05-16T15:44:05.578,TRK,34.257107,-106.295766,11407.0,122.3,94.2,-67.6,3,9,8,5,1
2026-05-16T15:44:05.678,TRK,34.257078,-106.295723,11398.9,122.2,93.9,-71.0,3,8,7,4,0
2026-05-16T15:44:05.778,TRK,34.257110,-106.295698,11383.7,125.0,94.0,-67.8,3,10,9,6,2
2026-05-16T15:44:05.878,TRK,34.257105,-106.295652,11393.4,124.6,94.5,-71.5,3,9,8,5,1
2026-05-16T15:44:05.978,TRK,34.257083,-106.295617,11370.6,119.2,95.8,-75.5,3,10,9,6,2
2026-05-16T15:44:06.078,TRK,34.257080,-106.295577,11375.2,124.1,94.2,-71.3,3,10,9,6,2
2026-05-16T15:44:06.178,TRK,34.257097,-106.295525,11359.5,124.9,96.9,-72.2,3,9,8,5,1
2026-05-16T15:44:06.278,TRK,34.257091,-106.295512,11347.6,124.1,95.4,-75.2,3,8,7,4,0
2026-05-16T15:44:06.378,TRK,34.257101,-106.295452,11335.3,124.3,95.6,-71.8,3,11,10,7,3
2026-05-16T15:44:06.478,TRK,34.257076,-106.295408,11354.4,121.3,95.0,-73.2,3,10,9,6,2
2026-05-16T15:44:06.578,TRK,34.257083,-106.295392,11332.6,122.0,96.7,-73.7,3,10,9,6,2
2026-05-16T15:44:06.678,TRK,34.257083,-106.295349,11367.4,120.4,94.9,-70.4,3,9,8,5,1
2026-05-16T15:44:06.778,TRK,34.257063,-106.295302,11308.0,122.3,93.7,-75.3,3,9,8,5,1
2026-05-16T15:44:06.878,TRK,34.257050,-106.295255,11312.1,120.3,95.3,-70.1,3,11,10,7,3
2026-05-16T15:44:06.978,TRK,34.257062,-106.295190,11297.8,128.0,95.7,-72.5,3,10,9,6,2
2026-05-16T15:44:07.078,TRK,34.257060,-106.295202,11309.5,121.2,94.4,-70.4,3,11,10,7,3
2026-05-16T15:44:07.178,TRK,34.257061,-106.295121,11280.5,121.0,94.9,-70.9,3,7,6,3,0
2026-05-16T15:44:07.278,TRK,34.257061,-106.295085,11291.7,125.4,94.1,-64.3,3,10,9,6,2
2026-05-16T15:44:07.378,TRK,34.257050,-106.295046,11266.1,121.5,96.1,-70.6,3,10,9,6,2
2026-05-16T15:44:07.478,TRK,34.257047,-106.294990,11276.3,120.1,94.4,-68.7,3,7,6,3,0
2026-05-16T15:44:07.578,TRK,34.257042,-106.294963,11257.7,123.9,96.0,-77.2,3,7,6,3,0
2026-05-16T15:44:07.678,TRK,34.257057,-106.294943,11259.5,120.0,93.5,-72.3,3,8,7,4,0
2026-05-16T15:44:07.778,TRK,34.257049,-106.294884,11261.0,122.6,94.8,-68.2,3,11,10,7,3
2026-05-16T15:44:07.878,TRK,34.257044,-106.294857,11255.6,121.2,95.0,-72.0,3,10,9,6,2
2026-05-16T15:44:07.978,TRK,34.257032,-106.294834,11229.2,120.3,94.7,-69.9,3,8,7,4,0
2026-05-16T15:44:08.078,TRK,34.257044,-106.294765,11229.0,123.7,94.6,-68.6,3,7,6,3,0
2026-05-16T15:44:08.178,TRK,34.257052,-106.294743,11223.3,122.1,94.3,-75.7,3,11,10,7,3
2026-05-16T15:44:08.278,TRK,34.257024,-106.294669,11205.3,121.6,94.6,-72.7,3,10,9,6,2
2026-05-16T15:44:08.378,TRK,34.257039,-106.294655,11218.4,122.4,95.6,-73.0,3,9,8,5,1
2026-05-16T15:44:08.478,TRK,34.257020,-106.294613,11201.8,118.7,95.1,-70.5,3,8,7,4,0
2026-05-16T15:44:08.578,TRK,34.257000,-106.294576,11208.1,122.3,94.4,-69.4,3,11,10,7,3
2026-05-16T15:44:08.678,TRK,34.257012,-106.294544,11190.9,121.5,96.0,-67.9,3,9,8,5,1
2026-05-16T15:44:08.778,TRK,34.257018,-106.294483,11187.1,120.4,96.7,-71.9,3,10,9,6,2
2026-05-16T15:44:08.878,TRK,34.257017,-106.294430,11176.5,120.1,94.9,-70.4,3,14,13,10,6
2026-05-16T15:44:08.978,TRK,34.256997,-106.294408,11179.3,121.7,93.3,-76.1,3,13,12,9,5
2026-05-16T15:44:09.078,TRK,34.257003,-106.294340,11145.3,120.0,93.7,-75.1,3,8,7,4,0
2026-05-16T15:44:09.178,TRK,34.257022,-106.294338,11178.0,122.6,95.1,-73.3,3,10,9,6,2
2026-05-16T15:44:09.278,TRK,34.257013,-106.294311,11162.9,122.6,95.8,-74.2,3,10,9,6,2
2026-05-16T15:44:09.378,TRK,34.256995,-106.294256,11138.6,120.4,94.3,-65.2,3,10,9,6,2
2026-05-16T15:44:09.478,TRK,34.256992,-106.294199,11141.6,120.7,94.7,-71.0,3,11,10,7,3
2026-05-16T15:44:09.578,TRK,34.256992,-106.294158,11123.9,121.8,93.6,-71.8,3,7,6,3,0
2026-05-16T15:44:09.678,TRK,34.256991,-106.294143,11099.1,118.6,94.0,-77.6,3,7,6,3,0
2026-05-16T15:44:09.778,TRK,34.256984,-106.294079,11125.5,120.0,94.6,-68.3,3,6,5,2,0
2026-05-16T15:44:09.878,TRK,34.256975,-106.294054,11089.7,120.2,95.6,-74.0,3,10,9,6,2
2026-05-16T15:44:09.978,TRK,34.256953,-106.294020,11069.7,118.9,94.9,-69.6,3,9,8,5,1
2026-05-16T15:44:10.078,TRK,34.256982,-106.293972,11108.5,119.9,95.4,-66.3,3,8,7,4,0
2026-05-16T15:44:10.178,TRK,34.256982,-106.293936,11068.9,118.7,94.3,-73.6,3,9,8,5,1
2026-05-16T15:44:10.278,TRK,34.256973,-106.293886,11079.5,119.5,94.0,-73.5,3,8,7,4,0
2026-05-16T15:44:10.378,TRK,34.256967,-106.293860,11055.9,124.3,94.4,-73.4,3,9,8,5,1
2026-05-16T15:44:10.478,TRK,34.256962,-106.293819,11037.7,122.1,95.2,-73.3,3,11,10,7,3
2026-05-16T15:44:10.578,TRK,34.256955,-106.293772,11045.7,122.3,94.0,-72.8,3,10,9,6,2
2026-05-16T15:44:10.678,TRK,34.256968,-106.293738,11032.1,117.7,95.7,-76.4,3,8,7,4,0
2026-05-16T15:44:10.778,TRK,34.256948,-106.293685,11057.9,116.6,95.2,-72.5,3,11,10,7,3
2026-05-16T15:44:10.878,TRK,34.256974,-106.293669,11012.1,121.5,94.2,-71.0,3,9,8,5,1
2026-05-16T15:44:10.978,TRK,34.256951,-106.293629,11016.1,121.3,96.1,-72.9,3,9,8,5,1
2026-05-16T15:44:11.078,TRK,34.256959,-106.293551,11024.2,120.4,96.2,-73.6,3,11,10,7,3
2026-05-16T15:44:11.178,TRK,34.256973,-106.293538,11016.5,117.7,94.3,-72.8,3,9,8,5,1
2026-05-16T15:44:11.278,TRK,34.256936,-106.293493,10980.4,118.0,94.5,-69.0,3,10,9,6,2
2026-05-16T15:44:11.378,TRK,34.256955,-106.293447,11009.8,117.6,95.1,-68.7,3,10,9,6,2
2026-05-16T15:44:11.478,TRK,34.256942,-106.293431,10979.6,118.1,96.0,-77.6,3,7,6,3,0
2026-05-16T15:44:11.578,TRK,34.256938,-106.293388,10965.9,120.3,94.3,-73.6,3,9,8,5,1
2026-05-16T15:44:11.678,TRK,34.256925,-106.293366,10980.9,117.4,96.0,-78.0,3,11,10,7,3
2026-05-16T15:44:11.778,TRK,34.256945,-106.293308,10969.1,121.6,95.3,-72.5,3,9,8,5,1
2026-05-16T15:44:11.878,TRK,34.256916,-106.293246,10967.6,118.6,93.3,-73.2,3,7,6,3,0
2026-05-16T15:44:11.978,TRK,34.256912,-106.293215,10955.4,117.4,96.8,-72.0,3,12,11,8,4
2026-05-16T15:44:12.078,TRK,34.256917,-106.293170,10973.4,118.1,93.6,-71.0,3,9,8,5,1
2026-05-16T15:44:12.178,TRK,34.256917,-106.293125,10915.3,120.7,95.8,-68.3,3,6,5,2,0
2026-05-16T15:44:12.278,TRK,34.256913,-106.293115,10918.5,115.3,94.7,-73.7,3,12,11,8,4
2026-05-16T15:44:12.378,TRK,34.256935,-106.293044,10938.5,116.3,94.5,-78.7,3,9,8,5,1
2026-05-16T15:44:12.478,TRK,34.256903,-106.293054,10935.0,118.5,94.8,-81.3,3,10,9,6,2
2026-05-16T15:44:12.578,TRK,34.256905,-106.292973,10921.0,116.7,94.4,-71.0,3,9,8,5,1
2026-05-16T15:44:12.678,TRK,34.256887,-106.292940,10886.7,117.6,95.4,-69.5,3,8,7,4,0
2026-05-16T15:44:12.778,TRK,34.256907,-106.292909,10905.9,116.8,95.1,-69.8,3,9,8,5,1
2026-05-16T15:44:12.878,TRK,34.256882,-106.292872,10889.9,117.6,95.2,-69.1,3,9,8,5,1
2026-05-16T15:44:12.978,TRK,34.256882,-106.292844,10854.3,117.6,95.1,-72.2,3,10,9,6,2
2026-05-16T15:44:13.078,TRK,34.256892,-106.292764,10863.6,117.9,94.3,-77.6,3,10,9,6,2
2026-05-16T15:44:13.178,TRK,34.256853,-106.292759,10880.5,115.4,95.3,-74.7,3,11,10,7,3
2026-05-16T15:44:13.278,TRK,34.256895,-106.292713,10865.2,117.0,94.3,-64.8,3,10,9,6,2
2026-05-16T15:44:13.378,TRK,34.256864,-106.292669,10859.4,120.0,94.6,-70.0,3,8,7,4,0
2026-05-16T15:44:13.478,TRK,34.256881,-106.292660,10831.6,117.8,95.6,-72.2,3,9,8,5,1
2026-05-16T15:44:13.578,TRK,34.256870,-106.292583,10828.7,116.9,94.3,-79.1,3,8,7,4,0
2026-05-16T15:44:13.678,TRK,34.256880,-106.292540,10824.8,116.8,95.1,-63.7,3,7,6,3,0
2026-05-16T15:44:13.778,TRK,34.256867,-106.292494,10821.1,115.2,94.1,-74.4,3,10,9,6,2
2026-05-16T15:44:13.878,TRK,34.256881,-106.292477,10826.8,117.8,95.0,-70.6,3,10,9,6,2
2026-05-16T15:44:13.978,TRK,34.256847,-106.292447,10789.8,114.5,95.2,-72.9,3,10,9,6,2
2026-05-16T15:44:14.078,TRK,34.256869,-106.292393,10804.6,117.1,94.1,-67.6,3,8,7,4,0
2026-05-16T15:44:14.178,TRK,34.256859,-106.292352,10782.6,114.8,93.9,-69.8,3,12,11,8,4
2026-05-16T15:44:14.278,TRK,34.256860,-106.292338,10763.5,112.5,95.7,-67.7,3,9,8,5,1
2026-05-16T15:44:14.378,TRK,34.256841,-106.292277,10806.4,114.4,95.0,-71.7,3,11,10,7,3
2026-05-16T15:44:14.478,TRK,34.256823,-106.292247,10804.5,117.9,95.3,-70.8,3,11,10,7,3
2026-05-16T15:44:14.578,TRK,34.256841,-106.292209,10745.5,115.6,94.0,-73.7,3,11,10,7,3
2026-05-16T15:44:14.678,TRK,34.256847,-106.292173,10779.2,117.1,95.2,-68.0,3,8,7,4,0
2026-05-16T15:44:14.778,TRK,34.256851,-106.292123,10745.0,116.6,94.8,-73.0,3,11,10,7,3
2026-05-16T15:44:14.878,TRK,34.256836,-106.292089,10763.1,118.2,94.8,-75.9,3,12,11,8,4
2026-05-16T15:44:14.978,TRK,34.256842,-106.292043,10752.0,115.0,95.6,-74.7,3,7,6,3,0
2026-05-16T15:44:15.078,TRK,34.256853,-106.292029,10718.0,116.1,96.7,-70.6,3,7,6,3,0
2026-05-16T15:44:15.178,TRK,34.256826,-106.291998,10722.2,115.1,95.3,-76.2,3,8,7,4,0
2026-05-16T15:44:15.278,TRK,34.256834,-106.291950,10694.3,114.3,96.0,-71.0,3,9,8,5,1
2026-05-16T15:44:15.378,TRK,34.256806,-106.291910,10709.3,118.1,95.7,-71.5,3,8,7,4,0
2026-05-16T15:44:15.478,TRK,34.256822,-106.291839,10710.7,119.0,94.1,-69.4,3,7,6,3,0
2026-05-16T15:44:15.578,TRK,34.256828,-106.291821,10685.5,116.6,95.1,-73.0,3,8,7,4,0
2026-05-16T15:44:15.678,TRK,34.256806,-106.291771,10696.5,115.7,95.5,-67.1,3,10,9,6,2
2026-05-16T15:44:15.778,TRK,34.256816,-106.291722,10681.6,113.7,94.3,-77.2,3,10,9,6,2
2026-05-16T15:44:15.878,TRK,34.256805,-106.291721,10651.4,115.2,96.2,-72.3,3,8,7,4,0
2026-05-16T15:44:15.978,TRK,34.256796,-106.291673,10653.7,113.4,93.8,-74.8,3,10,9,6,2
2026-05-16T15:44:16.078,TRK,34.256796,-106.291611,10655.5,116.4,95.9,-70.9,3,7,6,3,0
2026-05-16T15:44:16.178,TRK,34.256811,-106.291586,10652.6,116.3,94.2,-75.6,3,10,9,6,2
2026-05-16T15:44:16.278,TRK,34.256794,-106.291568,10652.1,117.5,94.5,-75.7,3,12,11,8,4
2026-05-16T15:44:16.378,TRK,34.256811,-106.291518,10624.5,113.5,95.8,-71.0,3,10,9,6,2
2026-05-16T15:44:16.478,TRK,34.256814,-106.291491,10614.6,115.4,95.5,-67.7,3,8,7,4,0
2026-05-16T15:44:16.578,TRK,34.256773,-106.291466,10625.4,113.2,94.5,-72.2,3,10,9,6,2
2026-05-16T15:44:16.678,TRK,34.256791,-106.291383,10629.4,115.0,95.8,-73.3,3,9,8,5,1
2026-05-16T15:44:16.778,TRK,34.256792,-106.291357,10606.9,112.7,95.4,-71.3,3,12,11,8,4
2026-05-16T15:44:16.878,TRK,34.256779,-106.291306,10598.9,115.6,96.6,-71.1,3,10,9,6,2
2026-05-16T15:44:16.978,TRK,34.256768,-106.291287,10588.4,120.0,94.9,-75.2,3,7,6,3,0
2026-05-16T15:44:17.078,TRK,34.256771,-106.291256,10566.1,115.2,96.8,-69.6,3,9,8,5,1
2026-05-16T15:44:17.178,TRK,34.256772,-106.291212,10584.4,115.7,95.8,-70.3,3,8,7,4,0
2026-05-16T15:44:17.278,TRK,34.256775,-106.291174,10561.9,111.8,93.5,-74.0,3,7,6,3,0
2026-05-16T15:44:17.378,TRK,34.256765,-106.291131,10566.3,114.6,95.7,-68.8,3,8,7,4,0
2026-05-16T15:44:17.478,TRK,34.256781,-106.291115,10547.9,114.7,93.8,-70.6,3,11,10,7,3
2026-05-16T15:44:17.578,TRK,34.256768,-106.291069,10511.9,114.4,94.5,-73.8,3,7,6,3,0
2026-05-16T15:44:17.678,TRK,34.256772,-106.291022,10540.2,115.6,95.0,-69.7,3,12,11,8,4
2026-05-16T15:44:17.778,TRK,34.256744,-106.290965,10543.7,116.8,93.9,-64.6,3,9,8,5,1
2026-05-16T15:44:17.878,TRK,34.256762,-106.290965,10536.2,116.5,94.4,-70.4,3,9,8,5,1
2026-05-16T15:44:17.978,TRK,34.256765,-106.290909,10515.4,112.9,93.0,-63.1,3,8,7,4,0
2026-05-16T15:44:18.078,TRK,34.256753,-106.290841,10502.3,111.6,95.0,-73.8,3,9,8,5,1
2026-05-16T15:44:18.178,TRK,34.256744,-106.290824,10495.7,116.0,94.2,-74.9,3,11,10,7,3
2026-05-16T15:44:18.278,TRK,34.256746,-106.290816,10504.7,114.2,95.7,-68.6,3,8,7,4,0
2026-05-16T15:44:18.378,TRK,34.256750,-106.290757,10464.2,114.2,93.7,-81.4,3,9,8,5,1
2026-05-16T15:44:18.478,TRK,34.256741,-106.290729,10466.9,112.2,95.0,-72.4,3,8,7,4,0
2026-05-16T15:44:18.578,TRK,34.256728,-106.290673,10457.0,113.1,94.7,-74.3,3,10,9,6,2
2026-05-16T15:44:18.678,TRK,34.256750,-106.290661,10470.1,114.8,95.9,-69.2,3,9,8,5,1
2026-05-16T15:44:18.778,TRK,34.256738,-106.290604,10467.6,116.8,94.7,-74.7,3,10,9,6,2
2026-05-16T15:44:18.878,TRK,34.256735,-106.290577,10427.1,115.4,94.9,-70.1,3,9,8,5,1
2026-05-16T15:44:18.978,TRK,34.256717,-106.290553,10424.5,109.8,95.1,-69.6,3,5,4,1,0
2026-05-16T15:44:19.078,TRK,34.256721,-106.290503,10437.1,108.9,96.0,-70.6,3,13,12,9,5
2026-05-16T15:44:19.178,TRK,34.256718,-106.290466,10410.4,113.7,95.3,-78.7,3,11,10,7,3
2026-05-16T15:44:19.278,TRK,34.256717,-106.290416,10426.9,110.7,95.5,-73.1,3,8,7,4,0
2026-05-16T15:44:19.378,TRK,34.256730,-106.290391,10429.1,112.7,94.5,-73.6,3,12,11,8,4
2026-05-16T15:44:19.478,TRK,34.256705,-106.290347,10393.5,114.2,95.2,-69.9,3,8,7,4,0
2026-05-16T15:44:19.578,TRK,34.256708,-106.290309,10394.4,113.9,96.3,-67.9,3,11,10,7,3
2026-05-16T15:44:19.678,TRK,34.256703,-106.290270,10383.2,113.7,95.3,-68.1,3,10,9,6,2
2026-05-16T15:44:19.778,TRK,34.256722,-106.290239,10386.3,110.8,96.6,-70.6,3,7,6,3,0
2026-05-16T15:44:19.878,TRK,34.256705,-106.290197,10391.0,111.1,93.1,-73.2,3,8,7,4,0
2026-05-16T15:44:19.978,TRK,34.256699,-106.290164,10375.1,113.4,95.5,-74.9,3,8,7,4,0
2026-05-16T15:44:20.078,TRK,34.256674,-106.290151,10391.7,113.2,94.2,-62.6,3,10,9,6,2
2026-05-16T15:44:20.178,TRK,34.256694,-106.290070,10354.6,111.9,96.3,-72.9,3,9,8,5,1
2026-05-16T15:44:20.278,TRK,34.256694,-106.290059,10337.4,110.1,97.1,-69.0,3,11,10,7,3
2026-05-16T15:44:20.378,TRK,34.256703,-106.289994,10322.5,113.2,94.0,-71.9,3,11,10,7,3
2026-05-16T15:44:20.478,TRK,34.256679,-106.289995,10334.1,113.1,94.4,-72.5,3,9,8,5,1
2026-05-16T15:44:20.578,TRK,34.256699,-106.289931,10303.1,111.1,93.7,-69.9,3,10,9,6,2
2026-05-16T15:44:20.678,TRK,34.256703,-106.289906,10331.2,113.1,93.9,-70.1,3,6,5,2,0
2026-05-16T15:44:20.778,TRK,34.256678,-106.289882,10331.6,112.7,95.1,-73.1,3,9,8,5,1
2026-05-16T15:44:20.878,TRK,34.256664,-106.289817,10296.3,112.3,94.1,-76.7,3,9,8,5,1
2026-05-16T15:44:20.978,TRK,34.256680,-106.289800,10311.3,112.1,94.8,-74.0,3,8,7,4,0
2026-05-16T15:44:21.078,TRK,34.256675,-106.289749,10305.5,110.4,94.3,-66.1,3,11,10,7,3
2026-05-16T15:44:21.178,TRK,34.256677,-106.289726,10305.6,111.5,95.7,-69.6,3,8,7,4,0
2026-05-16T15:44:21.278,TRK,34.256660,-106.289701,10265.2,115.7,93.8,-74.1,3,11,10,7,3
2026-05-16T15:44:21.378,TRK,34.256675,-106.289650,10273.6,111.1,93.8,-73.7,3,8,7,4,0
2026-05-16T15:44:21.478,TRK,34.256659,-106.289614,10257.9,107.3,95.6,-72.0,3,9,8,5,1
2026-05-16T15:44:21.578,TRK,34.256673,-106.289591,10267.2,110.4,96.2,-72.2,3,10,9,6,2
2026-05-16T15:44:21.678,TRK,34.256660,-106.289530,10244.8,112.3,93.9,-71.1,3,8,7,4,0
2026-05-16T15:44:21.778,TRK,34.256647,-106.289500,10235.5,109.9,95.5,-70.3,3,10,9,6,2
2026-05-16T15:44:21.878,TRK,34.256643,-106.289464,10230.4,112.1,95.5,-75.3,3,8,7,4,0
2026-05-16T15:44:21.978,TRK,34.256643,-106.289460,10202.4,110.3,95.3,-73.9,3,7,6,3,0
2026-05-16T15:44:22.078,TRK,34.256656,-106.289385,10240.1,110.5,94.8,-78.7,3,10,9,6,2
2026-05-16T15:44:22.178,TRK,34.256625,-106.289347,10235.3,109.0,94.7,-64.4,3,8,7,4,0
2026-05-16T15:44:22.278,TRK,34.256647,-106.289320,10222.2,110.3,95.5,-66.3,3,10,9,6,2
2026-05-16T15:44:22.378,TRK,34.256644,-106.289297,10208.0,109.1,94.5,-71.7,3,9,8,5,1
2026-05-16T15:44:22.478,TRK,34.256634,-106.289247,10211.6,111.7,96.1,-71.1,3,7,6,3,0
2026-05-16T15:44:22.578,TRK,34.256635,-106.289217,10196.7,113.3,95.2,-74.6,3,9,8,5,1
2026-05-16T15:44:22.678,TRK,34.256634,-106.289165,10198.1,105.8,95.8,-74.7,3,8,7,4,0
2026-05-16T15:44:22.778,TRK,34.256630,-106.289141,10184.2,109.3,96.3,-74.6,3,6,5,2,0
2026-05-16T15:44:22.878,TRK,34.256621,-106.289115,10179.3,108.2,93.1,-68.9,3,9,8,5,1
2026-05-16T15:44:22.978,TRK,34.256635,-106.289057,10142.0,111.4,96.1,-74.9,3,8,7,4,0
2026-05-16T15:44:23.078,TRK,34.256605,-106.289017,10153.5,110.0,96.6,-69.2,3,10,9,6,2
2026-05-16T15:44:23.178,TRK,34.256627,-106.289015,10175.3,108.6,93.9,-75.2,3,7,6,3,0
2026-05-16T15:44:23.278,TRK,34.256608,-106.288949,10141.7,108.4,95.6,-69.0,3,8,7,4,0
2026-05-16T15:44:23.378,TRK,34.256617,-106.288936,10139.0,111.4,94.0,-65.7,3,10,9,6,2
2026-05-16T15:44:23.478,TRK,34.256622,-106.288870,10135.8,109.8,94.8,-71.6,3,7,6,3,0
2026-05-16T15:44:23.578,TRK,34.256613,-106.288891,10124.3,109.0,94.3,-67.0,3,10,9,6,2
2026-05-16T15:44:23.678,TRK,34.256598,-106.288785,10116.7,110.4,95.4,-68.1,3,12,11,8,4
2026-05-16T15:44:23.778,TRK,34.256617,-106.288772,10107.6,109.0,95.0,-71.5,3,9,8,5,1
2026-05-16T15:44:23.878,TRK,34.256584,-106.288749,10098.5,108.0,94.9,-68.6,3,9,8,5,1
2026-05-16T15:44:23.978,TRK,34.256611,-106.288713,10101.8,107.8,94.7,-72.9,3,7,6,3,0
2026-05-16T15:44:24.078,TRK,34.256588,-106.288669,10100.9,109.3,95.9,-76.0,3,11,10,7,3
2026-05-16T15:44:24.178,TRK,34.256600,-106.288617,10080.5,111.4,94.1,-74.8,3,11,10,7,3
2026-05-16T15:44:24.278,TRK,34.256594,-106.288579,10082.8,109.1,95.4,-67.1,3,7,6,3,0
2026-05-16T15:44:24.378,TRK,34.256593,-106.288566,10046.9,110.8,95.0,-81.0,3,10,9,6,2
2026-05-16T15:44:24.478,TRK,34.256578,-106.288520,10044.7,108.2,95.6,-76.0,3,8,7,4,0
2026-05-16T15:44:24.578,TRK,34.256591,-106.288479,10035.5,106.9,95.3,-68.5,3,8,7,4,0
2026-05-16T15:44:24.678,TRK,34.256589,-106.288453,10048.3,106.1,95.0,-72.8,3,8,7,4,0
2026-05-16T15:44:24.778,TRK,34.256583,-106.288426,10003.3,109.3,95.4,-65.1,3,9,8,5,1
2026-05-16T15:44:24.878,TRK,34.256582,-106.288382,10023.8,104.9,95.6,-74.1,3,7,6,3,0
2026-05-16T15:44:24.978,TRK,34.256573,-106.288348,9989.2,108.4,95.7,-64.7,3,11,10,7,3
2026-05-16T15:44:25.078,TRK,34.256571,-106.288297,10039.7,108.2,94.0,-75.0,3,11,10,7,3
2026-05-16T15:44:25.178,TRK,34.256554,-106.288266,10003.3,111.2,95.5,-72.9,3,8,7,4,0
2026-05-16T15:44:25.278,TRK,34.256575,-106.288248,9989.4,105.4,94.0,-75.5,3,8,7,4,0
2026-05-16T15:44:25.378,TRK,34.256588,-106.288208,9992.4,111.3,95.8,-71.6,3,10,9,6,2
2026-05-16T15:44:25.478,TRK,34.256534,-106.288170,9981.1,107.5,95.3,-79.4,3,6,5,2,0
2026-05-16T15:44:25.578,TRK,34.256555,-106.288133,9977.3,108.5,96.6,-72.6,3,8,7,4,0
2026-05-16T15:44:25.678,TRK,34.256543,-106.288076,9966.6,110.5,94.0,-78.9,3,11,10,7,3
2026-05-16T15:44:25.778,TRK,34.256544,-106.288060,9946.1,110.0,94.4,-74.1,3,9,8,5,1
2026-05-16T15:44:25.878,TRK,34.256562,-106.288021,9952.8,109.3,94.4,-67.3,3,8,7,4,0
2026-05-16T15:44:25.978,TRK,34.256558,-106.287988,9944.3,109.6,93.8,-67.0,3,10,9,6,2
2026-05-16T15:44:26.078,TRK,34.256531,-106.287938,9944.6,109.6,94.5,-68.0,3,8,7,4,0
2026-05-16T15:44:26.178,TRK,34.256534,-106.287922,9939.9,108.2,95.6,-72.7,3,10,9,6,2
2026-05-16T15:44:26.278,TRK,34.256564,-106.287892,9921.5,108.3,95.9,-62.1,3,10,9,6,2
2026-05-16T15:44:26.378,TRK,34.256544,-106.287836,9918.8,108.2,94.5,-69.8,3,10,9,6,2
2026-05-16T15:44:26.478,TRK,34.256525,-106.287785,9927.2,106.0,93.5,-70.6,3,9,8,5,1
2026-05-16T15:44:26.578,TRK,34.256519,-106.287768,9886.0,107.7,94.2,-73.9,3,11,10,7,3
2026-05-16T15:44:26.678,TRK,34.256539,-106.287753,9866.5,110.3,95.1,-69.8,3,9,8,5,1
2026-05-16T15:44:26.778,TRK,34.256537,-106.287717,9888.5,108.6,94.3,-71.6,3,9,8,5,1
2026-05-16T15:44:26.878,TRK,34.256508,-106.287670,9898.0,108.1,95.1,-74.6,3,9,8,5,1
2026-05-16T15:44:26.978,TRK,34.256514,-106.287609,9873.5,104.6,96.3,-67.7,3,11,10,7,3
2026-05-16T15:44:27.078,TRK,34.256504,-106.287634,9887.5,106.7,93.4,-72.8,3,8,7,4,0
2026-05-16T15:44:27.178,TRK,34.256492,-106.287561,9886.2,108.6,96.5,-68.5,3,9,8,5,1
2026-05-16T15:44:27.278,TRK,34.256513,-106.287536,9863.9,108.2,96.3,-73.3,3,9,8,5,1
2026-05-16T15:44:27.378,TRK,34.256499,-106.287505,9840.1,107.3,95.9,-75.0,3,9,8,5,1
2026-05-16T15:44:27.478,TRK,34.256515,-106.287454,9805.2,105.1,95.6,-64.4,3,8,7,4,0
2026-05-16T15:44:27.578,TRK,34.256511,-106.287415,9798.6,103.6,92.9,-81.1,3,8,7,4,0
2026-05-16T15:44:27.678,TRK,34.256496,-106.287373,9820.9,104.9,94.8,-68.3,3,7,6,3,0
2026-05-16T15:44:27.778,TRK,34.256505,-106.287344,9825.7,105.3,94.9,-61.3,3,9,8,5,1
2026-05-16T15:44:27.878,TRK,34.256509,-106.287305,9829.2,106.7,93.7,-73.8,3,9,8,5,1
2026-05-16T15:44:27.978,TRK,34.256498,-106.287274,9777.6,104.6,95.1,-70.8,3,8,7,4,0
2026-05-16T15:44:28.078,TRK,34.256508,-106.287224,9801.9,108.4,95.2,-73.5,3,11,10,7,3
2026-05-16T15:44:28.178,TRK,34.256503,-106.287204,9781.2,108.0,96.0,-71.9,3,9,8,5,1
2026-05-16T15:44:28.278,TRK,34.256491,-106.287169,9788.9,106.8,95.2,-73.4,3,8,7,4,0
2026-05-16T15:44:28.378,TRK,34.256477,-106.287154,9758.3,104.9,94.8,-78.6,3,9,8,5,1
2026-05-16T15:44:28.478,TRK,34.256502,-106.287104,9778.6,105.9,95.9,-75.7,3,9,8,5,1
2026-05-16T15:44:28.578,TRK,34.256477,-106.287098,9748.9,107.5,94.3,-71.4,3,11,10,7,3
2026-05-16T15:44:28.678,TRK,34.256472,-106.287027,9755.8,105.3,96.4,-68.9,3,9,8,5,1
2026-05-16T15:44:28.778,TRK,34.256478,-106.287007,9766.3,102.8,92.1,-69.0,3,8,7,4,0
2026-05-16T15:44:28.878,TRK,34.256463,-106.286958,9758.9,103.4,95.5,-72.4,3,9,8,5,1
2026-05-16T15:44:28.978,TRK,34.256451,-106.286935,9754.6,104.2,94.6,-72.0,3,8,7,4,0
2026-05-16T15:44:29.078,TRK,34.256476,-106.286919,9711.7,101.3,95.6,-71.7,3,11,10,7,3
2026-05-16T15:44:29.178,TRK,34.256478,-106.286869,9708.0,105.1,93.7,-69.0,3,9,8,5,1
2026-05-16T15:44:29.278,TRK,34.256454,-106.286817,9711.8,107.7,95.4,-74.2,3,8,7,4,0
2026-05-16T15:44:29.378,TRK,34.256437,-106.286792,9718.9,104.6,95.6,-69.8,3,9,8,5,1
2026-05-16T15:44:29.478,TRK,34.256452,-106.286754,9692.6,102.5,96.3,-70.4,3,8,7,4,0
2026-05-16T15:44:29.578,TRK,34.256468,-106.286701,9692.0,103.3,93.5,-74.7,3,10,9,6,2
2026-05-16T15:44:29.678,TRK,34.256467,-106.286686,9687.0,105.2,96.4,-70.6,3,11,10,7,3
2026-05-16T15:44:29.778,TRK,34.256446,-106.286652,9690.9,102.4,95.7,-71.8,3,10,9,6,2
2026-05-16T15:44:29.878,TRK,34.256454,-106.286617,9661.2,105.9,96.6,-65.7,3,10,9,6,2
2026-05-16T15:44:29.978,TRK,34.256443,-106.286580,9650.0,102.8,95.2,-75.2,3,9,8,5,1
2026-05-16T15:44:30.078,TRK,34.256442,-106.286550,9655.2,103.3,94.2,-72.8,3,8,7,4,0
2026-05-16T15:44:30.178,TRK,34.256452,-106.286539,9636.1,106.0,96.1,-69.1,3,8,7,4,0
2026-05-16T15:44:30.278,TRK,34.256419,-106.286483,9642.2,105.0,93.4,-65.8,3,9,8,5,1
2026-05-16T15:44:30.378,TRK,34.256421,-106.286447,9648.9,104.4,95.3,-62.3,3,6,5,2,0
2026-05-16T15:44:30.478,TRK,34.256426,-106.286400,9624.1,100.9,94.0,-74.3,3,11,10,7,3
2026-05-16T15:44:30.578,TRK,34.256412,-106.286366,9625.8,102.7,95.2,-71.7,3,10,9,6,2
2026-05-16T15:44:30.678,TRK,34.256446,-106.286349,9603.9,101.7,95.7,-70.5,3,8,7,4,0
2026-05-16T15:44:30.778,TRK,34.256439,-106.286307,9622.1,102.0,93.7,-77.9,3,9,8,5,1
2026-05-16T15:44:30.878,TRK,34.256421,-106.286281,9597.6,105.0,97.5,-65.1,3,7,6,3,0
2026-05-16T15:44:30.978,TRK,34.256404,-106.286251,9586.2,103.0,93.7,-73.7,3,7,6,3,0
2026-05-16T15:44:31.078,TRK,34.256414,-106.286172,9583.5,103.6,94.0,-66.0,3,8,7,4,0
2026-05-16T15:44:31.178,TRK,34.256408,-106.286167,9556.6,103.4,95.0,-68.0,3,9,8,5,1
2026-05-16T15:44:31.278,TRK,34.256406,-106.286136,9579.7,99.0,95.5,-66.9,3,10,9,6,2
2026-05-16T15:44:31.378,TRK,34.256408,-106.286137,9582.5,104.6,94.8,-69.8,3,11,10,7,3
2026-05-16T15:44:31.478,TRK,34.256392,-106.286071,9564.8,102.0,95.1,-72.1,3,11,10,7,3
2026-05-16T15:44:31.578,TRK,34.256410,-106.286053,9556.8,103.5,95.0,-66.2,3,11,10,7,3
2026-05-16T15:44:31.678,TRK,34.256382,-106.286032,9550.2,105.5,96.5,-67.7,3,8,7,4,0
2026-05-16T15:44:31.778,TRK,34.256369,-106.285994,9520.0,105.3,94.9,-68.7,3,9,8,5,1
2026-05-16T15:44:31.878,TRK,34.256393,-106.285907,9519.9,100.6,94.8,-66.9,3,10,9,6,2
2026-05-16T15:44:31.978,TRK,34.256401,-106.285891,9529.7,101.8,96.7,-77.2,3,10,9,6,2
2026-05-16T15:44:32.078,TRK,34.256388,-106.285867,9489.9,103.9,95.1,-73.6,3,10,9,6,2
2026-05-16T15:44:32.178,TRK,34.256390,-106.285833,9517.9,104.6,93.8,-62.5,3,10,9,6,2
2026-05-16T15:44:32.278,TRK,34.256389,-106.285799,9528.4,100.8,94.7,-71.5,3,11,10,7,3
2026-05-16T15:44:32.378,TRK,34.256394,-106.285765,9526.8,101.9,94.1,-64.9,3,10,9,6,2
2026-05-16T15:44:32.478,TRK,34.256374,-106.285724,9473.9,100.0,95.2,-64.8,3,6,5,2,0
2026-05-16T15:44:32.578,TRK,34.256371,-106.285719,9491.1,102.1,93.9,-60.6,3,7,6,3,0
2026-05-16T15:44:32.678,TRK,34.256386,-106.285678,9463.6,103.4,94.2,-69.9,3,8,7,4,0
2026-05-16T15:44:32.778,TRK,34.256378,-106.285628,9485.6,98.8,94.1,-70.4,3,11,10,7,3
2026-05-16T15:44:32.878,TRK,34.256356,-106.285612,9452.1,102.8,93.9,-71.9,3,9,8,5,1
2026-05-16T15:44:32.978,TRK,34.256373,-106.285592,9427.8,102.2,94.4,-69.1,3,9,8,5,1
2026-05-16T15:44:33.078,TRK,34.256344,-106.285514,9445.4,102.6,96.0,-62.5,3,8,7,4,0
2026-05-16T15:44:33.178,TRK,34.256373,-106.285500,9427.9,101.2,96.2,-63.8,3,8,7,4,0
2026-05-16T15:44:33.278,TRK,34.256359,-106.285459,9435.7,100.4,95.4,-70.8,3,8,7,4,0
2026-05-16T15:44:33.378,TRK,34.256365,-106.285420,9416.1,100.9,93.3,-74.7,3,9,8,5,1
2026-05-16T15:44:33.478,TRK,34.256357,-106.285393,9405.3,98.3,93.9,-71.2,3,9,8,5,1
2026-05-16T15:44:33.578,TRK,34.256350,-106.285366,9399.7,101.4,94.3,-64.4,3,13,12,9,5
2026-05-16T15:44:33.678,TRK,34.256350,-106.285353,9385.5,99.9,94.7,-74.6,3,10,9,6,2
2026-05-16T15:44:33.778,TRK,34.256347,-106.285284,9404.8,99.0,94.1,-72.2,3,11,10,7,3
2026-05-16T15:44:33.878,TRK,34.256347,-106.285273,9403.2,103.0,93.8,-70.4,3,9,8,5,1
2026-05-16T15:44:33.978,TRK,34.256331,-106.285222,9372.3,101.8,96.1,-68.7,3,8,7,4,0
2026-05-16T15:44:34.078,TRK,34.256345,-106.285184,9365.3,98.2,96.0,-77.2,3,8,7,4,0
2026-05-16T15:44:34.178,TRK,34.256336,-106.285133,9373.6,100.2,96.2,-68.8,3,10,9,6,2
2026-05-16T15:44:34.278,TRK,34.256318,-106.285108,9357.4,100.9,96.0,-76.4,3,10,9,6,2
2026-05-16T15:44:34.378,TRK,34.256325,-106.285112,9360.0,100.9,94.3,-71.4,3,10,9,6,2
2026-05-16T15:44:34.478,TRK,34.256337,-106.285051,9357.0,99.6,94.5,-73.3,3,11,10,7,3
2026-05-16T15:44:34.578,TRK,34.256334,-106.285035,9340.9,102.9,95.1,-71.0,3,6,5,2,0
2026-05-16T15:44:34.678,TRK,34.256334,-106.284973,9345.0,104.1,93.1,-65.5,3,13,12,9,5
2026-05-16T15:44:34.778,TRK,34.256328,-106.284964,9336.5,107.7,94.9,-76.5,3,10,9,6,2
2026-05-16T15:44:34.878,TRK,34.256344,-106.284920,9320.3,102.9,94.3,-67.1,3,8,7,4,0
2026-05-16T15:44:34.978,TRK,34.256328,-106.284906,9307.9,98.3,94.8,-65.0,3,10,9,6,2
2026-05-16T15:44:35.078,TRK,34.256302,-106.284844,9330.9,100.6,95.7,-73.7,3,11,10,7,3
2026-05-16T15:44:35.178,TRK,34.256331,-106.284812,9308.3,100.7,94.2,-66.1,3,11,10,7,3
2026-05-16T15:44:35.278,TRK,34.256307,-106.284798,9296.8,99.7,96.0,-74.0,3,8,7,4,0
2026-05-16T15:44:35.378,TRK,34.256311,-106.284760,9302.2,97.9,93.9,-69.9,3,8,7,4,0
2026-05-16T15:44:35.478,TRK,34.256320,-106.284699,9278.4,96.0,95.0,-73.9,3,7,6,3,0
2026-05-16T15:44:35.578,TRK,34.256304,-106.284664,9258.3,98.5,95.5,-75.5,3,10,9,6,2
2026-05-16T15:44:35.678,TRK,34.256304,-106.284631,9271.1,100.1,94.4,-75.4,3,8,7,4,0
2026-05-16T15:44:35.778,TRK,34.256297,-106.284644,9249.9,99.3,95.4,-66.0,3,7,6,3,0
2026-05-16T15:44:35.878,TRK,34.256313,-106.284620,9265.0,98.4,94.6,-72.8,3,9,8,5,1
2026-05-16T15:44:35.978,TRK,34.256308,-106.284599,9252.5,99.9,95.0,-77.3,3,8,7,4,0
2026-05-16T15:44:36.078,TRK,34.256298,-106.284518,9249.7,98.5,96.4,-64.3,3,7,6,3,0
2026-05-16T15:44:36.178,TRK,34.256291,-106.284513,9234.3,95.9,94.0,-68.9,3,9,8,5,1
2026-05-16T15:44:36.278,TRK,34.256295,-106.284442,9223.3,97.7,96.1,-75.0,3,11,10,7,3
2026-05-16T15:44:36.378,TRK,34.256281,-106.284411,9192.3,99.1,95.7,-70.6,3,10,9,6,2
2026-05-16T15:44:36.478,TRK,34.256291,-106.284385,9215.4,97.1,93.0,-61.2,3,9,8,5,1
2026-05-16T15:44:36.578,TRK,34.256283,-106.284349,9192.9,96.7,94.3,-70.2,3,8,7,4,0
2026-05-16T15:44:36.678,TRK,34.256275,-106.284326,9199.5,99.0,94.8,-67.5,3,10,9,6,2
2026-05-16T15:44:36.778,TRK,34.256275,-106.284264,9188.6,97.3,94.5,-72.4,3,12,11,8,4
2026-05-16T15:44:36.878,TRK,34.256282,-106.284264,9173.9,96.1,95.3,-68.5,3,11,10,7,3
2026-05-16T15:44:36.978,TRK,34.256285,-106.284240,9180.6,100.0,95.5,-70.7,3,8,7,4,0
2026-05-16T15:44:37.078,TRK,34.256262,-106.284225,9152.1,96.4,96.0,-65.6,3,8,7,4,0
2026-05-16T15:44:37.178,TRK,34.256286,-106.284159,9179.7,96.9,92.6,-69.4,3,10,9,6,2
2026-05-16T15:44:37.278,TRK,34.256239,-106.284135,9146.1,100.2,95.1,-64.9,3,7,6,3,0
2026-05-16T15:44:37.378,TRK,34.256228,-106.284099,9154.8,97.4,95.5,-65.2,3,7,6,3,0
2026-05-16T15:44:37.478,TRK,34.256241,-106.284052,9164.1,97.4,94.4,-71.6,3,10,9,6,2
2026-05-16T15:44:37.578,TRK,34.256248,-106.284035,9123.8,97.7,95.5,-68.3,3,11,10,7,3
2026-05-16T15:44:37.678,TRK,34.256262,-106.284036,9093.2,97.5,94.6,-71.6,3,9,8,5,1
2026-05-16T15:44:37.778,TRK,34.256262,-106.283959,9116.9,100.0,94.2,-75.5,3,9,8,5,1
2026-05-16T15:44:37.878,TRK,34.256239,-106.283933,9116.1,99.5,93.0,-72.8,3,8,7,4,0
2026-05-16T15:44:37.978,TRK,34.256253,-106.283900,9083.4,98.8,95.1,-76.8,3,10,9,6,2
2026-05-16T15:44:38.078,TRK,34.256240,-106.283877,9087.6,96.3,95.3,-69.6,3,8,7,4,0
2026-05-16T15:44:38.178,TRK,34.256274,-106.283850,9087.3,98.3,93.1,-66.7,3,11,10,7,3
2026-05-16T15:44:38.278,TRK,34.256248,-106.283801,9094.7,96.8,96.6,-74.7,3,7,6,3,0
2026-05-16T15:44:38.378,TRK,34.256223,-106.283784,9085.0,96.1,94.5,-66.1,3,9,8,5,1
2026-05-16T15:44:38.478,TRK,34.256235,-106.283766,9074.4,98.3,95.0,-70.9,3,8,7,4,0
2026-05-16T15:44:38.578,TRK,34.256235,-106.283725,9055.4,98.2,93.4,-66.4,3,9,8,5,1
2026-05-16T15:44:38.678,TRK,34.256211,-106.283646,9064.0,95.2,95.1,-68.4,3,10,9,6,2
2026-05-16T15:44:38.778,TRK,34.256231,-106.283637,9049.8,98.2,94.9,-70.4,3,7,6,3,0
2026-05-16T15:44:38.878,TRK,34.256237,-106.283634,9056.3,99.5,91.2,-67.2,3,9,8,5,1
2026-05-16T15:44:38.978,TRK,34.256232,-106.283599,9025.3,98.4,94.4,-71.5,3,10,9,6,2
2026-05-16T15:44:39.078,TRK,34.256214,-106.283559,9009.7,98.9,94.8,-69.8,3,7,6,3,0
2026-05-16T15:44:39.178,TRK,34.256230,-106.283525,9017.5,98.0,94.8,-67.4,3,9,8,5,1
2026-05-16T15:44:39.278,TRK,34.256225,-106.283472,9020.2,98.1,96.0,-64.8,3,9,8,5,1
2026-05-16T15:44:39.378,TRK,34.256198,-106.283439,8990.1,95.6,95.9,-66.4,3,8,7,4,0
2026-05-16T15:44:39.478,TRK,34.256192,-106.283402,9003.5,98.1,95.1,-71.7,3,11,10,7,3
2026-05-16T15:44:39.578,TRK,34.256218,-106.283386,8982.9,98.5,94.6,-70.2,3,9,8,5,1
2026-05-16T15:44:39.678,TRK,34.256199,-106.283354,9001.2,94.7,95.5,-69.8,3,10,9,6,2
2026-05-16T15:44:39.778,TRK,34.256212,-106.283323,8977.9,96.0,95.0,-67.1,3,9,8,5,1
2026-05-16T15:44:39.878,TRK,34.256216,-106.283298,8949.5,95.9,94.4,-69.0,3,9,8,5,1
2026-05-16T15:44:39.978,TRK,34.256205,-106.283258,8939.1,94.5,94.7,-68.6,3,9,8,5,1
2026-05-16T15:44:40.078,TRK,34.256196,-106.283218,8961.7,97.8,91.6,-74.7,3,7,6,3,0
2026-05-16T15:44:40.178,TRK,34.256187,-106.283201,8956.8,95.8,97.2,-70.8,3,6,5,2,0
2026-05-16T15:44:40.278,TRK,34.256183,-106.283144,8940.7,97.2,93.9,-72.5,3,10,9,6,2
2026-05-16T15:44:40.378,TRK,34.256187,-106.283128,8940.2,95.3,94.3,-66.1,3,8,7,4,0
2026-05-16T15:44:40.478,TRK,34.256166,-106.283102,8933.0,97.0,95.5,-64.6,3,8,7,4,0
2026-05-16T15:44:40.578,TRK,34.256203,-106.283054,8912.5,95.1,95.0,-70.0,3,11,10,7,3
2026-05-16T15:44:40.678,TRK,34.256180,-106.283023,8901.8,95.7,97.4,-64.5,3,8,7,4,0
2026-05-16T15:44:40.778,TRK,34.256178,-106.283021,8904.4,98.5,95.4,-68.7,3,11,10,7,3
2026-05-16T15:44:40.878,TRK,34.256184,-106.282975,8900.9,94.7,94.9,-75.3,3,13,12,9,5
2026-05-16T15:44:40.978,TRK,34.256165,-106.282975,8918.9,92.4,94.3,-72.4,3,7,6,3,0
2026-05-16T15:44:41.078,TRK,34.256183,-106.282893,8883.1,97.7,93.9,-68.1,3,10,9,6,2
2026-05-16T15:44:41.178,TRK,34.256162,-106.282906,8869.1,97.2,96.1,-72.4,3,9,8,5,1
2026-05-16T15:44:41.278,TRK,34.256183,-106.282851,8889.2,97.0,95.9,-71.5,3,11,10,7,3
2026-05-16T15:44:41.378,TRK,34.256156,-106.282818,8848.8,96.5,96.3,-75.8,3,9,8,5,1
2026-05-16T15:44:41.478,TRK,34.256173,-106.282805,8866.4,96.0,94.8,-73.9,3,11,10,7,3
2026-05-16T15:44:41.578,TRK,34.256153,-106.282756,8848.5,97.2,94.0,-66.8,3,10,9,6,2
2026-05-16T15:44:41.678,TRK,34.256190,-106.282710,8861.1,90.3,95.8,-64.8,3,8,7,4,0
2026-05-16T15:44:41.778,TRK,34.256161,-106.282708,8827.3,94.7,95.4,-68.8,3,8,7,4,0
2026-05-16T15:44:41.878,TRK,34.256143,-106.282648,8834.1,94.8,96.2,-70.2,3,10,9,6,2
2026-05-16T15:44:41.978,TRK,34.256170,-106.282620,8815.8,96.0,96.0,-70.3,3,11,10,7,3
2026-05-16T15:44:42.078,TRK,34.256150,-106.282607,8821.9,93.8,95.7,-70.8,3,12,11,8,4
2026-05-16T15:44:42.178,TRK,34.256164,-106.282571,8799.8,95.7,96.0,-68.8,3,10,9,6,2
2026-05-16T15:44:42.278,TRK,34.256162,-106.282511,8805.7,94.0,93.2,-67.0,3,10,9,6,2
2026-05-16T15:44:42.378,TRK,34.256139,-106.282495,8798.0,94.2,95.3,-72.5,3,8,7,4,0
2026-05-16T15:44:42.478,TRK,34.256157,-106.282487,8800.7,95.5,93.0,-69.6,3,9,8,5,1
2026-05-16T15:44:42.578,TRK,34.256129,-106.282414,8780.1,93.6,95.2,-70.9,3,9,8,5,1
2026-05-16T15:44:42.678,TRK,34.256150,-106.282418,8775.7,92.0,95.1,-69.8,3,8,7,4,0
2026-05-16T15:44:42.778,TRK,34.256126,-106.282403,8767.9,93.5,95.1,-63.4,3,10,9,6,2
2026-05-16T15:44:42.878,TRK,34.256151,-106.282336,8777.3,95.4,94.6,-71.7,3,11,10,7,3
2026-05-16T15:44:42.978,TRK,34.256136,-106.282343,8755.0,93.9,94.9,-72.8,3,10,9,6,2
2026-05-16T15:44:43.078,TRK,34.256145,-106.282281,8749.5,94.8,97.6,-66.7,3,9,8,5,1
2026-05-16T15:44:43.178,TRK,34.256134,-106.282228,8743.5,94.6,94.6,-64.5,3,6,5,2,0
2026-05-16T15:44:43.278,TRK,34.256121,-106.282201,8718.0,91.4,95.6,-75.3,3,11,10,7,3
2026-05-16T15:44:43.378,TRK,34.256102,-106.282197,8726.8,91.5,96.4,-74.0,3,9,8,5,1
2026-05-16T15:44:43.478,TRK,34.256140,-106.282177,8715.7,91.6,95.6,-73.4,3,8,7,4,0
2026-05-16T15:44:43.578,TRK,34.256115,-106.282110,8699.8,91.6,92.5,-68.7,3,9,8,5,1
2026-05-16T15:44:43.678,TRK,34.256111,-106.282100,8697.2,93.8,95.6,-72.4,3,9,8,5,1
2026-05-16T15:44:43.778,TRK,34.256133,-106.282051,8686.3,94.6,94.5,-72.6,3,8,7,4,0
2026-05-16T15:44:43.878,TRK,34.256107,-106.282027,8681.3,92.0,94.4,-68.8,3,7,6,3,0
2026-05-16T15:44:43.978,TRK,34.256119,-106.282032,8680.2,91.9,92.8,-69.2,3,10,9,6,2
2026-05-16T15:44:44.078,TRK,34.256114,-106.281987,8681.1,93.4,94.0,-72.4,3,8,7,4,0
2026-05-16T15:44:44.178,TRK,34.256105,-106.281936,8681.7,93.9,95.7,-69.3,3,7,6,3,0
2026-05-16T15:44:44.278,TRK,34.256120,-106.281900,8671.7,90.9,95.2,-69.4,3,12,11,8,4
2026-05-16T15:44:44.378,TRK,34.256098,-106.281893,8660.5,91.7,94.9,-71.7,3,10,9,6,2
2026-05-16T15:44:44.478,TRK,34.256089,-106.281857,8647.0,90.8,97.2,-69.9,3,10,9,6,2
2026-05-16T15:44:44.578,TRK,34.256100,-106.281816,8649.7,89.8,94.7,-64.5,3,11,10,7,3
2026-05-16T15:44:44.678,TRK,34.256092,-106.281801,8612.1,91.8,94.1,-68.4,3,9,8,5,1
2026-05-16T15:44:44.778,TRK,34.256082,-106.281765,8615.3,92.1,96.1,-60.4,3,10,9,6,2
2026-05-16T15:44:44.878,TRK,34.256083,-106.281722,8617.0,94.2,94.2,-74.8,3,8,7,4,0
2026-05-16T15:44:44.978,TRK,34.256097,-106.281676,8613.5,93.2,94.5,-67.9,3,10,9,6,2
2026-05-16T15:44:45.078,TRK,34.256102,-106.281650,8612.5,91.7,93.9,-69.6,3,10,9,6,2
2026-05-16T15:44:45.178,TRK,34.256112,-106.281634,8574.0,91.4,93.1,-68.2,3,11,10,7,3
2026-05-16T15:44:45.278,TRK,34.256096,-106.281606,8602.0,94.3,96.0,-68.0,3,7,6,3,0
2026-05-16T15:44:45.378,TRK,34.256085,-106.281572,8587.7,92.6,95.3,-69.5,3,11,10,7,3
2026-05-16T15:44:45.478,TRK,34.256070,-106.281529,8571.5,93.4,92.2,-73.4,3,8,7,4,0
2026-05-16T15:44:45.578,TRK,34.256088,-106.281522,8573.6,91.3,94.7,-72.9,3,6,5,2,0
2026-05-16T15:44:45.678,TRK,34.256074,-106.281481,8566.0,92.0,94.6,-69.7,3,8,7,4,0
2026-05-16T15:44:45.778,TRK,34.256061,-106.281456,8542.1,90.6,94.0,-68.2,3,9,8,5,1
2026-05-16T15:44:45.878,TRK,34.256077,-106.281428,8541.5,91.4,94.3,-69.8,3,9,8,5,1
2026-05-16T15:44:45.978,TRK,34.256069,-106.281397,8553.2,92.3,96.9,-62.4,3,9,8,5,1
2026-05-16T15:44:46.078,TRK,34.256087,-106.281356,8531.4,91.1,94.5,-70.1,3,11,10,7,3
2026-05-16T15:44:46.178,TRK,34.256075,-106.281328,8536.9,92.5,94.7,-71.0,3,7,6,3,0
2026-05-16T15:44:46.278,TRK,34.256062,-106.281310,8497.3,93.4,94.0,-72.6,3,7,6,3,0
2026-05-16T15:44:46.378,TRK,34.256049,-106.281272,8523.9,92.5,93.5,-71.1,3,7,6,3,0
2026-05-16T15:44:46.478,TRK,34.256065,-106.281245,8502.3,93.6,95.1,-74.1,3,7,6,3,0
2026-05-16T15:44:46.578,TRK,34.256087,-106.281222,8525.0,91.0,93.8,-73.4,3,9,8,5,1
2026-05-16T15:44:46.678,TRK,34.256060,-106.281171,8490.2,91.6,95.5,-71.0,3,9,8,5,1
2026-05-16T15:44:46.778,TRK,34.256073,-106.281163,8492.6,88.9,96.5,-68.1,3,10,9,6,2
2026-05-16T15:44:46.878,TRK,34.256050,-106.281115,8464.0,93.5,95.2,-70.9,3,8,7,4,0
2026-05-16T15:44:46.978,TRK,34.256044,-106.281062,8453.9,91.0,94.5,-61.2,3,8,7,4,0
2026-05-16T15:44:47.078,TRK,34.256058,-106.281075,8467.5,88.3,93.9,-70.0,3,10,9,6,2
2026-05-16T15:44:47.178,TRK,34.256053,-106.281039,8453.1,93.7,96.8,-68.7,3,9,8,5,1
2026-05-16T15:44:47.278,TRK,34.256060,-106.280988,8481.4,89.2,94.2,-70.6,3,9,8,5,1
2026-05-16T15:44:47.378,TRK,34.256032,-106.280963,8465.1,90.9,94.0,-72.3,3,11,10,7,3
2026-05-16T15:44:47.478,TRK,34.256017,-106.280941,8435.5,90.0,95.0,-77.0,3,10,9,6,2
2026-05-16T15:44:47.578,TRK,34.256046,-106.280898,8408.6,91.1,93.8,-62.4,3,7,6,3,0
2026-05-16T15:44:47.678,TRK,34.256019,-106.280877,8418.7,88.1,95.9,-70.2,3,9,8,5,1
2026-05-16T15:44:47.778,TRK,34.256036,-106.280851,8411.4,90.8,95.9,-66.7,3,10,9,6,2
2026-05-16T15:44:47.878,TRK,34.256035,-106.280821,8416.4,89.9,93.4,-67.1,3,7,6,3,0
2026-05-16T15:44:47.978,TRK,34.256032,-106.280801,8408.5,92.8,94.5,-70.8,3,9,8,5,1
2026-05-16T15:44:48.078,TRK,34.256026,-106.280749,8395.2,88.1,95.1,-63.0,3,8,7,4,0
2026-05-16T15:44:48.178,TRK,34.256028,-106.280736,8405.8,91.0,95.2,-71.6,3,7,6,3,0
2026-05-16T15:44:48.278,TRK,34.256002,-106.280679,8380.1,94.2,96.0,-69.3,3,9,8,5,1
2026-05-16T15:44:48.378,TRK,34.256006,-106.280670,8374.8,90.9,94.2,-66.1,3,11,10,7,3
2026-05-16T15:44:48.478,TRK,34.256036,-106.280636,8363.3,87.5,94.1,-71.2,3,6,5,2,0
2026-05-16T15:44:48.578,TRK,34.256013,-106.280624,8358.6,91.9,94.9,-63.5,3,8,7,4,0
2026-05-16T15:44:48.678,TRK,34.256007,-106.280573,8348.3,87.6,95.6,-69.5,3,9,8,5,1
2026-05-16T15:44:48.778,TRK,34.256033,-106.280569,8337.9,90.2,95.0,-67.5,3,8,7,4,0
2026-05-16T15:44:48.878,TRK,34.255997,-106.280528,8329.1,87.4,95.3,-64.1,3,7,6,3,0
2026-05-16T15:44:48.978,TRK,34.255994,-106.280482,8330.3,92.4,94.5,-67.5,3,9,8,5,1
2026-05-16T15:44:49.078,TRK,34.256001,-106.280454,8315.9,89.3,95.6,-67.3,3,10,9,6,2
2026-05-16T15:44:49.178,TRK,34.255989,-106.280415,8314.0,86.2,95.9,-66.7,3,10,9,6,2
2026-05-16T15:44:49.278,TRK,34.256002,-106.280405,8313.8,89.6,96.4,-64.4,3,8,7,4,0
2026-05-16T15:44:49.378,TRK,34.255995,-106.280354,8316.5,88.3,95.9,-70.0,3,9,8,5,1
2026-05-16T15:44:49.478,TRK,34.255983,-106.280332,8297.1,92.0,95.2,-67.2,3,7,6,3,0
2026-05-16T15:44:49.578,TRK,34.255998,-106.280349,8306.8,87.6,93.9,-66.1,3,9,8,5,1
2026-05-16T15:44:49.678,TRK,34.255987,-106.280271,8279.2,88.7,95.1,-70.6,3,10,9,6,2
2026-05-16T15:44:49.778,TRK,34.255994,-106.280242,8258.7,87.6,94.8,-63.3,3,8,7,4,0
2026-05-16T15:44:49.878,TRK,34.255996,-106.280231,8275.2,89.9,95.8,-65.5,3,9,8,5,1
2026-05-16T15:44:49.978,TRK,34.255985,-106.280205,8267.1,87.6,96.9,-67.9,3,10,9,6,2
2026-05-16T15:44:50.078,TRK,34.255988,-106.280151,8252.6,92.7,94.6,-66.9,3,7,6,3,0
2026-05-16T15:44:50.178,TRK,34.255982,-106.280122,8242.6,89.8,93.4,-71.3,3,8,7,4,0
2026-05-16T15:44:50.278,TRK,34.255983,-106.280090,8245.6,87.5,95.0,-74.6,3,8,7,4,0
2026-05-16T15:44:50.378,TRK,34.255973,-106.280121,8232.8,86.7,94.7,-65.4,3,6,5,2,0
2026-05-16T15:44:50.478,TRK,34.255970,-106.280062,8221.2,85.3,95.2,-64.9,3,8,7,4,0
2026-05-16T15:44:50.578,TRK,34.255963,-106.280007,8236.5,86.3,94.8,-71.4,3,9,8,5,1
2026-05-16T15:44:50.678,TRK,34.255962,-106.279986,8224.2,90.7,96.2,-74.2,3,8,7,4,0
2026-05-16T15:44:50.778,TRK,34.255948,-106.279954,8236.5,88.6,94.9,-74.5,3,11,10,7,3
2026-05-16T15:44:50.878,TRK,34.255967,-106.279928,8191.5,89.4,94.2,-76.1,3,6,5,2,0
2026-05-16T15:44:50.978,TRK,34.255963,-106.279917,8205.5,88.2,93.5,-74.3,3,8,7,4,0
2026-05-16T15:44:51.078,TRK,34.255946,-106.279854,8203.9,88.6,95.8,-73.2,3,11,10,7,3
2026-05-16T15:44:51.178,TRK,34.255949,-106.279854,8182.6,85.5,96.9,-64.9,3,8,7,4,0
2026-05-16T15:44:51.278,TRK,34.255945,-106.279788,8179.6,86.2,93.5,-65.1,3,10,9,6,2
2026-05-16T15:44:51.378,TRK,34.255933,-106.279810,8180.1,85.8,93.8,-70.7,3,11,10,7,3
2026-05-16T15:44:51.478,TRK,34.255960,-106.279738,8173.6,88.0,92.5,-64.6,3,8,7,4,0
2026-05-16T15:44:51.578,TRK,34.255958,-106.279739,8148.9,85.5,94.3,-61.6,3,8,7,4,0
2026-05-16T15:44:51.678,TRK,34.255941,-106.279727,8157.3,82.8,95.2,-70.5,3,9,8,5,1
2026-05-16T15:44:51.778,TRK,34.255929,-106.279672,8126.2,84.0,95.3,-66.0,3,12,11,8,4
2026-05-16T15:44:51.878,TRK,34.255924,-106.279661,8131.2,87.4,93.1,-66.4,3,11,10,7,3
2026-05-16T15:44:51.978,TRK,34.255938,-106.279621,8139.7,86.4,94.5,-71.8,3,10,9,6,2
2026-05-16T15:44:52.078,TRK,34.255949,-106.279591,8138.6,88.9,96.0,-70.5,3,9,8,5,1
2026-05-16T15:44:53.178,TRK,34.255926,-106.279242,8026.7,84.7,95.0,-67.6,3,7,6,3,0
2026-05-16T15:44:53.278,TRK,34.255920,-106.279228,8021.9,83.3,96.8,-75.1,3,8,7,4,0
2026-05-16T15:44:53.378,TRK,34.255916,-106.279219,8052.0,89.1,96.3,-68.3,3,13,12,9,5
2026-05-16T15:44:53.478,TRK,34.255915,-106.279195,8024.3,87.1,96.9,-64.6,3,10,9,6,2
2026-05-16T15:44:53.578,TRK,34.255903,-106.279175,8031.7,83.3,95.3,-67.6,3,9,8,5,1
2026-05-16T15:44:53.678,TRK,34.255906,-106.279142,8000.2,85.8,96.4,-69.2,3,9,8,5,1
2026-05-16T15:44:53.778,TRK,34.255925,-106.279118,7996.2,86.6,94.6,-59.0,3,9,8,5,1
2026-05-16T15:44:53.878,TRK,34.255883,-106.279076,7973.6,85.8,93.8,-68.7,3,7,6,3,0
2026-05-16T15:44:53.978,TRK,34.255914,-106.279046,7988.9,85.3,94.3,-74.9,3,8,7,4,0
2026-05-16T15:44:54.078,TRK,34.255890,-106.279004,8002.3,86.5,92.7,-68.8,3,12,11,8,4
2026-05-16T15:44:54.178,TRK,34.255891,-106.278987,7996.7,84.0,93.5,-68.7,3,10,9,6,2
2026-05-16T15:44:54.278,TRK,34.255911,-106.278937,7977.8,82.1,95.4,-77.4,3,11,10,7,3
2026-05-16T15:44:54.378,TRK,34.255915,-106.278954,7955.6,83.5,93.1,-59.9,3,7,6,3,0
2026-05-16T15:44:54.478,TRK,34.255872,-106.278895,7948.4,85.9,95.2,-61.1,3,8,7,4,0
2026-05-16T15:44:54.578,TRK,34.255884,-106.278868,7956.0,87.3,97.3,-72.6,3,9,8,5,1
2026-05-16T15:44:54.678,TRK,34.255881,-106.278865,7942.9,83.2,94.8,-73.8,3,9,8,5,1
2026-05-16T15:44:54.778,TRK,34.255881,-106.278820,7934.8,80.7,96.7,-69.2,3,9,8,5,1
2026-05-16T15:44:54.878,TRK,34.255915,-106.278795,7923.4,86.7,94.7,-67.1,3,9,8,5,1
2026-05-16T15:44:54.978,TRK,34.255883,-106.278780,7911.2,83.7,94.1,-66.6,3,8,7,4,0
2026-05-16T15:44:55.078,TRK,34.255874,-106.278733,7919.5,84.1,94.7,-67.9,3,8,7,4,0
2026-05-16T15:44:55.178,TRK,34.255858,-106.278709,7898.5,83.0,94.4,-65.4,3,10,9,6,2
2026-05-16T15:44:55.278,TRK,34.255868,-106.278661,7878.9,86.9,95.1,-64.5,3,10,9,6,2
2026-05-16T15:44:55.378,TRK,34.255872,-106.278654,7903.0,81.9,95.7,-61.5,3,11,10,7,3
2026-05-16T15:44:55.478,TRK,34.255880,-106.278604,7880.0,81.6,94.6,-73.0,3,10,9,6,2
2026-05-16T15:44:55.578,TRK,34.255861,-106.278598,7879.9,78.2,95.0,-65.1,3,8,7,4,0
2026-05-16T15:44:55.678,TRK,34.255864,-106.278554,7853.8,87.6,95.3,-71.7,3,10,9,6,2
2026-05-16T15:44:55.778,TRK,34.255864,-106.278561,7879.1,83.6,95.6,-65.7,3,6,5,2,0
2026-05-16T15:44:55.878,TRK,34.255848,-106.278499,7848.9,83.0,94.7,-68.9,3,11,10,7,3
2026-05-16T15:44:55.978,TRK,34.255862,-106.278486,7859.0,82.1,94.6,-66.7,3,9,8,5,1
2026-05-16T15:44:56.078,TRK,34.255880,-106.278457,7858.9,78.7,94.1,-63.4,3,8,7,4,0
2026-05-16T15:44:56.178,TRK,34.255851,-106.278434,7829.9,84.7,97.0,-73.9,3,9,8,5,1
2026-05-16T15:44:56.278,TRK,34.255853,-106.278360,7831.3,83.9,97.1,-73.1,3,10,9,6,2
2026-05-16T15:44:56.378,TRK,34.255856,-106.278357,7855.6,81.3,94.6,-64.8,3,9,8,5,1
2026-05-16T15:44:56.478,TRK,34.255832,-106.278332,7818.5,83.1,96.5,-66.4,3,7,6,3,0
2026-05-16T15:44:56.578,TRK,34.255842,-106.278308,7788.7,83.7,94.2,-59.1,3,8,7,4,0
2026-05-16T15:44:56.678,TRK,34.255845,-106.278283,7806.9,80.3,95.1,-67.3,3,11,10,7,3
2026-05-16T15:44:56.778,TRK,34.255836,-106.278254,7785.2,81.9,95.2,-79.0,3,6,5,2,0
2026-05-16T15:44:56.878,TRK,34.255839,-106.278220,7794.4,83.2,96.1,-70.0,3,10,9,6,2
2026-05-16T15:44:56.978,TRK,34.255843,-106.278203,7810.3,83.0,95.7,-64.1,3,10,9,6,2
2026-05-16T15:44:57.078,TRK,34.255829,-106.278187,7782.2,82.4,94.9,-72.6,3,10,9,6,2
2026-05-16T15:44:57.178,TRK,34.255833,-106.278131,7773.4,81.9,96.5,-65.5,3,11,10,7,3
2026-05-16T15:44:57.278,TRK,34.255819,-106.278136,7768.6,81.2,96.2,-62.1,3,9,8,5,1
2026-05-16T15:44:57.378,TRK,34.255812,-106.278115,7747.3,80.2,93.5,-66.9,3,8,7,4,0
2026-05-16T15:44:57.478,TRK,34.255823,-106.278080,7750.0,81.0,93.4,-71.1,3,8,7,4,0
2026-05-16T15:44:57.578,TRK,34.255843,-106.278073,7768.4,81.7,93.8,-69.0,3,10,9,6,2
2026-05-16T15:44:57.678,TRK,34.255825,-106.278036,7735.9,83.0,94.6,-71.7,3,7,6,3,0
2026-05-16T15:44:57.778,TRK,34.255838,-106.278005,7743.3,82.5,93.1,-62.3,3,8,7,4,0
2026-05-16T15:44:57.878,TRK,34.255849,-106.277994,7726.0,78.4,96.4,-68.2,3,11,10,7,3
2026-05-16T15:44:57.978,TRK,34.255807,-106.277946,7699.4,81.3,93.6,-66.9,3,8,7,4,0
2026-05-16T15:44:58.078,TRK,34.255812,-106.277894,7691.9,80.7,93.6,-68.5,3,10,9,6,2
2026-05-16T15:44:58.178,TRK,34.255801,-106.277905,7725.6,81.1,94.8,-68.2,3,7,6,3,0
2026-05-16T15:44:58.278,TRK,34.255836,-106.277849,7694.8,80.2,93.9,-71.1,3,8,7,4,0
2026-05-16T15:44:58.378,TRK,34.255814,-106.277842,7692.1,80.4,92.9,-71.3,3,9,8,5,1
2026-05-16T15:44:58.478,TRK,34.255815,-106.277803,7686.2,78.5,98.1,-72.3,3,8,7,4,0
2026-05-16T15:44:58.578,TRK,34.255798,-106.277773,7664.1,77.6,95.8,-65.9,3,8,7,4,0
2026-05-16T15:44:58.678,TRK,34.255815,-106.277750,7665.2,78.5,94.8,-72.5,3,11,10,7,3
2026-05-16T15:44:58.778,TRK,34.255805,-106.277722,7656.7,80.4,93.9,-66.0,3,8,7,4,0
2026-05-16T15:44:58.878,TRK,34.255811,-106.277691,7653.8,78.9,95.3,-65.6,3,9,8,5,1
2026-05-16T15:44:58.978,TRK,34.255782,-106.277669,7655.4,76.9,94.7,-70.4,3,11,10,7,3
2026-05-16T15:44:59.078,TRK,34.255812,-106.277657,7628.2,79.6,95.6,-66.8,3,8,7,4,0
2026-05-16T15:44:59.178,TRK,34.255791,-106.277624,7622.8,81.3,96.0,-73.1,3,8,7,4,0
2026-05-16T15:44:59.278,TRK,34.255784,-106.277601,7630.0,81.5,95.9,-67.5,3,10,9,6,2
2026-05-16T15:44:59.378,TRK,34.255793,-106.277549,7627.1,80.2,94.9,-69.4,3,9,8,5,1
2026-05-16T15:44:59.478,TRK,34.255791,-106.277543,7633.4,78.2,93.9,-70.2,3,7,6,3,0
2026-05-16T15:44:59.578,TRK,34.255783,-106.277499,7605.4,80.7,95.6,-70.9,3,8,7,4,0
2026-05-16T15:44:59.678,TRK,34.255797,-106.277489,7593.5,77.5,96.0,-63.3,3,8,7,4,0
2026-05-16T15:44:59.778,TRK,34.255797,-106.277437,7595.6,78.6,94.9,-74.3,3,8,7,4,0
2026-05-16T15:44:59.878,TRK,34.255766,-106.277437,7580.0,79.5,96.2,-71.8,3,5,4,1,0
2026-05-16T15:44:59.978,TRK,34.255775,-106.277427,7592.0,82.0,94.8,-64.8,3,11,10,7,3
2026-05-16T15:45:00.078,TRK,34.255786,-106.277383,7568.0,78.8,94.1,-62.2,3,8,7,4,0
2026-05-16T15:45:00.178,TRK,34.255793,-106.277374,7559.8,77.6,96.4,-64.2,3,9,8,5,1
2026-05-16T15:45:00.278,TRK,34.255762,-106.277347,7570.9,75.9,95.7,-66.9,3,9,8,5,1
2026-05-16T15:45:00.378,TRK,34.255755,-106.277320,7543.1,79.8,93.3,-67.6,3,10,9,6,2
2026-05-16T15:45:00.478,TRK,34.255779,-106.277278,7551.5,75.8,93.5,-72.1,3,10,9,6,2
2026-05-16T15:45:00.578,TRK,34.255781,-106.277247,7533.4,76.5,95.9,-65.0,3,9,8,5,1
2026-05-16T15:45:00.678,TRK,34.255750,-106.277244,7550.8,81.0,95.2,-63.2,3,8,7,4,0
2026-05-16T15:45:00.778,TRK,34.255760,-106.277219,7530.8,75.2,95.4,-59.6,3,8,7,4,0
2026-05-16T15:45:00.878,TRK,34.255758,-106.277157,7514.5,78.5,95.3,-72.0,3,10,9,6,2
2026-05-16T15:45:00.978,TRK,34.255756,-106.277152,7503.9,75.8,96.0,-68.4,3,10,9,6,2
2026-05-16T15:45:01.078,TRK,34.255774,-106.277123,7513.3,77.0,94.5,-66.3,3,10,9,6,2
2026-05-16T15:45:01.178,TRK,34.255754,-106.277083,7507.9,76.2,95.3,-69.5,3,8,7,4,0
2026-05-16T15:45:01.278,TRK,34.255760,-106.277054,7491.7,78.1,94.2,-70.1,3,8,7,4,0
2026-05-16T15:45:01.378,TRK,34.255776,-106.277056,7487.3,76.7,94.8,-63.4,3,10,9,6,2
2026-05-16T15:45:01.478,TRK,34.255758,-106.277031,7479.2,78.3,96.1,-70.7,3,9,8,5,1
2026-05-16T15:45:01.578,TRK,34.255754,-106.276987,7468.1,79.4,94.3,-68.7,3,8,7,4,0
2026-05-16T15:45:01.678,TRK,34.255753,-106.276987,7455.8,75.6,94.9,-69.0,3,6,5,2,0
2026-05-16T15:45:01.778,TRK,34.255758,-106.276967,7446.2,77.6,96.9,-66.8,3,9,8,5,1
2026-05-16T15:45:01.878,TRK,34.255749,-106.276921,7453.7,75.7,96.5,-68.5,3,8,7,4,0
2026-05-16T15:45:01.978,TRK,34.255738,-106.276893,7471.9,75.0,94.5,-64.5,3,11,10,7,3
2026-05-16T15:45:02.078,TRK,34.255743,-106.276861,7445.1,81.3,94.5,-65.2,3,9,8,5,1
2026-05-16T15:45:02.178,TRK,34.255736,-106.276847,7430.1,74.5,95.0,-62.1,3,11,10,7,3
2026-05-16T15:45:02.278,TRK,34.255752,-106.276823,7427.0,73.1,97.2,-71.0,3,9,8,5,1
2026-05-16T15:45:02.378,TRK,34.255749,-106.276800,7418.3,74.4,94.8,-63.4,3,11,10,7,3
2026-05-16T15:45:02.478,TRK,34.255712,-106.276801,7430.4,77.5,94.5,-68.1,3,9,8,5,1
2026-05-16T15:45:02.578,TRK,34.255758,-106.276732,7412.1,71.7,93.3,-75.8,3,10,9,6,2
2026-05-16T15:45:02.678,TRK,34.255749,-106.276736,7400.0,78.2,94.7,-61.9,3,10,9,6,2
2026-05-16T15:45:02.778,TRK,34.255735,-106.276726,7389.8,77.3,94.0,-60.1,3,9,8,5,1
2026-05-16T15:45:02.878,TRK,34.255736,-106.276683,7372.8,78.5,94.2,-65.8,3,10,9,6,2
2026-05-16T15:45:02.978,TRK,34.255735,-106.276634,7371.8,75.6,95.6,-66.7,3,7,6,3,0
2026-05-16T15:45:03.078,TRK,34.255727,-106.276616,7382.2,75.3,93.6,-71.5,3,10,9,6,2
2026-05-16T15:45:03.178,TRK,34.255737,-106.276607,7376.0,71.3,94.7,-68.0,3,9,8,5,1
2026-05-16T15:45:03.278,TRK,34.255718,-106.276569,7371.7,74.3,94.0,-58.2,3,10,9,6,2
2026-05-16T15:45:03.378,TRK,34.255726,-106.276565,7332.9,75.3,93.9,-74.8,3,9,8,5,1
2026-05-16T15:45:03.478,TRK,34.255702,-106.276527,7334.4,77.4,97.7,-68.3,3,11,10,7,3
2026-05-16T15:45:03.578,TRK,34.255724,-106.276498,7318.1,73.2,100.1,-68.7,3,9,8,5,1
2026-05-16T15:45:03.678,TRK,34.255699,-106.276480,7322.8,74.5,94.0,-70.1,3,10,9,6,2
2026-05-16T15:45:03.778,TRK,34.255708,-106.276451,7327.3,71.9,96.0,-73.4,3,8,7,4,0
2026-05-16T15:45:03.878,TRK,34.255707,-106.276431,7310.0,74.8,97.9,-64.4,3,10,9,6,2
2026-05-16T15:45:03.978,TRK,34.255704,-106.276412,7324.5,72.4,95.6,-73.5,3,12,11,8,4
2026-05-16T15:45:04.078,TRK,34.255718,-106.276379,7299.9,76.3,94.3,-66.6,3,8,7,4,0
2026-05-16T15:45:04.178,TRK,34.255681,-106.276353,7285.9,74.8,93.4,-77.8,3,9,8,5,1
2026-05-16T15:45:04.278,TRK,34.255706,-106.276330,7329.1,74.4,97.1,-64.6,3,10,9,6,2
2026-05-16T15:45:04.378,TRK,34.255693,-106.276289,7298.5,73.9,94.0,-72.0,3,8,7,4,0
2026-05-16T15:45:04.478,TRK,34.255694,-106.276294,7258.9,72.0,96.0,-64.7,3,9,8,5,1
2026-05-16T15:45:04.578,TRK,34.255693,-106.276255,7269.5,76.1,95.1,-70.3,3,10,9,6,2
2026-05-16T15:45:04.678,TRK,34.255663,-106.276226,7278.8,73.0,95.1,-69.9,3,9,8,5,1
2026-05-16T15:45:04.778,TRK,34.255706,-106.276208,7247.3,71.0,95.6,-67.3,3,11,10,7,3
2026-05-16T15:45:04.878,TRK,34.255672,-106.276157,7260.2,74.7,93.8,-69.9,3,8,7,4,0
2026-05-16T15:45:04.978,TRK,34.255695,-106.276147,7253.6,74.1,95.5,-74.9,3,8,7,4,0
2026-05-16T15:45:05.078,TRK,34.255684,-106.276118,7235.3,71.9,94.6,-69.2,3,9,8,5,1
2026-05-16T15:45:05.178,TRK,34.255692,-106.276096,7238.3,74.6,97.0,-62.7,3,12,11,8,4
2026-05-16T15:45:05.278,TRK,34.255682,-106.276097,7226.2,73.4,93.8,-67.0,3,11,10,7,3
2026-05-16T15:45:05.378,TRK,34.255669,-106.276053,7208.3,71.8,94.9,-65.5,3,10,9,6,2
2026-05-16T15:45:05.478,TRK,34.255690,-106.276020,7207.2,73.8,97.3,-61.2,3,9,8,5,1
2026-05-16T15:45:05.578,TRK,34.255677,-106.276026,7213.3,72.4,94.8,-75.9,3,7,6,3,0
2026-05-16T15:45:05.678,TRK,34.255679,-106.276014,7186.6,72.0,94.6,-65.5,3,8,7,4,0
2026-05-16T15:45:05.778,TRK,34.255663,-106.275951,7185.2,71.1,96.5,-69.9,3,9,8,5,1
2026-05-16T15:45:05.878,TRK,34.255685,-106.275945,7198.4,69.5,94.7,-67.7,3,8,7,4,0
2026-05-16T15:45:05.978,TRK,34.255659,-106.275920,7174.8,72.6,95.9,-70.0,3,11,10,7,3
2026-05-16T15:45:06.078,TRK,34.255669,-106.275898,7184.0,71.6,95.4,-70.3,3,6,5,2,0
2026-05-16T15:45:06.178,TRK,34.255652,-106.275871,7155.9,71.5,95.4,-68.1,3,7,6,3,0
2026-05-16T15:45:06.278,TRK,34.255654,-106.275862,7140.6,74.9,96.0,-73.0,3,8,7,4,0
2026-05-16T15:45:06.378,TRK,34.255664,-106.275835,7130.8,72.3,93.4,-65.3,3,7,6,3,0
2026-05-16T15:45:06.478,TRK,34.255662,-106.275783,7126.7,71.4,93.7,-65.6,3,8,7,4,0
2026-05-16T15:45:06.578,TRK,34.255656,-106.275797,7113.1,72.4,93.5,-70.5,3,8,7,4,0
2026-05-16T15:45:06.678,TRK,34.255675,-106.275737,7099.4,73.7,96.2,-64.5,3,9,8,5,1
2026-05-16T15:45:06.778,TRK,34.255662,-106.275717,7135.5,72.8,94.0,-69.2,3,12,11,8,4
2026-05-16T15:45:06.878,TRK,34.255646,-106.275711,7127.5,72.1,94.5,-66.2,3,8,7,4,0
2026-05-16T15:45:06.978,TRK,34.255661,-106.275700,7095.1,72.4,93.5,-70.1,3,8,7,4,0
2026-05-16T15:45:07.078,TRK,34.255643,-106.275659,7097.1,72.1,97.5,-72.5,3,9,8,5,1
2026-05-16T15:45:07.178,TRK,34.255651,-106.275648,7056.7,75.8,94.8,-70.1,3,11,10,7,3
2026-05-16T15:45:07.278,TRK,34.255661,-106.275588,7107.6,71.2,93.6,-64.5,3,9,8,5,1
2026-05-16T15:45:07.378,TRK,34.255647,-106.275590,7071.7,74.6,93.2,-71.7,3,9,8,5,1
2026-05-16T15:45:07.478,TRK,34.255638,-106.275549,7067.6,68.3,95.6,-68.2,3,12,11,8,4
2026-05-16T15:45:07.578,TRK,34.255654,-106.275541,7062.7,68.6,92.8,-62.3,3,8,7,4,0
2026-05-16T15:45:07.678,TRK,34.255650,-106.275530,7062.1,68.2,96.9,-68.4,3,8,7,4,0
2026-05-16T15:45:07.778,TRK,34.255639,-106.275478,7057.5,69.0,97.4,-66.0,3,10,9,6,2
2026-05-16T15:45:07.878,TRK,34.255635,-106.275470,7031.9,70.9,94.5,-67.9,3,9,8,5,1
2026-05-16T15:45:07.978,TRK,34.255640,-106.275437,7046.5,67.6,95.7,-66.2,3,9,8,5,1
2026-05-16T15:45:08.078,TRK,34.255634,-106.275447,7025.3,70.7,94.1,-72.1,3,10,9,6,2
2026-05-16T15:45:08.178,TRK,34.255641,-106.275387,6999.7,71.4,93.0,-69.0,3,9,8,5,1
2026-05-16T15:45:08.278,TRK,34.255622,-106.275358,6997.8,71.3,95.3,-65.4,3,10,9,6,2
2026-05-16T15:45:08.378,TRK,34.255633,-106.275361,7022.3,70.5,97.5,-66.0,3,7,6,3,0
2026-05-16T15:45:08.478,TRK,34.255623,-106.275319,7012.5,68.2,94.8,-67.0,3,10,9,6,2
2026-05-16T15:45:08.578,TRK,34.255633,-106.275340,6993.0,69.0,97.8,-63.5,3,10,9,6,2
2026-05-16T15:45:08.678,TRK,34.255605,-106.275272,7001.3,70.4,93.6,-60.9,3,8,7,4,0
2026-05-16T15:45:08.778,TRK,34.255632,-106.275236,6998.8,69.1,94.8,-79.4,3,7,6,3,0
2026-05-16T15:45:08.878,TRK,34.255632,-106.275256,6970.2,69.9,96.4,-67.5,3,9,8,5,1
2026-05-16T15:45:08.978,TRK,34.255603,-106.275232,6965.2,67.2,94.8,-63.7,3,8,7,4,0
2026-05-16T15:45:09.078,TRK,34.255596,-106.275219,6948.1,67.8,94.6,-67.8,3,8,7,4,0
2026-05-16T15:45:09.178,TRK,34.255625,-106.275162,6949.1,72.3,95.0,-73.3,3,12,11,8,4
2026-05-16T15:45:09.278,TRK,34.255611,-106.275150,6951.7,65.7,95.5,-66.5,3,9,8,5,1
2026-05-16T15:45:09.378,TRK,34.255606,-106.275130,6924.1,66.5,94.6,-72.9,3,8,7,4,0
2026-05-16T15:45:09.478,TRK,34.255634,-106.275101,6935.0,71.2,95.3,-73.9,3,8,7,4,0
2026-05-16T15:45:09.578,TRK,34.255626,-106.275069,6900.4,67.9,91.8,-68.8,3,6,5,2,0
2026-05-16T15:45:09.678,TRK,34.255595,-106.275050,6899.9,69.3,97.3,-65.3,3,6,5,2,0
2026-05-16T15:45:09.778,TRK,34.255605,-106.275032,6932.6,69.5,93.4,-69.0,3,10,9,6,2
2026-05-16T15:45:09.878,TRK,34.255613,-106.275017,6902.3,68.2,96.0,-68.3,3,7,6,3,0
2026-05-16T15:45:09.978,TRK,34.255605,-106.274983,6905.4,67.3,92.7,-67.8,3,10,9,6,2
2026-05-16T15:45:10.078,TRK,34.255596,-106.274976,6890.6,66.6,93.8,-73.5,3,7,6,3,0
2026-05-16T15:45:10.178,TRK,34.255598,-106.274922,6881.1,70.2,95.0,-67.2,3,9,8,5,1
2026-05-16T15:45:10.278,TRK,34.255577,-106.274934,6860.4,67.5,96.4,-71.9,3,8,7,4,0
2026-05-16T15:45:10.378,TRK,34.255583,-106.274892,6862.8,66.6,93.3,-68.7,3,9,8,5,1
2026-05-16T15:45:10.478,TRK,34.255602,-106.274882,6863.8,69.9,96.3,-68.7,3,8,7,4,0
2026-05-16T15:45:10.578,TRK,34.255583,-106.274854,6868.8,65.5,96.8,-66.5,3,10,9,6,2
2026-05-16T15:45:10.678,TRK,34.255575,-106.274840,6871.1,67.0,97.9,-69.0,3,10,9,6,2
2026-05-16T15:45:10.778,TRK,34.255615,-106.274784,6852.9,67.3,93.8,-64.0,3,11,10,7,3
2026-05-16T15:45:10.878,TRK,34.255588,-106.274802,6836.7,64.9,94.8,-73.7,3,11,10,7,3
2026-05-16T15:45:10.978,TRK,34.255558,-106.274780,6811.1,67.8,94.0,-68.4,3,10,9,6,2
2026-05-16T15:45:11.078,TRK,34.255566,-106.274742,6816.8,64.9,94.3,-65.7,3,9,8,5,1
2026-05-16T15:45:11.178,TRK,34.255570,-106.274711,6816.7,67.1,90.9,-65.8,3,10,9,6,2
2026-05-16T15:45:11.278,TRK,34.255575,-106.274703,6815.2,66.4,94.4,-64.8,3,11,10,7,3
2026-05-16T15:45:11.378,TRK,34.255591,-106.274661,6798.1,66.8,95.8,-65.5,3,9,8,5,1
2026-05-16T15:45:11.478,TRK,34.255599,-106.274647,6804.8,68.6,95.4,-65.1,3,10,9,6,2
2026-05-16T15:45:11.578,TRK,34.255593,-106.274646,6761.8,66.0,94.7,-64.3,3,8,7,4,0
2026-05-16T15:45:11.678,TRK,34.255566,-106.274614,6792.9,66.6,95.1,-67.3,3,10,9,6,2
2026-05-16T15:45:11.778,TRK,34.255558,-106.274624,6788.7,66.4,94.0,-72.5,3,13,12,9,5
2026-05-16T15:45:11.878,TRK,34.255578,-106.274594,6783.3,65.0,93.6,-65.3,3,8,7,4,0
2026-05-16T15:45:11.978,TRK,34.255574,-106.274537,6744.2,66.2,92.1,-69.0,3,10,9,6,2
2026-05-16T15:45:12.078,TRK,34.255563,-106.274502,6770.8,64.9,93.1,-58.7,3,11,10,7,3
2026-05-16T15:45:12.178,TRK,34.255550,-106.274509,6756.2,64.7,98.5,-65.1,3,10,9,6,2
2026-05-16T15:45:12.278,TRK,34.255573,-106.274467,6746.7,66.9,96.1,-63.9,3,9,8,5,1
2026-05-16T15:45:12.378,TRK,34.255580,-106.274475,6743.2,64.8,92.8,-66.4,3,9,8,5,1
2026-05-16T15:45:12.478,TRK,34.255565,-106.274435,6720.7,64.2,96.3,-64.5,3,10,9,6,2
2026-05-16T15:45:12.578,TRK,34.255557,-106.274430,6724.6,66.1,93.9,-67.8,3,9,8,5,1
2026-05-16T15:45:12.678,TRK,34.255567,-106.274387,6743.9,67.2,93.5,-69.9,3,9,8,5,1
2026-05-16T15:45:12.778,TRK,34.255544,-106.274382,6712.8,66.0,94.3,-69.2,3,8,7,4,0
2026-05-16T15:45:12.878,TRK,34.255566,-106.274359,6726.4,65.8,94.0,-64.2,3,9,8,5,1
2026-05-16T15:45:12.978,TRK,34.255571,-106.274323,6706.5,67.9,95.1,-70.7,3,9,8,5,1
2026-05-16T15:45:13.078,TRK,34.255549,-106.274313,6689.8,64.3,92.9,-67.4,3,11,10,7,3
2026-05-16T15:45:13.178,TRK,34.255554,-106.274290,6686.5,63.3,95.9,-68.9,3,11,10,7,3
2026-05-16T15:45:13.278,TRK,34.255539,-106.274287,6696.0,62.1,97.3,-59.4,3,8,7,4,0
2026-05-16T15:45:13.378,TRK,34.255548,-106.274224,6654.7,66.7,96.2,-61.4,3,9,8,5,1
2026-05-16T15:45:13.478,TRK,34.255546,-106.274243,6653.8,65.8,94.3,-65.5,3,6,5,2,0
2026-05-16T15:45:13.578,TRK,34.255552,-106.274200,6661.7,63.9,93.1,-71.1,3,8,7,4,0
2026-05-16T15:45:13.678,TRK,34.255530,-106.274201,6671.3,62.1,94.8,-66.9,3,8,7,4,0
2026-05-16T15:45:13.778,TRK,34.255573,-106.274152,6645.6,63.2,93.5,-65.7,3,8,7,4,0
2026-05-16T15:45:13.878,TRK,34.255553,-106.274175,6630.9,62.3,97.0,-70.2,3,9,8,5,1
2026-05-16T15:45:13.978,TRK,34.255532,-106.274095,6620.3,63.3,95.1,-70.9,3,9,8,5,1
2026-05-16T15:45:14.078,TRK,34.255537,-106.274118,6626.1,60.2,94.5,-69.3,3,7,6,3,0
2026-05-16T15:45:14.178,TRK,34.255548,-106.274096,6614.8,64.0,94.9,-65.7,3,9,8,5,1
2026-05-16T15:45:14.278,TRK,34.255539,-106.274043,6624.1,63.2,95.7,-64.0,3,9,8,5,1
2026-05-16T15:45:14.378,TRK,34.255537,-106.274062,6603.4,64.6,91.7,-70.7,3,10,9,6,2
2026-05-16T15:45:14.478,TRK,34.255512,-106.274009,6595.5,60.2,92.1,-64.1,3,10,9,6,2
2026-05-16T15:45:14.578,TRK,34.255525,-106.273986,6579.7,62.1,93.4,-68.5,3,9,8,5,1
2026-05-16T15:45:14.678,TRK,34.255521,-106.273957,6603.0,62.0,90.8,-68.2,3,7,6,3,0
2026-05-16T15:45:14.778,TRK,34.255504,-106.273937,6593.4,62.6,93.2,-65.1,3,10,9,6,2
2026-05-16T15:45:14.878,TRK,34.255539,-106.273920,6560.0,62.8,95.7,-66.4,3,10,9,6,2
2026-05-16T15:45:14.978,TRK,34.255515,-106.273923,6574.0,65.2,93.0,-70.2,3,10,9,6,2
2026-05-16T15:45:15.078,TRK,34.255529,-106.273877,6538.4,62.9,94.2,-72.0,3,9,8,5,1
2026-05-16T15:45:15.178,TRK,34.255532,-106.273867,6550.2,61.0,93.0,-74.1,3,7,6,3,0
2026-05-16T15:45:15.278,TRK,34.255506,-106.273851,6536.4,59.7,93.8,-57.8,3,10,9,6,2
2026-05-16T15:45:15.378,TRK,34.255519,-106.273843,6537.4,60.0,95.0,-63.1,3,9,8,5,1
2026-05-16T15:45:15.478,TRK,34.255530,-106.273835,6522.3,62.2,95.7,-68.1,3,9,8,5,1
2026-05-16T15:45:15.578,TRK,34.255509,-106.273765,6542.0,65.0,93.9,-57.9,3,10,9,6,2
2026-05-16T15:45:15.678,TRK,34.255515,-106.273743,6520.8,60.9,96.7,-66.4,3,10,9,6,2
2026-05-16T15:45:15.778,TRK,34.255521,-106.273738,6515.5,56.4,91.9,-66.5,3,9,8,5,1
2026-05-16T15:45:15.878,TRK,34.255517,-106.273744,6497.1,61.9,95.4,-66.7,3,9,8,5,1
2026-05-16T15:45:15.978,TRK,34.255493,-106.273686,6504.5,60.1,97.5,-66.1,3,9,8,5,1
2026-05-16T15:45:16.078,TRK,34.255500,-106.273693,6472.0,59.5,97.5,-63.6,3,9,8,5,1
2026-05-16T15:45:16.178,TRK,34.255520,-106.273661,6489.7,63.3,93.0,-63.1,3,9,8,5,1
2026-05-16T15:45:16.278,TRK,34.255516,-106.273641,6504.1,60.5,92.9,-66.2,3,11,10,7,3
2026-05-16T15:45:16.378,TRK,34.255503,-106.273622,6432.2,59.2,95.7,-66.1,3,12,11,8,4
2026-05-16T15:45:16.478,TRK,34.255509,-106.273591,6464.6,62.7,95.7,-60.6,3,7,6,3,0
2026-05-16T15:45:16.578,TRK,34.255505,-106.273591,6455.7,61.8,96.2,-72.3,3,9,8,5,1
2026-05-16T15:45:16.678,TRK,34.255497,-106.273578,6441.3,58.8,93.7,-66.8,3,11,10,7,3
2026-05-16T15:45:16.778,TRK,34.255495,-106.273530,6437.6,59.0,91.2,-67.7,3,12,11,8,4
2026-05-16T15:45:16.878,TRK,34.255480,-106.273534,6436.4,59.4,95.8,-67.8,3,9,8,5,1
2026-05-16T15:45:16.978,TRK,34.255505,-106.273509,6438.8,59.9,94.2,-67.7,3,7,6,3,0
2026-05-16T15:45:17.078,TRK,34.255492,-106.273467,6429.2,59.9,94.9,-63.8,3,9,8,5,1
2026-05-16T15:45:17.178,TRK,34.255500,-106.273477,6375.5,58.7,93.8,-69.0,3,8,7,4,0
2026-05-16T15:45:17.278,TRK,34.255480,-106.273447,6414.3,62.3,95.9,-70.7,3,7,6,3,0
2026-05-16T15:45:17.378,TRK,34.255500,-106.273407,6393.0,57.6,94.7,-68.5,3,12,11,8,4
2026-05-16T15:45:17.478,TRK,34.255498,-106.273390,6399.4,58.4,94.2,-67.1,3,11,10,7,3
2026-05-16T15:45:17.578,TRK,34.255478,-106.273414,6412.0,59.9,95.8,-62.1,3,10,9,6,2
2026-05-16T15:45:17.678,TRK,34.255482,-106.273356,6373.5,59.1,93.7,-63.9,3,9,8,5,1
2026-05-16T15:45:17.778,TRK,34.255484,-106.273313,6369.2,59.8,96.7,-65.3,3,10,9,6,2
2026-05-16T15:45:17.878,TRK,34.255474,-106.273326,6369.9,58.2,93.3,-68.1,3,11,10,7,3
2026-05-16T15:45:17.978,TRK,34.255470,-106.273326,6342.1,60.1,94.7,-71.1,3,7,6,3,0
2026-05-16T15:45:18.078,TRK,34.255462,-106.273292,6341.3,59.9,89.6,-65.9,3,6,5,2,0
2026-05-16T15:45:18.178,TRK,34.255496,-106.273263,6343.0,60.0,93.3,-66.9,3,9,8,5,1
2026-05-16T15:45:18.278,TRK,34.255468,-106.273257,6334.0,58.3,92.7,-64.8,3,7,6,3,0
2026-05-16T15:45:18.378,TRK,34.255478,-106.273209,6341.7,59.2,94.0,-66.4,3,10,9,6,2
2026-05-16T15:45:18.478,TRK,34.255489,-106.273201,6326.7,60.8,94.8,-66.1,3,9,8,5,1
2026-05-16T15:45:18.578,TRK,34.255473,-106.273168,6356.6,57.1,94.5,-66.9,3,10,9,6,2
2026-05-16T15:45:18.678,TRK,34.255472,-106.273164,6328.7,57.4,94.4,-61.5,3,10,9,6,2
2026-05-16T15:45:18.778,TRK,34.255491,-106.273161,6320.9,56.8,90.6,-66.7,3,8,7,4,0
2026-05-16T15:45:18.878,TRK,34.255470,-106.273130,6331.8,57.8,97.1,-66.2,3,9,8,5,1
2026-05-16T15:45:18.978,TRK,34.255455,-106.273135,6295.9,56.2,99.7,-69.7,3,10,9,6,2
2026-05-16T15:45:19.078,TRK,34.255462,-106.273080,6305.4,59.4,95.5,-69.4,3,9,8,5,1
2026-05-16T15:45:19.178,TRK,34.255453,-106.273077,6285.6,58.3,96.7,-61.5,3,9,8,5,1
2026-05-16T15:45:19.278,TRK,34.255453,-106.273048,6272.5,55.2,98.3,-67.1,3,11,10,7,3
2026-05-16T15:45:19.378,TRK,34.255471,-106.273046,6281.5,58.8,95.1,-68.0,3,12,11,8,4
2026-05-16T15:45:19.478,TRK,34.255464,-106.273018,6278.7,58.0,89.3,-68.4,3,7,6,3,0
2026-05-16T15:45:19.578,TRK,34.255462,-106.273009,6254.2,59.3,91.9,-62.2,3,10,9,6,2
2026-05-16T15:45:19.678,TRK,34.255442,-106.272978,6254.4,57.6,94.5,-64.0,3,9,8,5,1
2026-05-16T15:45:19.778,TRK,34.255463,-106.272986,6260.9,58.7,98.7,-63.9,3,7,6,3,0
2026-05-16T15:45:19.878,TRK,34.255463,-106.272937,6233.9,56.6,92.5,-71.3,3,11,10,7,3
2026-05-16T15:45:19.978,TRK,34.255431,-106.272921,6196.1,55.7,96.8,-70.8,3,10,9,6,2
2026-05-16T15:45:20.078,TRK,34.255449,-106.272918,6244.8,54.8,93.2,-59.6,3,9,8,5,1
2026-05-16T15:45:20.178,TRK,34.255441,-106.272898,6214.3,58.0,91.5,-68.7,3,10,9,6,2
2026-05-16T15:45:20.278,TRK,34.255460,-106.272881,6193.1,56.7,92.5,-66.2,3,10,9,6,2
2026-05-16T15:45:20.378,TRK,34.255460,-106.272836,6217.1,56.1,93.8,-72.8,3,11,10,7,3
2026-05-16T15:45:20.478,TRK,34.255452,-106.272809,6202.0,55.8,94.2,-62.1,3,8,7,4,0
2026-05-16T15:45:20.578,TRK,34.255441,-106.272821,6184.9,56.0,97.1,-63.6,3,9,8,5,1
2026-05-16T15:45:20.678,TRK,34.255454,-106.272771,6192.7,53.8,96.6,-65.7,3,7,6,3,0
2026-05-16T15:45:20.778,TRK,34.255421,-106.272766,6188.2,59.6,98.7,-62.7,3,5,4,1,0
2026-05-16T15:45:20.878,TRK,34.255430,-106.272710,6175.6,57.5,92.2,-69.7,3,7,6,3,0
2026-05-16T15:45:20.978,TRK,34.255425,-106.272719,6183.3,56.1,96.4,-63.9,3,9,8,5,1
2026-05-16T15:45:21.078,TRK,34.255425,-106.272730,6149.8,57.0,94.1,-59.0,3,9,8,5,1
2026-05-16T15:45:21.178,TRK,34.255429,-106.272699,6160.7,54.9,92.1,-75.4,3,12,11,8,4
2026-05-16T15:45:21.278,TRK,34.255423,-106.272687,6125.4,55.4,93.5,-62.4,3,11,10,7,3
2026-05-16T15:45:21.378,TRK,34.255436,-106.272676,6128.1,57.5,94.2,-63.1,3,9,8,5,1
2026-05-16T15:45:21.478,TRK,34.255411,-106.272645,6123.7,55.1,96.2,-66.4,3,9,8,5,1
2026-05-16T15:45:21.578,TRK,34.255437,-106.272610,6090.8,57.5,95.8,-71.1,3,9,8,5,1
2026-05-16T15:45:21.678,TRK,34.255424,-106.272600,6113.5,56.5,95.5,-64.8,3,8,7,4,0
2026-05-16T15:45:21.778,TRK,34.255434,-106.272588,6103.7,56.4,96.6,-71.3,3,9,8,5,1
2026-05-16T15:45:21.878,TRK,34.255426,-106.272557,6106.9,55.5,94.5,-72.5,3,9,8,5,1
2026-05-16T15:45:21.978,TRK,34.255427,-106.272576,6099.2,54.1,95.5,-66.7,3,9,8,5,1
2026-05-16T15:45:22.078,TRK,34.255429,-106.272540,6073.7,54.3,93.4,-61.2,3,9,8,5,1
2026-05-16T15:45:22.178,TRK,34.255434,-106.272519,6087.0,57.9,100.0,-61.8,3,10,9,6,2
2026-05-16T15:45:22.278,TRK,34.255416,-106.272510,6100.9,53.2,95.8,-67.6,3,9,8,5,1
2026-05-16T15:45:22.378,TRK,34.255408,-106.272471,6090.7,55.7,94.8,-70.6,3,8,7,4,0
2026-05-16T15:45:22.478,TRK,34.255409,-106.272477,6033.5,55.6,94.4,-45.8,3,9,8,5,1
2026-05-16T15:45:22.578,TRK,34.255397,-106.272447,6094.5,52.4,95.8,-31.2,3,8,7,4,0
2026-05-16T15:45:22.678,TRK,34.255409,-106.272412,6058.3,53.9,98.0,-21.6,3,7,6,3,0
2026-05-16T15:45:22.778,TRK,34.255407,-106.272409,6021.2,52.1,92.7,-23.2,3,9,8,5,1
2026-05-16T15:45:22.878,TRK,34.255414,-106.272411,6048.7,50.3,97.7,-22.9,3,9,8,5,1
2026-05-16T15:45:22.978,TRK,34.255393,-106.272395,6060.8,51.1,94.5,-19.8,3,9,8,5,1
2026-05-16T15:45:23.078,TRK,34.255395,-106.272365,6054.3,54.9,95.8,-22.0,3,8,7,4,0
2026-05-16T15:45:23.178,TRK,34.255432,-106.272336,6047.6,52.4,95.8,-19.0,3,10,9,6,2
2026-05-16T15:45:23.278,TRK,34.255408,-106.272287,6032.6,53.0,96.1,-17.1,3,10,9,6,2
2026-05-16T15:45:23.378,TRK,34.255415,-106.272296,6043.8,50.9,93.2,-21.7,3,8,7,4,0
2026-05-16T15:45:23.478,TRK,34.255403,-106.272302,6038.6,48.7,93.5,-23.1,3,11,10,7,3
2026-05-16T15:45:23.578,TRK,34.255403,-106.272251,6068.2,50.9,93.1,-17.2,3,9,8,5,1
2026-05-16T15:45:23.678,TRK,34.255396,-106.272232,6041.7,49.6,95.6,-12.3,3,10,9,6,2
2026-05-16T15:45:23.778,TRK,34.255406,-106.272256,6053.7,51.0,93.3,-12.0,3,9,8,5,1
2026-05-16T15:45:23.878,TRK,34.255402,-106.272231,6032.9,51.5,94.2,-14.3,3,7,6,3,0
2026-05-16T15:45:23.978,TRK,34.255395,-106.272207,6052.8,50.6,96.7,-15.1,3,9,8,5,1
2026-05-16T15:45:24.078,TRK,34.255404,-106.272181,6030.4,53.3,96.8,-20.7,3,7,6,3,0
2026-05-16T15:45:24.178,TRK,34.255376,-106.272150,6048.7,46.8,96.5,-21.4,3,8,7,4,0
2026-05-16T15:45:24.278,TRK,34.255396,-106.272149,6006.3,49.5,95.3,-17.7,3,8,7,4,0
2026-05-16T15:45:24.378,TRK,34.255420,-106.272141,6033.8,56.4,94.6,-21.8,3,9,8,5,1
2026-05-16T15:45:24.478,TRK,34.255388,-106.272097,6023.2,53.8,96.6,-14.1,3,10,9,6,2
2026-05-16T15:45:24.578,TRK,34.255401,-106.272114,6019.7,51.0,94.9,-14.5,3,9,8,5,1
2026-05-16T15:45:24.678,TRK,34.255409,-106.272107,6032.8,49.1,96.4,-12.0,3,9,8,5,1
2026-05-16T15:45:24.778,TRK,34.255401,-106.272061,6003.1,50.1,93.2,-18.4,3,9,8,5,1
2026-05-16T15:45:24.878,TRK,34.255378,-106.272030,6007.6,51.5,95.0,-11.5,3,10,9,6,2
2026-05-16T15:45:24.978,TRK,34.255394,-106.272036,6010.1,50.8,92.4,-13.8,3,8,7,4,0
2026-05-16T15:45:25.078,TRK,34.255397,-106.272001,6004.4,49.5,96.6,-20.3,3,9,8,5,1
2026-05-16T15:45:25.178,TRK,34.255366,-106.272011,6031.0,55.0,92.3,-12.8,3,9,8,5,1
2026-05-16T15:45:25.278,TRK,34.255382,-106.271966,5999.1,49.8,95.8,-22.4,3,9,8,5,1
2026-05-16T15:45:25.378,TRK,34.255387,-106.271967,6018.0,51.5,96.3,-17.2,3,9,8,5,1
2026-05-16T15:45:25.478,TRK,34.255401,-106.271948,5983.5,48.3,96.6,-17.4,3,10,9,6,2
2026-05-16T15:45:25.578,TRK,34.255364,-106.271940,5992.3,50.5,90.2,-21.7,3,9,8,5,1
2026-05-16T15:45:25.678,TRK,34.255384,-106.271922,5999.7,48.8,94.3,-19.1,3,6,5,2,0
2026-05-16T15:45:25.778,TRK,34.255364,-106.271892,5990.6,52.0,97.0,-18.4,3,10,9,6,2
2026-05-16T15:45:25.878,TRK,34.255394,-106.271885,5992.5,52.3,93.8,-10.3,3,9,8,5,1
2026-05-16T15:45:25.978,TRK,34.255368,-106.271823,6020.7,54.0,94.4,-11.6,3,8,7,4,0
2026-05-16T15:45:26.078,TRK,34.255405,-106.271858,5994.9,50.5,96.5,-18.7,3,8,7,4,0
2026-05-16T15:45:26.178,TRK,34.255368,-106.271843,6010.6,52.3,92.6,-13.0,3,8,7,4,0
2026-05-16T15:45:26.278,TRK,34.255374,-106.271809,5991.0,52.6,93.1,-18.4,3,10,9,6,2
2026-05-16T15:45:26.378,TRK,34.255386,-106.271786,5980.8,50.2,93.5,-5.6,3,7,6,3,0
2026-05-16T15:45:26.478,TRK,34.255387,-106.271762,5993.6,51.4,92.6,-20.0,3,8,7,4,0
2026-05-16T15:45:26.578,TRK,34.255386,-106.271764,5989.4,49.7,96.8,-13.7,3,10,9,6,2
2026-05-16T15:45:26.678,TRK,34.255356,-106.271761,5983.9,49.7,95.9,-14.7,3,9,8,5,1
2026-05-16T15:45:26.778,TRK,34.255360,-106.271731,5961.7,46.7,95.5,-13.0,3,9,8,5,1
2026-05-16T15:45:26.878,TRK,34.255381,-106.271695,6002.8,49.4,92.3,-16.9,3,13,12,9,5
2026-05-16T15:45:26.978,TRK,34.255367,-106.271691,5972.3,48.3,96.6,-12.3,3,10,9,6,2
2026-05-16T15:45:27.078,TRK,34.255359,-106.271668,5998.7,53.0,97.4,-13.8,3,8,7,4,0
2026-05-16T15:45:27.178,TRK,34.255340,-106.271663,5978.9,50.5,94.3,-15.8,3,8,7,4,0
2026-05-16T15:45:27.278,TRK,34.255361,-106.271647,5960.0,49.1,94.7,-15.2,3,9,8,5,1
2026-05-16T15:45:27.378,TRK,34.255340,-106.271627,5952.7,48.9,94.7,-21.7,3,6,5,2,0
2026-05-16T15:45:27.478,TRK,34.255344,-106.271611,5985.1,53.0,93.7,-22.0,3,10,9,6,2
2026-05-16T15:45:27.578,TRK,34.255349,-106.271600,5978.8,53.6,92.4,-17.6,3,9,8,5,1
2026-05-16T15:45:27.678,TRK,34.255356,-106.271562,5945.2,50.3,95.8,-25.0,3,9,8,5,1
2026-05-16T15:45:27.778,TRK,34.255364,-106.271570,5970.6,49.7,91.8,-17.0,3,9,8,5,1
2026-05-16T15:45:27.878,TRK,34.255346,-106.271553,5974.1,50.4,95.6,-17.8,3,6,5,2,0
2026-05-16T15:45:27.978,TRK,34.255351,-106.271539,5966.0,51.7,96.4,-23.1,3,9,8,5,1
2026-05-16T15:45:28.078,TRK,34.255336,-106.271505,5958.8,50.2,96.3,-15.7,3,10,9,6,2
2026-05-16T15:45:28.178,TRK,34.255349,-106.271514,5962.5,48.4,94.2,-19.6,3,10,9,6,2
2026-05-16T15:45:28.278,TRK,34.255344,-106.271458,5946.1,50.3,94.9,-16.3,3,9,8,5,1
2026-05-16T15:45:28.378,TRK,34.255353,-106.271427,5951.7,48.7,97.4,-18.8,3,10,9,6,2
2026-05-16T15:45:28.478,TRK,34.255359,-106.271454,5961.1,51.7,94.9,-16.5,3,8,7,4,0
2026-05-16T15:45:28.578,TRK,34.255352,-106.271399,5940.2,50.8,97.3,-17.3,3,8,7,4,0
2026-05-16T15:45:28.678,TRK,34.255342,-106.271412,5960.5,49.5,97.7,-20.2,3,11,10,7,3
2026-05-16T15:45:28.778,TRK,34.255322,-106.271394,5938.0,50.7,98.0,-15.1,3,9,8,5,1
2026-05-16T15:45:28.878,TRK,34.255348,-106.271392,5930.4,53.5,95.0,-14.1,3,9,8,5,1
2026-05-16T15:45:28.978,TRK,34.255323,-106.271362,5953.5,51.4,95.3,-16.3,3,9,8,5,1
2026-05-16T15:45:29.078,TRK,34.255353,-106.271354,5947.6,47.7,96.7,-14.6,3,8,7,4,0
2026-05-16T15:45:29.178,TRK,34.255353,-106.271335,5912.6,49.7,96.1,-16.6,3,9,8,5,1
2026-05-16T15:45:29.278,TRK,34.255346,-106.271279,5914.1,50.3,95.7,-20.3,3,8,7,4,0
2026-05-16T15:45:29.378,TRK,34.255332,-106.271298,5928.1,49.9,95.4,-20.1,3,10,9,6,2
2026-05-16T15:45:29.478,TRK,34.255344,-106.271286,5945.0,49.6,92.8,-19.8,3,11,10,7,3
2026-05-16T15:45:29.578,TRK,34.255339,-106.271249,5951.2,49.2,93.0,-11.1,3,9,8,5,1
2026-05-16T15:45:29.678,TRK,34.255323,-106.271257,5927.6,51.4,96.8,-19.1,3,9,8,5,1
2026-05-16T15:45:29.778,TRK,34.255327,-106.271212,5931.0,47.7,94.9,-17.4,3,8,7,4,0
2026-05-16T15:45:29.878,TRK,34.255335,-106.271221,5944.6,50.2,95.1,-21.4,3,8,7,4,0
2026-05-16T15:45:29.978,TRK,34.255339,-106.271174,5924.9,49.8,95.9,-17.1,3,7,6,3,0
2026-05-16T15:45:30.078,TRK,34.255323,-106.271164,5940.2,53.3,95.8,-14.7,3,9,8,5,1
2026-05-16T15:45:30.178,TRK,34.255328,-106.271147,5917.4,49.9,94.2,-14.0,3,10,9,6,2
2026-05-16T15:45:30.278,TRK,34.255315,-106.271179,5913.8,52.3,92.3,-16.0,3,10,9,6,2
2026-05-16T15:45:30.378,TRK,34.255324,-106.271113,5943.4,45.8,96.7,-17.8,3,10,9,6,2
2026-05-16T15:45:30.478,TRK,34.255303,-106.271120,5911.0,47.9,94.9,-14.1,3,9,8,5,1
2026-05-16T15:45:30.578,TRK,34.255321,-106.271065,5908.7,49.8,93.5,-14.4,3,7,6,3,0
2026-05-16T15:45:30.678,TRK,34.255305,-106.271092,5935.6,51.8,94.8,-14.8,3,9,8,5,1
2026-05-16T15:45:30.778,TRK,34.255294,-106.271086,5913.4,54.7,97.7,-15.1,3,9,8,5,1
2026-05-16T15:45:30.878,TRK,34.255308,-106.271055,5927.4,52.4,92.6,-12.5,3,9,8,5,1
2026-05-16T15:45:30.978,TRK,34.255315,-106.271019,5933.3,52.6,93.2,-18.5,3,12,11,8,4
2026-05-16T15:45:31.078,TRK,34.255315,-106.271003,5929.8,49.1,98.4,-19.5,3,9,8,5,1
2026-05-16T15:45:31.178,TRK,34.255319,-106.270978,5898.4,49.1,96.0,-20.8,3,8,7,4,0
2026-05-16T15:45:31.278,TRK,34.255311,-106.270994,5891.9,48.4,94.5,-14.1,3,11,10,7,3
2026-05-16T15:45:31.378,TRK,34.255335,-106.270971,5899.0,51.5,94.8,-21.9,3,8,7,4,0
2026-05-16T15:45:31.478,TRK,34.255306,-106.270931,5886.0,47.7,95.2,-15.2,3,8,7,4,0
2026-05-16T15:45:31.578,TRK,34.255324,-106.270919,5897.8,51.7,96.5,-16.5,3,8,7,4,0
2026-05-16T15:45:31.678,TRK,34.255296,-106.270888,5881.2,52.4,94.4,-12.5,3,9,8,5,1
2026-05-16T15:45:31.778,TRK,34.255320,-106.270891,5899.2,51.1,97.0,-11.4,3,8,7,4,0
2026-05-16T15:45:31.878,TRK,34.255314,-106.270870,5920.4,48.9,92.7,-14.0,3,6,5,2,0
2026-05-16T15:45:31.978,TRK,34.255295,-106.270848,5911.7,50.1,97.1,-17.6,3,9,8,5,1
2026-05-16T15:45:32.078,TRK,34.255290,-106.270833,5879.4,48.5,93.9,-18.5,3,8,7,4,0
2026-05-16T15:45:32.178,TRK,34.255295,-106.270843,5878.8,48.6,96.5,-16.9,3,11,10,7,3
2026-05-16T15:45:32.278,TRK,34.255300,-106.270836,5886.0,49.3,92.3,-16.6,3,7,6,3,0
2026-05-16T15:45:32.378,TRK,34.255294,-106.270806,5885.4,49.4,96.0,-17.5,3,9,8,5,1
2026-05-16T15:45:32.478,TRK,34.255286,-106.270764,5897.8,50.0,96.9,-15.7,3,6,5,2,0
2026-05-16T15:45:32.578,TRK,34.255327,-106.270765,5933.1,52.2,98.0,-19.7,3,9,8,5,1
2026-05-16T15:45:32.678,TRK,34.255314,-106.270724,5893.5,49.6,94.5,-16.1,3,8,7,4,0
2026-05-16T15:45:32.778,TRK,34.255305,-106.270739,5884.3,49.6,94.1,-14.2,3,8,7,4,0
2026-05-16T15:45:32.878,TRK,34.255265,-106.270717,5883.7,49.2,91.9,-10.4,3,8,7,4,0
2026-05-16T15:45:32.978,TRK,34.255294,-106.270711,5873.6,52.8,93.9,-15.8,3,8,7,4,0
2026-05-16T15:45:33.078,TRK,34.255282,-106.270670,5863.3,48.8,97.5,-20.6,3,10,9,6,2
2026-05-16T15:45:33.178,TRK,34.255294,-106.270634,5877.1,49.0,93.1,-9.9,3,8,7,4,0
2026-05-16T15:45:33.278,TRK,34.255304,-106.270665,5860.1,49.6,92.8,-17.5,3,7,6,3,0
2026-05-16T15:45:33.378,TRK,34.255302,-106.270634,5871.3,45.4,92.8,-22.5,3,9,8,5,1
2026-05-16T15:45:33.478,TRK,34.255284,-106.270622,5884.6,50.9,97.3,-18.8,3,10,9,6,2
2026-05-16T15:45:33.578,TRK,34.255286,-106.270600,5881.4,46.8,97.6,-16.6,3,10,9,6,2
2026-05-16T15:45:33.678,TRK,34.255285,-106.270588,5840.7,48.3,93.9,-14.7,3,10,9,6,2
2026-05-16T15:45:33.778,TRK,34.255292,-106.270560,5867.0,47.9,94.2,-17.1,3,10,9,6,2
2026-05-16T15:45:33.878,TRK,34.255298,-106.270563,5847.7,48.6,95.5,-9.6,3,8,7,4,0
2026-05-16T15:45:33.978,TRK,34.255291,-106.270519,5837.6,51.3,94.8,-18.2,3,10,9,6,2
2026-05-16T15:45:34.078,TRK,34.255285,-106.270514,5873.5,46.4,96.0,-15.1,3,6,5,2,0
2026-05-16T15:45:34.178,TRK,34.255277,-106.270492,5870.9,46.7,93.1,-20.9,3,5,4,1,0
2026-05-16T15:45:34.278,TRK,34.255271,-106.270478,5846.5,46.9,97.9,-17.8,3,12,11,8,4
2026-05-16T15:45:34.378,TRK,34.255291,-106.270454,5832.7,48.8,94.3,-17.5,3,9,8,5,1
2026-05-16T15:45:34.478,TRK,34.255277,-106.270435,5845.7,48.4,92.7,-14.1,3,9,8,5,1
2026-05-16T15:45:34.578,TRK,34.255273,-106.270445,5836.3,50.1,98.5,-18.9,3,10,9,6,2
2026-05-16T15:45:34.678,TRK,34.255251,-106.270435,5824.9,45.0,94.8,-14.2,3,9,8,5,1
2026-05-16T15:45:34.778,TRK,34.255269,-106.270420,5856.6,48.0,96.2,-11.4,3,7,6,3,0
2026-05-16T15:45:34.878,TRK,34.255268,-106.270404,5841.3,46.5,92.7,-23.8,3,9,8,5,1
2026-05-16T15:45:34.978,TRK,34.255279,-106.270405,5829.8,46.2,94.4,-13.1,3,8,7,4,0
2026-05-16T15:45:35.078,TRK,34.255275,-106.270363,5832.2,50.0,95.5,-11.9,3,9,8,5,1
2026-05-16T15:45:35.178,TRK,34.255256,-106.270352,5833.7,46.7,92.1,-11.7,3,7,6,3,0
2026-05-16T15:45:35.278,TRK,34.255266,-106.270353,5851.0,50.3,94.0,-19.4,3,10,9,6,2
2026-05-16T15:45:35.378,TRK,34.255276,-106.270326,5863.3,47.4,92.1,-16.1,3,8,7,4,0
2026-05-16T15:45:35.478,TRK,34.255265,-106.270302,5837.0,47.9,93.6,-14.9,3,11,10,7,3
2026-05-16T15:45:35.578,TRK,34.255248,-106.270267,5853.3,44.9,93.1,-11.8,3,8,7,4,0
2026-05-16T15:45:35.678,TRK,34.255251,-106.270268,5836.0,47.6,92.5,-10.7,3,7,6,3,0
2026-05-16T15:45:35.778,TRK,34.255264,-106.270239,5821.7,48.9,94.0,-13.2,3,9,8,5,1
2026-05-16T15:45:35.878,TRK,34.255268,-106.270231,5819.7,51.4,93.1,-12.4,3,7,6,3,0
2026-05-16T15:45:35.978,TRK,34.255259,-106.270221,5826.5,47.0,96.0,-19.9,3,9,8,5,1
2026-05-16T15:45:36.078,TRK,34.255241,-106.270196,5830.7,47.3,93.4,-10.8,3,10,9,6,2
2026-05-16T15:45:36.178,TRK,34.255235,-106.270178,5805.1,48.6,99.2,-15.7,3,7,6,3,0
2026-05-16T15:45:36.278,TRK,34.255236,-106.270164,5825.5,49.3,96.6,-20.1,3,10,9,6,2
2026-05-16T15:45:36.378,TRK,34.255261,-106.270151,5834.4,43.7,95.0,-17.7,3,11,10,7,3
2026-05-16T15:45:36.478,TRK,34.255255,-106.270120,5820.3,47.5,93.1,-16.3,3,8,7,4,0
2026-05-16T15:45:36.578,TRK,34.255259,-106.270103,5812.1,48.1,96.8,-20.9,3,11,10,7,3
2026-05-16T15:45:36.678,TRK,34.255243,-106.270093,5816.0,47.7,97.1,-16.5,3,9,8,5,1
2026-05-16T15:45:36.778,TRK,34.255256,-106.270072,5818.7,48.2,94.8,-16.0,3,7,6,3,0
2026-05-16T15:45:36.878,TRK,34.255259,-106.270071,5820.5,48.1,93.4,-15.0,3,8,7,4,0
2026-05-16T15:45:36.978,TRK,34.255257,-106.270066,5803.8,49.1,95.2,-11.3,3,8,7,4,0
2026-05-16T15:45:37.078,TRK,34.255242,-106.270044,5794.1,47.6,97.4,-17.8,3,7,6,3,0
2026-05-16T15:45:37.178,TRK,34.255228,-106.270044,5815.0,47.3,97.6,-14.5,3,7,6,3,0
2026-05-16T15:45:37.278,TRK,34.255221,-106.269999,5791.9,44.8,96.2,-15.0,3,10,9,6,2
2026-05-16T15:45:37.378,TRK,34.255232,-106.269995,5809.8,49.1,91.8,-18.3,3,8,7,4,0
2026-05-16T15:45:37.478,TRK,34.255231,-106.269987,5799.6,47.1,97.4,-18.6,3,7,6,3,0
2026-05-16T15:45:37.578,TRK,34.255210,-106.269965,5800.2,46.7,96.7,-16.6,3,10,9,6,2
2026-05-16T15:45:37.678,TRK,34.255216,-106.269915,5799.0,51.1,96.1,-20.3,3,7,6,3,0
2026-05-16T15:45:37.778,TRK,34.255221,-106.269930,5808.9,50.0,98.9,-19.9,3,9,8,5,1
2026-05-16T15:45:37.878,TRK,34.255255,-106.269924,5781.0,47.4,94.4,-15.9,3,9,8,5,1
2026-05-16T15:45:37.978,TRK,34.255239,-106.269889,5788.1,46.0,94.7,-23.9,3,11,10,7,3
2026-05-16T15:45:38.078,TRK,34.255233,-106.269883,5800.4,48.0,95.8,-12.9,3,9,8,5,1
2026-05-16T15:45:38.178,TRK,34.255239,-106.269851,5804.5,48.9,96.0,-20.5,3,11,10,7,3
2026-05-16T15:45:38.278,TRK,34.255221,-106.269848,5804.8,50.3,96.4,-16.3,3,9,8,5,1
2026-05-16T15:45:38.378,TRK,34.255231,-106.269820,5795.3,49.1,93.4,-14.8,3,9,8,5,1
2026-05-16T15:45:38.478,TRK,34.255235,-106.269814,5768.1,50.8,94.6,-16.6,3,9,8,5,1
2026-05-16T15:45:38.578,TRK,34.255237,-106.269786,5766.8,47.0,95.6,-18.6,3,11,10,7,3
2026-05-16T15:45:38.678,TRK,34.255218,-106.269757,5789.8,49.2,99.5,-22.9,3,8,7,4,0
2026-05-16T15:45:38.778,TRK,34.255222,-106.269777,5784.9,48.9,95.7,-16.1,3,10,9,6,2
2026-05-16T15:45:38.878,TRK,34.255212,-106.269766,5791.4,47.0,95.2,-13.8,3,7,6,3,0
2026-05-16T15:45:38.978,TRK,34.255226,-106.269723,5764.9,50.3,96.7,-14.4,3,6,5,2,0
2026-05-16T15:45:39.078,TRK,34.255220,-106.269730,5796.3,46.4,95.0,-14.3,3,8,7,4,0
2026-05-16T15:45:39.178,TRK,34.255194,-106.269663,5762.5,48.5,91.6,-15.3,3,9,8,5,1
2026-05-16T15:45:39.278,TRK,34.255238,-106.269680,5797.4,45.9,97.6,-14.2,3,7,6,3,0
2026-05-16T15:45:39.378,TRK,34.255227,-106.269666,5761.6,48.5,98.1,-13.3,3,11,10,7,3
2026-05-16T15:45:39.478,TRK,34.255218,-106.269686,5751.2,47.7,95.6,-19.7,3,9,8,5,1
2026-05-16T15:45:39.578,TRK,34.255234,-106.269637,5784.9,48.0,93.5,-16.8,3,8,7,4,0
2026-05-16T15:45:39.678,TRK,34.255211,-106.269633,5750.5,49.5,94.4,-18.5,3,10,9,6,2
2026-05-16T15:45:39.778,TRK,34.255213,-106.269629,5756.6,46.2,90.9,-15.3,3,7,6,3,0
2026-05-16T15:45:39.878,TRK,34.255208,-106.269586,5743.0,49.8,94.3,-14.3,3,7,6,3,0
2026-05-16T15:45:39.978,TRK,34.255213,-106.269593,5771.7,47.6,96.3,-12.1,3,8,7,4,0
2026-05-16T15:45:40.078,TRK,34.255211,-106.269568,5751.2,48.4,93.6,-15.1,3,9,8,5,1
2026-05-16T15:45:40.178,TRK,34.255198,-106.269538,5780.7,48.5,92.7,-16.7,3,11,10,7,3
2026-05-16T15:45:40.278,TRK,34.255206,-106.269506,5745.1,47.9,93.4,-15.0,3,12,11,8,4
2026-05-16T15:45:40.378,TRK,34.255195,-106.269502,5748.4,48.1,98.0,-16.6,3,9,8,5,1
2026-05-16T15:45:40.478,TRK,34.255238,-106.269488,5758.7,45.9,96.5,-10.9,3,11,10,7,3
2026-05-16T15:45:40.578,TRK,34.255214,-106.269488,5751.9,45.3,92.5,-18.7,3,10,9,6,2
2026-05-16T15:45:40.678,TRK,34.255215,-106.269473,5735.4,49.6,97.2,-17.1,3,10,9,6,2
2026-05-16T15:45:40.778,TRK,34.255216,-106.269470,5755.8,45.0,94.6,-23.5,3,10,9,6,2
2026-05-16T15:45:40.878,TRK,34.255219,-106.269443,5727.2,43.7,92.8,-10.4,3,7,6,3,0
2026-05-16T15:45:40.978,TRK,34.255195,-106.269436,5748.8,46.0,92.8,-20.2,3,6,5,2,0
2026-05-16T15:45:41.078,TRK,34.255213,-106.269412,5704.6,48.9,91.9,-10.6,3,9,8,5,1
2026-05-16T15:45:41.178,TRK,34.255190,-106.269364,5741.8,46.4,96.4,-24.7,3,9,8,5,1
2026-05-16T15:45:41.278,TRK,34.255214,-106.269389,5757.3,47.7,94.9,-13.1,3,10,9,6,2
2026-05-16T15:45:41.378,TRK,34.255196,-106.269342,5746.6,44.9,96.8,-13.2,3,9,8,5,1
2026-05-16T15:45:41.478,TRK,34.255198,-106.269355,5718.6,48.9,95.8,-18.4,3,9,8,5,1
2026-05-16T15:45:41.578,TRK,34.255184,-106.269330,5736.1,44.4,89.3,-13.8,3,9,8,5,1
2026-05-16T15:45:41.678,TRK,34.255182,-106.269292,5741.8,47.5,97.1,-16.7,3,12,11,8,4
2026-05-16T15:45:41.778,TRK,34.255188,-106.269311,5762.3,47.5,97.0,-13.4,3,11,10,7,3
2026-05-16T15:45:41.878,TRK,34.255196,-106.269297,5734.7,50.9,99.2,-20.9,3,9,8,5,1
2026-05-16T15:45:41.978,TRK,34.255198,-106.269266,5714.9,47.0,94.9,-12.8,3,10,9,6,2
2026-05-16T15:45:42.078,TRK,34.255174,-106.269231,5707.7,44.2,95.3,-12.6,3,7,6,3,0
2026-05-16T15:45:42.178,TRK,34.255165,-106.269251,5701.3,50.1,94.8,-17.5,3,8,7,4,0
2026-05-16T15:45:42.278,TRK,34.255177,-106.269210,5730.5,46.8,95.7,-21.3,3,11,10,7,3
2026-05-16T15:45:42.378,TRK,34.255178,-106.269202,5712.6,45.0,95.1,-20.0,3,9,8,5,1
2026-05-16T15:45:42.478,TRK,34.255192,-106.269184,5703.6,45.4,91.5,-22.2,3,9,8,5,1
2026-05-16T15:45:42.578,TRK,34.255199,-106.269158,5726.3,44.5,90.1,-14.8,3,9,8,5,1
2026-05-16T15:45:42.678,TRK,34.255168,-106.269161,5694.6,49.0,96.5,-16.9,3,11,10,7,3
2026-05-16T15:45:42.778,TRK,34.255174,-106.269132,5724.5,48.3,94.8,-18.4,3,11,10,7,3
2026-05-16T15:45:42.878,TRK,34.255165,-106.269142,5711.0,45.8,92.9,-18.3,3,7,6,3,0
2026-05-16T15:45:42.978,TRK,34.255194,-106.269136,5723.9,46.7,92.7,-17.2,3,10,9,6,2
2026-05-16T15:45:43.078,TRK,34.255172,-106.269099,5706.5,46.3,93.2,-24.1,3,10,9,6,2
2026-05-16T15:45:43.178,TRK,34.255163,-106.269090,5695.9,50.8,93.5,-22.1,3,10,9,6,2
2026-05-16T15:45:43.278,TRK,34.255188,-106.269085,5700.5,44.1,93.1,-16.3,3,7,6,3,0
2026-05-16T15:45:43.378,TRK,34.255178,-106.269069,5700.6,44.9,95.3,-15.2,3,7,6,3,0
2026-05-16T15:45:43.478,TRK,34.255179,-106.269044,5680.4,44.6,97.1,-20.3,3,9,8,5,1
2026-05-16T15:45:43.578,TRK,34.255173,-106.269035,5689.6,44.1,98.0,-14.4,3,8,7,4,0
2026-05-16T15:45:43.678,TRK,34.255166,-106.269003,5697.0,45.6,95.3,-13.8,3,9,8,5,1
2026-05-16T15:45:43.778,TRK,34.255171,-106.268999,5701.5,44.4,99.1,-14.2,3,9,8,5,1
2026-05-16T15:45:43.878,TRK,34.255150,-106.268987,5661.1,48.5,92.0,-15.2,3,10,9,6,2
2026-05-16T15:45:43.978,TRK,34.255173,-106.268958,5689.4,46.9,92.7,-14.6,3,11,10,7,3
2026-05-16T15:45:44.078,TRK,34.255182,-106.268972,5691.7,46.4,95.9,-15.0,3,12,11,8,4
2026-05-16T15:45:44.178,TRK,34.255177,-106.268943,5697.5,44.5,96.1,-18.7,3,10,9,6,2
2026-05-16T15:45:44.278,TRK,34.255170,-106.268927,5678.5,45.1,94.6,-22.0,3,12,11,8,4
2026-05-16T15:45:44.378,TRK,34.255159,-106.268913,5664.8,44.7,98.9,-13.5,3,10,9,6,2
2026-05-16T15:45:44.478,TRK,34.255170,-106.268873,5683.1,49.7,96.7,-19.1,3,12,11,8,4
2026-05-16T15:45:44.578,TRK,34.255159,-106.268864,5705.9,45.9,92.4,-21.9,3,10,9,6,2
2026-05-16T15:45:44.678,TRK,34.255172,-106.268854,5674.5,45.6,95.8,-17.1,3,10,9,6,2
2026-05-16T15:45:44.778,TRK,34.255186,-106.268843,5663.7,46.6,93.4,-18.0,3,10,9,6,2
2026-05-16T15:45:44.878,TRK,34.255150,-106.268822,5682.6,46.6,96.2,-20.0,3,9,8,5,1
2026-05-16T15:45:44.978,TRK,34.255159,-106.268807,5663.4,44.2,91.5,-16.4,3,8,7,4,0
2026-05-16T15:45:45.078,TRK,34.255184,-106.268800,5671.8,46.8,93.4,-19.0,3,12,11,8,4
2026-05-16T15:45:45.178,TRK,34.255154,-106.268798,5655.8,45.4,92.6,-15.3,3,10,9,6,2
2026-05-16T15:45:45.278,TRK,34.255145,-106.268769,5674.8,44.9,93.3,-15.4,3,12,11,8,4
2026-05-16T15:45:45.378,TRK,34.255144,-106.268761,5682.6,47.0,94.4,-19.4,3,8,7,4,0
2026-05-16T15:45:45.478,TRK,34.255137,-106.268724,5672.4,43.8,90.5,-16.9,3,9,8,5,1
2026-05-16T15:45:45.578,TRK,34.255156,-106.268692,5657.5,45.7,91.5,-14.9,3,9,8,5,1
2026-05-16T15:45:45.678,TRK,34.255148,-106.268690,5667.0,47.8,91.5,-17.8,3,7,6,3,0
2026-05-16T15:45:45.778,TRK,34.255155,-106.268702,5643.5,47.3,90.3,-17.1,3,8,7,4,0
2026-05-16T15:45:45.878,TRK,34.255131,-106.268658,5651.7,46.6,95.0,-14.7,3,7,6,3,0
2026-05-16T15:45:45.978,TRK,34.255139,-106.268685,5649.8,45.3,94.3,-20.1,3,9,8,5,1
2026-05-16T15:45:46.078,TRK,34.255164,-106.268662,5654.1,42.7,93.8,-12.0,3,9,8,5,1
2026-05-16T15:45:46.178,TRK,34.255150,-106.268640,5647.0,48.8,95.7,-16.5,3,9,8,5,1
2026-05-16T15:45:46.278,TRK,34.255122,-106.268605,5630.4,44.7,92.3,-19.4,3,8,7,4,0
2026-05-16T15:45:46.378,TRK,34.255121,-106.268589,5627.8,45.2,96.2,-25.0,3,10,9,6,2
2026-05-16T15:45:46.478,TRK,34.255158,-106.268605,5631.7,43.4,93.0,-11.6,3,8,7,4,0
2026-05-16T15:45:46.578,TRK,34.255143,-106.268585,5647.8,45.9,95.3,-6.7,3,9,8,5,1
2026-05-16T15:45:46.678,TRK,34.255133,-106.268553,5648.9,44.9,92.0,-21.0,3,8,7,4,0
2026-05-16T15:45:46.778,TRK,34.255133,-106.268548,5639.1,47.5,97.3,-14.2,3,9,8,5,1
2026-05-16T15:45:46.878,TRK,34.255140,-106.268527,5635.2,43.1,103.8,-18.0,3,9,8,5,1
2026-05-16T15:45:46.978,TRK,34.255129,-106.268492,5660.6,45.9,97.0,-14.4,3,7,6,3,0
2026-05-16T15:45:47.078,TRK,34.255132,-106.268472,5619.2,47.0,92.8,-15.0,3,8,7,4,0
2026-05-16T15:45:47.178,TRK,34.255133,-106.268468,5654.5,44.3,99.4,-17.5,3,11,10,7,3
2026-05-16T15:45:47.278,TRK,34.255140,-106.268469,5603.8,49.0,93.4,-20.1,3,10,9,6,2
2026-05-16T15:45:47.378,TRK,34.255111,-106.268459,5606.1,43.9,94.7,-14.3,3,10,9,6,2
2026-05-16T15:45:47.478,TRK,34.255118,-106.268424,5627.1,44.1,94.5,-14.0,3,10,9,6,2
2026-05-16T15:45:47.578,TRK,34.255138,-106.268401,5629.2,46.8,93.2,-23.6,3,9,8,5,1
2026-05-16T15:45:47.678,TRK,34.255130,-106.268426,5633.1,46.0,94.9,-20.5,3,10,9,6,2
2026-05-16T15:45:47.778,TRK,34.255141,-106.268389,5627.6,42.6,92.0,-15.4,3,9,8,5,1
2026-05-16T15:45:47.878,TRK,34.255125,-106.268378,5610.5,46.4,93.1,-15.0,3,9,8,5,1
2026-05-16T15:45:47.978,TRK,34.255127,-106.268348,5620.9,45.2,93.2,-17.9,3,12,11,8,4
2026-05-16T15:45:48.078,TRK,34.255116,-106.268365,5624.8,47.6,95.5,-15.7,3,9,8,5,1
2026-05-16T15:45:48.178,TRK,34.255117,-106.268303,5633.3,47.6,97.9,-19.0,3,11,10,7,3
2026-05-16T15:45:48.278,TRK,34.255123,-106.268322,5608.9,48.8,95.8,-21.0,3,9,8,5,1
2026-05-16T15:45:48.378,TRK,34.255112,-106.268303,5621.9,45.5,93.8,-16.6,3,10,9,6,2
2026-05-16T15:45:48.478,TRK,34.255118,-106.268254,5603.2,42.7,93.0,-22.0,3,9,8,5,1
2026-05-16T15:45:48.578,TRK,34.255118,-106.268258,5615.7,47.9,93.8,-10.6,3,10,9,6,2
2026-05-16T15:45:48.678,TRK,34.255132,-106.268249,5595.1,43.6,93.3,-19.7,3,10,9,6,2
2026-05-16T15:45:48.778,TRK,34.255140,-106.268234,5593.9,44.3,93.6,-17.3,3,9,8,5,1
2026-05-16T15:45:48.878,TRK,34.255123,-106.268215,5606.1,43.8,93.8,-9.4,3,8,7,4,0
2026-05-16T15:45:48.978,TRK,34.255095,-106.268205,5597.4,41.7,92.7,-19.8,3,9,8,5,1
2026-05-16T15:45:49.078,TRK,34.255103,-106.268193,5613.6,50.2,95.0,-14.0,3,8,7,4,0
2026-05-16T15:45:49.178,TRK,34.255125,-106.268139,5605.3,44.5,93.3,-13.1,3,11,10,7,3
2026-05-16T15:45:49.278,TRK,34.255119,-106.268167,5592.2,45.3,94.4,-15.6,3,7,6,3,0
2026-05-16T15:45:49.378,TRK,34.255113,-106.268152,5587.4,47.1,92.7,-21.8,3,9,8,5,1
2026-05-16T15:45:49.478,TRK,34.255114,-106.268160,5605.1,42.9,95.8,-24.1,3,11,10,7,3
2026-05-16T15:45:49.578,TRK,34.255094,-106.268115,5603.4,44.3,95.4,-18.2,3,8,7,4,0
2026-05-16T15:45:49.678,TRK,34.255103,-106.268091,5574.5,43.6,97.7,-15.2,3,9,8,5,1
2026-05-16T15:45:49.778,TRK,34.255100,-106.268093,5601.5,42.0,99.6,-20.1,3,7,6,3,0
2026-05-16T15:45:49.878,TRK,34.255101,-106.268066,5598.3,43.7,93.4,-7.9,3,9,8,5,1
2026-05-16T15:45:49.978,TRK,34.255072,-106.268038,5578.1,46.2,93.5,-18.1,3,11,10,7,3
2026-05-16T15:45:50.078,TRK,34.255083,-106.268061,5594.7,43.7,91.9,-18.8,3,9,8,5,1
2026-05-16T15:45:50.178,TRK,34.255088,-106.268019,5594.4,44.4,96.1,-21.6,3,10,9,6,2
2026-05-16T15:45:50.278,TRK,34.255100,-106.268001,5567.5,45.3,96.9,-19.5,3,8,7,4,0
2026-05-16T15:45:50.378,TRK,34.255082,-106.267993,5588.4,44.9,94.1,-17.0,3,10,9,6,2
2026-05-16T15:45:50.478,TRK,34.255086,-106.267968,5593.1,45.2,97.3,-22.0,3,7,6,3,0
2026-05-16T15:45:50.578,TRK,34.255078,-106.267949,5589.7,44.0,92.0,-14.6,3,11,10,7,3
2026-05-16T15:45:50.678,TRK,34.255085,-106.267936,5574.7,39.5,95.7,-15.1,3,9,8,5,1
2026-05-16T15:45:50.778,TRK,34.255104,-106.267925,5565.9,45.5,96.4,-20.3,3,7,6,3,0
2026-05-16T15:45:50.878,TRK,34.255090,-106.267914,5552.2,47.4,91.9,-17.7,3,6,5,2,0
2026-05-16T15:45:50.978,TRK,34.255102,-106.267897,5586.9,41.9,93.4,-17.7,3,10,9,6,2
2026-05-16T15:45:51.078,TRK,34.255085,-106.267891,5562.4,48.6,92.1,-16.4,3,9,8,5,1
2026-05-16T15:45:51.178,TRK,34.255091,-106.267897,5576.8,47.2,96.1,-10.7,3,8,7,4,0
2026-05-16T15:45:51.278,TRK,34.255088,-106.267866,5575.6,46.3,95.1,-11.7,3,11,10,7,3
2026-05-16T15:45:51.378,TRK,34.255087,-106.267863,5580.7,45.0,95.5,-20.4,3,9,8,5,1
2026-05-16T15:45:51.478,TRK,34.255091,-106.267854,5554.8,42.3,93.9,-15.2,3,10,9,6,2
2026-05-16T15:45:51.578,TRK,34.255085,-106.267852,5566.0,46.1,93.8,-15.6,3,8,7,4,0
2026-05-16T15:45:51.678,TRK,34.255076,-106.267811,5555.7,47.0,94.6,-21.4,3,7,6,3,0
2026-05-16T15:45:51.778,TRK,34.255056,-106.267776,5539.9,42.7,93.1,-17.0,3,10,9,6,2
2026-05-16T15:45:51.878,TRK,34.255061,-106.267767,5535.7,45.4,92.6,-13.5,3,9,8,5,1
2026-05-16T15:45:51.978,TRK,34.255059,-106.267773,5555.2,42.9,94.0,-15.5,3,10,9,6,2
2026-05-16T15:45:52.078,TRK,34.255060,-106.267742,5558.2,44.5,96.9,-16.5,3,8,7,4,0
2026-05-16T15:45:52.178,TRK,34.255080,-106.267719,5554.2,43.2,90.8,-16.4,3,12,11,8,4
2026-05-16T15:45:52.278,TRK,34.255100,-106.267720,5563.9,44.8,95.5,-15.9,3,10,9,6,2
2026-05-16T15:45:52.378,TRK,34.255073,-106.267704,5538.0,46.0,97.5,-15.0,3,10,9,6,2
2026-05-16T15:45:52.478,TRK,34.255076,-106.267677,5547.5,42.2,97.2,-18.1,3,9,8,5,1
2026-05-16T15:45:52.578,TRK,34.255070,-106.267708,5562.7,45.4,92.8,-15.9,3,11,10,7,3
2026-05-16T15:45:52.678,TRK,34.255080,-106.267646,5552.6,42.5,97.2,-22.0,3,10,9,6,2
2026-05-16T15:45:52.778,TRK,34.255069,-106.267644,5513.2,45.4,91.4,-21.9,3,8,7,4,0
2026-05-16T15:45:52.878,TRK,34.255077,-106.267658,5554.4,46.0,93.9,-15.1,3,9,8,5,1
2026-05-16T15:45:52.978,TRK,34.255055,-106.267626,5537.2,45.7,90.7,-11.1,3,8,7,4,0
2026-05-16T15:45:53.078,TRK,34.255080,-106.267634,5540.0,41.4,98.8,-17.6,3,11,10,7,3
2026-05-16T15:45:53.178,TRK,34.255039,-106.267582,5543.8,42.4,92.9,-19.0,3,8,7,4,0
2026-05-16T15:45:53.278,TRK,34.255052,-106.267549,5519.5,44.8,97.3,-21.7,3,9,8,5,1
2026-05-16T15:45:53.378,TRK,34.255042,-106.267550,5530.4,44.2,96.8,-8.5,3,11,10,7,3
2026-05-16T15:45:53.478,TRK,34.255070,-106.267516,5520.7,42.6,94.1,-23.1,3,7,6,3,0
2026-05-16T15:45:53.578,TRK,34.255052,-106.267533,5511.1,45.4,92.7,-29.2,3,7,6,3,0
2026-05-16T15:45:53.678,TRK,34.255051,-106.267512,5523.7,43.6,91.8,-10.5,3,8,7,4,0
2026-05-16T15:45:53.778,TRK,34.255049,-106.267494,5515.6,43.7,96.3,-16.0,3,10,9,6,2
2026-05-16T15:45:53.878,TRK,34.255035,-106.267507,5508.4,48.0,95.1,-13.9,3,8,7,4,0
2026-05-16T15:45:53.978,TRK,34.255045,-106.267463,5522.6,45.1,96.0,-12.2,3,8,7,4,0
2026-05-16T15:45:54.078,TRK,34.255050,-106.267458,5497.9,47.6,96.5,-13.9,3,7,6,3,0
2026-05-16T15:45:54.178,TRK,34.255060,-106.267445,5524.3,45.7,94.4,-21.4,3,6,5,2,0
2026-05-16T15:45:54.278,TRK,34.255045,-106.267423,5525.7,42.9,93.9,-18.1,3,10,9,6,2
2026-05-16T15:45:54.378,TRK,34.255060,-106.267415,5506.6,41.5,89.9,-16.6,3,8,7,4,0
2026-05-16T15:45:54.478,TRK,34.255054,-106.267376,5507.1,42.2,91.8,-15.9,3,9,8,5,1
2026-05-16T15:45:54.578,TRK,34.255030,-106.267379,5503.6,43.2,96.7,-15.8,3,8,7,4,0
2026-05-16T15:45:54.678,TRK,34.255051,-106.267356,5505.0,41.6,97.7,-14.0,3,11,10,7,3
2026-05-16T15:45:54.778,TRK,34.255067,-106.267329,5523.5,40.5,93.1,-4.6,3,10,9,6,2
2026-05-16T15:45:54.878,TRK,34.255045,-106.267330,5504.9,46.8,93.8,-17.8,3,8,7,4,0
2026-05-16T15:45:54.978,TRK,34.255044,-106.267329,5510.6,41.9,93.9,-16.1,3,9,8,5,1
2026-05-16T15:45:55.078,TRK,34.255034,-106.267313,5507.2,43.5,93.7,-14.8,3,10,9,6,2
2026-05-16T15:45:55.178,TRK,34.255061,-106.267309,5514.9,44.7,96.4,-12.7,3,10,9,6,2
2026-05-16T15:45:55.278,TRK,34.255038,-106.267271,5509.2,40.7,97.7,-19.2,3,10,9,6,2
2026-05-16T15:45:55.378,TRK,34.255042,-106.267293,5487.2,45.2,92.6,-18.0,3,10,9,6,2
2026-05-16T15:45:55.478,TRK,34.255068,-106.267237,5519.1,43.6,97.2,-20.5,3,8,7,4,0
2026-05-16T15:45:55.578,TRK,34.255036,-106.267256,5503.8,46.0,97.3,-18.0,3,11,10,7,3
2026-05-16T15:45:55.678,TRK,34.255027,-106.267215,5505.3,39.2,96.0,-13.9,3,10,9,6,2
2026-05-16T15:45:55.778,TRK,34.255030,-106.267203,5492.0,39.1,93.5,-16.6,3,7,6,3,0
2026-05-16T15:45:55.878,TRK,34.255054,-106.267194,5487.8,41.2,94.9,-17.0,3,10,9,6,2
2026-05-16T15:45:55.978,TRK,34.255037,-106.267199,5480.1,44.1,94.5,-14.0,3,8,7,4,0
2026-05-16T15:45:56.078,TRK,34.255041,-106.267188,5472.3,43.6,95.7,-21.2,3,8,7,4,0
2026-05-16T15:45:56.178,TRK,34.255026,-106.267149,5474.7,43.8,93.1,-22.5,3,9,8,5,1
2026-05-16T15:45:56.278,TRK,34.255025,-106.267134,5475.2,42.7,91.0,-17.1,3,9,8,5,1
2026-05-16T15:45:56.378,TRK,34.255026,-106.267151,5486.9,44.7,96.6,-16.0,3,8,7,4,0
2026-05-16T15:45:56.478,TRK,34.255037,-106.267110,5470.9,46.5,95.9,-15.8,3,8,7,4,0
2026-05-16T15:45:56.578,TRK,34.255030,-106.267109,5477.5,43.1,96.3,-17.5,3,9,8,5,1
2026-05-16T15:45:56.678,TRK,34.255044,-106.267082,5518.2,44.4,94.7,-18.8,3,10,9,6,2
2026-05-16T15:45:56.778,TRK,34.255022,-106.267045,5474.8,42.9,98.4,-17.8,3,9,8,5,1
2026-05-16T15:45:56.878,TRK,34.255026,-106.267080,5463.5,42.8,91.5,-10.6,3,11,10,7,3
2026-05-16T15:45:56.978,TRK,34.255038,-106.267047,5453.5,41.2,94.2,-14.5,3,9,8,5,1
2026-05-16T15:45:57.078,TRK,34.255040,-106.267040,5442.0,42.8,92.7,-20.9,3,11,10,7,3
2026-05-16T15:45:57.178,TRK,34.255009,-106.267020,5470.3,40.6,90.7,-18.1,3,11,10,7,3
2026-05-16T15:45:57.278,TRK,34.255019,-106.267001,5455.2,43.1,93.9,-22.9,3,12,11,8,4
2026-05-16T15:45:57.378,TRK,34.255015,-106.266974,5483.9,44.4,99.7,-16.4,3,10,9,6,2
2026-05-16T15:45:57.478,TRK,34.255014,-106.266953,5457.8,43.4,95.1,-18.3,3,9,8,5,1
2026-05-16T15:45:57.578,TRK,34.255011,-106.266955,5432.1,42.3,96.3,-18.6,3,11,10,7,3
2026-05-16T15:45:57.678,TRK,34.255032,-106.266960,5474.3,42.4,93.6,-12.5,3,8,7,4,0
2026-05-16T15:45:57.778,TRK,34.255023,-106.266941,5455.6,40.7,95.0,-11.6,3,8,7,4,0
2026-05-16T15:45:57.878,TRK,34.255014,-106.266918,5475.9,41.9,89.5,-18.4,3,8,7,4,0
2026-05-16T15:45:57.978,TRK,34.255007,-106.266905,5477.7,44.0,92.9,-21.8,3,11,10,7,3
2026-05-16T15:45:58.078,TRK,34.255025,-106.266871,5438.3,46.9,94.5,-20.1,3,11,10,7,3
2026-05-16T15:45:58.178,TRK,34.255026,-106.266857,5448.7,42.5,93.8,-22.1,3,7,6,3,0
2026-05-16T15:45:58.278,TRK,34.255007,-106.266886,5446.7,41.3,97.6,-15.0,3,9,8,5,1
2026-05-16T15:45:58.378,TRK,34.255001,-106.266820,5449.8,41.6,99.0,-13.1,3,9,8,5,1
2026-05-16T15:45:58.478,TRK,34.254995,-106.266829,5447.5,39.8,96.2,-23.0,3,10,9,6,2
2026-05-16T15:45:58.578,TRK,34.255022,-106.266828,5435.8,44.5,94.9,-18.3,3,9,8,5,1
2026-05-16T15:45:58.678,TRK,34.255010,-106.266792,5445.4,43.2,94.4,-19.1,3,8,7,4,0
2026-05-16T15:45:58.778,TRK,34.255009,-106.266792,5453.5,44.1,93.8,-16.4,3,10,9,6,2
2026-05-16T15:45:58.878,TRK,34.255012,-106.266751,5438.3,43.4,95.3,-19.8,3,9,8,5,1
2026-05-16T15:45:58.978,TRK,34.255013,-106.266785,5440.3,42.5,98.5,-20.9,3,9,8,5,1
2026-05-16T15:45:59.078,TRK,34.255012,-106.266714,5442.1,42.1,97.6,-12.8,3,8,7,4,0
2026-05-16T15:45:59.178,TRK,34.255013,-106.266734,5420.2,42.7,92.9,-10.9,3,9,8,5,1
2026-05-16T15:45:59.278,TRK,34.255004,-106.266712,5426.3,46.0,96.7,-13.5,3,10,9,6,2
2026-05-16T15:45:59.378,TRK,34.255026,-106.266710,5431.8,42.3,91.6,-14.7,3,9,8,5,1
2026-05-16T15:45:59.478,TRK,34.254988,-106.266694,5449.8,43.0,98.1,-21.0,3,11,10,7,3
2026-05-16T15:45:59.578,TRK,34.255003,-106.266689,5401.9,44.2,94.6,-15.8,3,11,10,7,3
2026-05-16T15:45:59.678,TRK,34.254992,-106.266661,5431.7,38.1,93.9,-11.7,3,8,7,4,0
2026-05-16T15:45:59.778,TRK,34.254982,-106.266632,5419.4,45.4,94.4,-13.7,3,8,7,4,0
2026-05-16T15:45:59.878,TRK,34.255013,-106.266652,5391.8,39.8,94.2,-12.8,3,9,8,5,1
2026-05-16T15:45:59.978,TRK,34.255007,-106.266617,5422.7,40.0,95.1,-16.4,3,11,10,7,3
2026-05-16T15:46:00.078,TRK,34.254988,-106.266625,5412.2,42.3,92.4,-12.2,3,9,8,5,1
2026-05-16T15:46:00.178,TRK,34.254995,-106.266591,5438.8,41.4,95.8,-21.5,3,12,11,8,4
2026-05-16T15:46:00.278,TRK,34.254977,-106.266593,5414.8,41.8,92.9,-11.1,3,10,9,6,2
2026-05-16T15:46:00.378,TRK,34.254979,-106.266590,5408.9,43.6,97.3,-18.1,3,10,9,6,2
2026-05-16T15:46:00.478,TRK,34.255013,-106.266555,5430.3,41.5,94.5,-14.5,3,12,11,8,4
2026-05-16T15:46:00.578,TRK,34.255008,-106.266540,5399.0,44.6,95.1,-15.8,3,11,10,7,3
2026-05-16T15:46:00.678,TRK,34.254976,-106.266544,5404.3,39.3,95.6,-12.1,3,10,9,6,2
2026-05-16T15:46:00.778,TRK,34.254989,-106.266512,5379.7,39.9,93.6,-14.0,3,9,8,5,1
2026-05-16T15:46:00.878,TRK,34.254968,-106.266480,5389.8,43.9,93.2,-17.6,3,8,7,4,0
2026-05-16T15:46:00.978,TRK,34.255000,-106.266491,5388.0,41.1,94.6,-21.8,3,9,8,5,1
2026-05-16T15:46:01.078,TRK,34.254972,-106.266458,5405.3,39.6,95.7,-13.0,3,12,11,8,4
2026-05-16T15:46:01.178,TRK,34.254959,-106.266480,5385.1,39.1,94.1,-12.5,3,10,9,6,2
2026-05-16T15:46:01.278,TRK,34.255000,-106.266469,5402.3,42.4,95.1,-19.4,3,11,10,7,3
2026-05-16T15:46:01.378,TRK,34.254988,-106.266434,5380.2,39.7,94.5,-10.2,3,7,6,3,0
2026-05-16T15:46:01.478,TRK,34.254977,-106.266420,5370.5,38.6,97.6,-17.4,3,11,10,7,3
2026-05-16T15:46:01.578,TRK,34.254970,-106.266405,5393.2,42.0,91.7,-12.7,3,11,10,7,3
2026-05-16T15:46:01.678,TRK,34.254980,-106.266378,5396.7,40.6,93.9,-15.2,3,9,8,5,1
2026-05-16T15:46:01.778,TRK,34.254963,-106.266379,5405.0,40.7,93.7,-12.0,3,7,6,3,0
2026-05-16T15:46:01.878,TRK,34.254986,-106.266355,5389.1,42.9,98.5,-20.6,3,8,7,4,0
2026-05-16T15:46:01.978,TRK,34.254961,-106.266349,5405.2,40.9,96.4,-20.0,3,8,7,4,0
2026-05-16T15:46:02.078,TRK,34.254969,-106.266345,5385.0,41.6,94.8,-15.6,3,9,8,5,1
2026-05-16T15:46:02.178,TRK,34.254970,-106.266344,5362.3,44.2,94.6,-13.0,3,10,9,6,2
2026-05-16T15:46:02.278,TRK,34.254967,-106.266317,5384.6,43.1,95.9,-19.0,3,9,8,5,1
2026-05-16T15:46:02.378,TRK,34.254982,-106.266293,5379.2,40.6,97.2,-19.1,3,10,9,6,2
2026-05-16T15:46:02.478,TRK,34.254975,-106.266275,5392.1,44.7,92.2,-7.2,3,10,9,6,2
2026-05-16T15:46:02.578,TRK,34.254961,-106.266260,5386.0,39.0,91.5,-21.4,3,8,7,4,0
2026-05-16T15:46:02.678,TRK,34.254944,-106.266257,5391.4,43.3,91.9,-18.6,3,8,7,4,0
2026-05-16T15:46:02.778,TRK,34.254960,-106.266237,5359.8,40.2,93.6,-20.8,3,10,9,6,2
2026-05-16T15:46:02.878,TRK,34.254986,-106.266223,5367.8,41.5,97.6,-17.4,3,8,7,4,0
2026-05-16T15:46:02.978,TRK,34.254996,-106.266222,5366.7,42.9,96.7,-20.5,3,9,8,5,1
2026-05-16T15:46:03.078,TRK,34.254962,-106.266195,5368.4,40.8,93.9,-22.2,3,7,6,3,0
2026-05-16T15:46:03.178,TRK,34.254971,-106.266210,5375.3,43.7,94.8,-17.8,3,8,7,4,0
2026-05-16T15:46:03.278,TRK,34.254967,-106.266164,5370.6,37.4,93.4,-21.9,3,7,6,3,0
2026-05-16T15:46:03.378,TRK,34.254965,-106.266126,5366.4,42.2,95.9,-17.5,3,6,5,2,0
2026-05-16T15:46:03.478,TRK,34.254960,-106.266165,5348.3,40.4,94.1,-17.4,3,10,9,6,2
2026-05-16T15:46:03.578,TRK,34.254938,-106.266142,5358.8,41.5,97.0,-18.8,3,10,9,6,2
2026-05-16T15:46:03.678,TRK,34.254972,-106.266127,5368.3,37.5,92.3,-19.4,3,10,9,6,2
2026-05-16T15:46:03.778,TRK,34.254969,-106.266100,5357.6,41.7,91.0,-18.9,3,10,9,6,2
2026-05-16T15:46:03.878,TRK,34.254956,-106.266094,5361.0,37.9,95.6,-16.5,3,7,6,3,0
2026-05-16T15:46:03.978,TRK,34.254977,-106.266059,5360.4,40.8,98.1,-12.5,3,8,7,4,0
2026-05-16T15:46:04.078,TRK,34.254941,-106.266080,5363.7,40.5,96.4,-9.2,3,9,8,5,1
2026-05-16T15:46:04.178,TRK,34.254965,-106.266042,5354.5,42.2,94.5,-16.3,3,9,8,5,1
2026-05-16T15:46:04.278,TRK,34.254955,-106.266038,5358.9,43.1,101.4,-14.1,3,8,7,4,0
2026-05-16T15:46:04.378,TRK,34.254959,-106.266041,5362.8,40.5,96.4,-23.6,3,9,8,5,1
2026-05-16T15:46:04.478,TRK,34.254951,-106.265993,5342.2,38.1,93.4,-12.6,3,9,8,5,1
2026-05-16T15:46:04.578,TRK,34.254953,-106.265995,5356.5,38.1,101.5,-15.4,3,7,6,3,0
2026-05-16T15:46:04.678,TRK,34.254941,-106.265988,5346.9,41.9,92.1,-14.8,3,9,8,5,1
2026-05-16T15:46:04.778,TRK,34.254957,-106.265950,5347.3,38.5,94.3,-13.3,3,9,8,5,1
2026-05-16T15:46:04.878,TRK,34.254967,-106.265969,5331.0,38.5,99.0,-25.5,3,6,5,2,0
2026-05-16T15:46:04.978,TRK,34.254952,-106.265941,5336.5,37.1,90.7,-16.5,3,6,5,2,0
2026-05-16T15:46:05.078,TRK,34.254925,-106.265928,5321.5,41.2,94.7,-16.0,3,9,8,5,1
2026-05-16T15:46:05.178,TRK,34.254949,-106.265904,5327.7,39.4,100.2,-16.7,3,11,10,7,3
2026-05-16T15:46:05.278,TRK,34.254923,-106.265900,5318.4,39.0,94.0,-15.0,3,11,10,7,3
2026-05-16T15:46:05.378,TRK,34.254953,-106.265904,5291.8,40.8,93.6,-20.2,3,10,9,6,2
2026-05-16T15:46:05.478,TRK,34.254944,-106.265860,5316.1,40.5,99.9,-15.6,3,11,10,7,3
2026-05-16T15:46:05.578,TRK,34.254939,-106.265872,5330.0,39.3,94.0,-9.6,3,9,8,5,1
2026-05-16T15:46:05.678,TRK,34.254956,-106.265824,5318.7,37.4,97.5,-18.3,3,8,7,4,0
2026-05-16T15:46:05.778,TRK,34.254959,-106.265820,5333.6,39.5,97.3,-20.4,3,10,9,6,2
2026-05-16T15:46:05.878,TRK,34.254919,-106.265815,5314.9,41.1,89.5,-17.9,3,9,8,5,1
2026-05-16T15:46:05.978,TRK,34.254930,-106.265829,5317.3,38.3,94.5,-15.1,3,9,8,5,1
2026-05-16T15:46:06.078,TRK,34.254970,-106.265797,5321.0,40.1,93.3,-19.5,3,9,8,5,1
2026-05-16T15:46:06.178,TRK,34.254928,-106.265780,5329.4,40.3,95.1,-13.5,3,10,9,6,2
2026-05-16T15:46:06.278,TRK,34.254941,-106.265762,5333.5,42.2,92.9,-15.5,3,11,10,7,3
2026-05-16T15:46:06.378,TRK,34.254929,-106.265747,5322.4,39.2,91.8,-22.3,3,10,9,6,2
2026-05-16T15:46:06.478,TRK,34.254943,-106.265774,5296.9,41.1,92.8,-18.5,3,8,7,4,0
2026-05-16T15:46:06.578,TRK,34.254936,-106.265722,5306.7,41.7,99.8,-14.8,3,9,8,5,1
2026-05-16T15:46:06.678,TRK,34.254924,-106.265696,5305.5,39.2,94.1,-20.0,3,8,7,4,0
2026-05-16T15:46:06.778,TRK,34.254910,-106.265704,5292.8,41.1,95.3,-11.4,3,10,9,6,2
2026-05-16T15:46:06.878,TRK,34.254949,-106.265693,5299.4,43.8,95.7,-19.6,3,10,9,6,2
2026-05-16T15:46:06.978,TRK,34.254908,-106.265695,5297.5,40.5,93.2,-16.0,3,11,10,7,3
2026-05-16T15:46:07.078,TRK,34.254918,-106.265668,5305.0,40.9,96.9,-15.5,3,11,10,7,3
2026-05-16T15:46:07.178,TRK,34.254915,-106.265633,5295.9,40.6,95.8,-19.4,3,9,8,5,1
2026-05-16T15:46:07.278,TRK,34.254955,-106.265648,5315.9,38.2,94.3,-22.0,3,7,6,3,0
2026-05-16T15:46:07.378,TRK,34.254923,-106.265634,5291.8,40.9,93.0,-21.0,3,9,8,5,1
2026-05-16T15:46:07.478,TRK,34.254934,-106.265611,5283.8,42.5,92.9,-21.1,3,9,8,5,1
2026-05-16T15:46:07.578,TRK,34.254907,-106.265618,5290.2,38.2,96.5,-18.2,3,10,9,6,2
2026-05-16T15:46:07.678,TRK,34.254929,-106.265561,5296.8,38.8,93.5,-24.2,3,10,9,6,2
2026-05-16T15:46:07.778,TRK,34.254904,-106.265565,5267.4,37.4,98.1,-18.0,3,7,6,3,0
2026-05-16T15:46:07.878,TRK,34.254912,-106.265545,5303.6,38.9,97.1,-25.7,3,9,8,5,1
2026-05-16T15:46:07.978,TRK,34.254918,-106.265519,5292.2,36.1,93.4,-16.3,3,12,11,8,4
2026-05-16T15:46:08.078,TRK,34.254937,-106.265566,5263.3,40.5,95.1,-19.0,3,11,10,7,3
2026-05-16T15:46:08.178,TRK,34.254906,-106.265522,5296.7,38.9,93.4,-17.9,3,10,9,6,2
2026-05-16T15:46:08.278,TRK,34.254908,-106.265502,5273.2,41.7,96.8,-10.7,3,7,6,3,0
2026-05-16T15:46:08.378,TRK,34.254912,-106.265495,5295.9,36.3,94.9,-12.7,3,10,9,6,2
2026-05-16T15:46:08.478,TRK,34.254913,-106.265447,5301.0,39.0,90.7,-13.0,3,9,8,5,1
2026-05-16T15:46:08.578,TRK,34.254932,-106.265459,5293.2,41.6,96.0,-9.3,3,12,11,8,4
2026-05-16T15:46:08.678,TRK,34.254909,-106.265463,5275.6,42.1,95.9,-21.3,3,9,8,5,1
2026-05-16T15:46:08.778,TRK,34.254909,-106.265449,5279.6,38.0,96.3,-15.7,3,10,9,6,2
2026-05-16T15:46:08.878,TRK,34.254930,-106.265437,5271.6,41.3,97.6,-14.8,3,8,7,4,0
2026-05-16T15:46:08.978,TRK,34.254914,-106.265429,5283.4,41.0,94.5,-16.3,3,8,7,4,0
2026-05-16T15:46:09.078,TRK,34.254921,-106.265384,5258.6,38.4,97.0,-16.1,3,10,9,6,2
2026-05-16T15:46:09.178,TRK,34.254913,-106.265375,5268.6,38.6,92.6,-11.5,3,8,7,4,0
2026-05-16T15:46:09.278,TRK,34.254909,-106.265377,5266.8,41.6,97.3,-11.3,3,9,8,5,1
2026-05-16T15:46:09.378,TRK,34.254911,-106.265362,5280.6,38.2,90.9,-14.1,3,8,7,4,0
2026-05-16T15:46:09.478,TRK,34.254895,-106.265348,5267.4,38.2,98.1,-16.6,3,8,7,4,0
2026-05-16T15:46:09.578,TRK,34.254904,-106.265278,5247.1,39.8,93.8,-13.2,3,11,10,7,3
2026-05-16T15:46:09.678,TRK,34.254896,-106.265290,5260.1,42.8,97.5,-13.9,3,10,9,6,2
2026-05-16T15:46:09.778,TRK,34.254885,-106.265311,5245.2,39.7,98.7,-12.1,3,10,9,6,2
2026-05-16T15:46:09.878,TRK,34.254900,-106.265287,5242.8,37.7,95.5,-14.2,3,11,10,7,3
2026-05-16T15:46:09.978,TRK,34.254899,-106.265262,5259.6,40.3,96.4,-16.2,3,11,10,7,3
2026-05-16T15:46:10.078,TRK,34.254872,-106.265248,5247.1,41.0,93.7,-16.9,3,11,10,7,3
2026-05-16T15:46:10.178,TRK,34.254919,-106.265233,5228.7,40.7,93.7,-17.0,3,8,7,4,0
2026-05-16T15:46:10.278,TRK,34.254895,-106.265239,5224.3,41.7,90.5,-13.7,3,8,7,4,0
2026-05-16T15:46:10.378,TRK,34.254894,-106.265224,5230.8,39.6,94.6,-20.8,3,8,7,4,0
2026-05-16T15:46:10.478,TRK,34.254891,-106.265230,5221.9,36.5,94.2,-20.3,3,9,8,5,1
2026-05-16T15:46:10.578,TRK,34.254891,-106.265215,5234.0,36.3,96.9,-17.2,3,9,8,5,1
2026-05-16T15:46:10.678,TRK,34.254885,-106.265182,5229.9,40.8,94.7,-18.5,3,11,10,7,3
2026-05-16T15:46:10.778,TRK,34.254898,-106.265185,5238.0,39.5,92.3,-18.5,3,8,7,4,0
2026-05-16T15:46:10.878,TRK,34.254879,-106.265175,5235.2,37.2,99.5,-16.5,3,8,7,4,0
2026-05-16T15:46:10.978,TRK,34.254896,-106.265172,5217.4,40.4,97.5,-18.8,3,7,6,3,0
2026-05-16T15:46:11.078,TRK,34.254886,-106.265146,5243.1,37.0,96.8,-11.5,3,10,9,6,2
2026-05-16T15:46:11.178,TRK,34.254886,-106.265098,5238.5,40.1,96.3,-15.1,3,9,8,5,1
2026-05-16T15:46:11.278,TRK,34.254865,-106.265112,5205.5,42.1,93.9,-13.6,3,10,9,6,2
2026-05-16T15:46:11.378,TRK,34.254900,-106.265082,5222.6,39.3,96.0,-14.7,3,10,9,6,2
2026-05-16T15:46:11.478,TRK,34.254885,-106.265091,5227.2,40.4,99.7,-14.2,3,9,8,5,1
2026-05-16T15:46:11.578,TRK,34.254890,-106.265059,5200.8,38.2,93.2,-10.0,3,8,7,4,0
2026-05-16T15:46:11.678,TRK,34.254908,-106.265068,5234.6,37.8,95.6,-20.1,3,8,7,4,0
2026-05-16T15:46:11.778,TRK,34.254898,-106.265045,5197.2,36.4,100.0,-10.1,3,9,8,5,1
2026-05-16T15:46:11.878,TRK,34.254890,-106.265033,5203.1,38.9,97.1,-21.0,3,6,5,2,0
2026-05-16T15:46:11.978,TRK,34.254889,-106.265052,5230.6,39.0,100.2,-12.2,3,10,9,6,2
2026-05-16T15:46:12.078,TRK,34.254874,-106.265001,5216.4,35.6,95.1,-17.9,3,11,10,7,3
2026-05-16T15:46:12.178,TRK,34.254867,-106.265022,5218.9,37.6,94.2,1.1,3,11,10,7,3
2026-05-16T15:46:12.278,TRK,34.254862,-106.265005,5203.0,40.8,97.9,2.9,3,9,8,5,1
2026-05-16T15:46:12.378,TRK,34.254879,-106.265018,5210.5,38.2,100.9,-3.8,3,11,10,7,3
2026-05-16T15:46:12.478,TRK,34.254886,-106.264988,5225.2,37.8,95.9,-0.6,3,8,7,4,0
2026-05-16T15:46:12.578,TRK,34.254871,-106.265004,5242.7,41.9,97.6,-9.2,3,8,7,4,0
2026-05-16T15:46:12.678,TRK,34.254895,-106.264993,5228.1,38.6,97.6,1.2,3,12,11,8,4
2026-05-16T15:46:12.778,TRK,34.254898,-106.265024,5235.4,37.3,92.3,-1.9,3,9,8,5,1
2026-05-16T15:46:12.878,TRK,34.254896,-106.265014,5214.6,40.8,98.4,-5.2,3,8,7,4,0
2026-05-16T15:46:12.978,TRK,34.254884,-106.264979,5225.7,36.7,93.1,0.3,3,9,8,5,1
2026-05-16T15:46:13.078,TRK,34.254867,-106.265015,5211.1,39.9,96.7,1.0,3,8,7,4,0
2026-05-16T15:46:13.178,TRK,34.254877,-106.264993,5225.8,43.1,93.7,3.3,3,8,7,4,0
2026-05-16T15:46:13.278,TRK,34.254880,-106.265003,5208.3,40.1,95.1,1.5,3,8,7,4,0
2026-05-16T15:46:13.378,TRK,34.254875,-106.264969,5224.9,39.2,96.7,-3.0,3,7,6,3,0
2026-05-16T15:46:13.478,TRK,34.254868,-106.264994,5217.5,37.9,96.7,-1.7,3,11,10,7,3
2026-05-16T15:46:13.578,TRK,34.254889,-106.265001,5217.3,37.9,97.8,-1.4,3,11,10,7,3
2026-05-16T15:46:13.678,TRK,34.254875,-106.265011,5242.1,37.7,95.1,-6.8,3,8,7,4,0
2026-05-16T15:46:13.778,TRK,34.254885,-106.265027,5231.0,37.2,95.3,0.6,3,10,9,6,2
2026-05-16T15:46:13.878,TRK,34.254871,-106.265013,5231.9,37.2,97.4,-0.4,3,11,10,7,3
2026-05-16T15:46:13.978,TRK,34.254862,-106.265020,5238.5,40.3,93.2,0.4,3,12,11,8,4
2026-05-16T15:46:14.078,TRK,34.254894,-106.264986,5191.9,39.1,97.9,-2.2,3,11,10,7,3
2026-05-16T15:46:14.178,TRK,34.254870,-106.264998,5230.0,39.0,97.4,-7.8,3,10,9,6,2
2026-05-16T15:46:14.278,TRK,34.254877,-106.265001,5206.1,39.8,97.1,-5.1,3,10,9,6,2
2026-05-16T15:46:14.378,TRK,34.254882,-106.264987,5200.4,35.3,95.3,1.2,3,7,6,3,0
2026-05-16T15:46:14.478,TRK,34.254892,-106.264973,5223.6,39.7,100.3,6.0,3,8,7,4,0
2026-05-16T15:46:14.578,TRK,34.254915,-106.264998,5217.4,37.7,95.0,-5.7,3,9,8,5,1
2026-05-16T15:46:14.678,TRK,34.254877,-106.264980,5207.3,39.0,96.5,1.2,3,11,10,7,3
2026-05-16T15:46:14.778,TRK,34.254877,-106.264988,5208.7,36.1,95.8,3.2,3,7,6,3,0
2026-05-16T15:46:14.878,TRK,34.254880,-106.265006,5212.8,41.0,93.6,-3.7,3,10,9,6,2
2026-05-16T15:46:14.978,TRK,34.254899,-106.265018,5195.6,35.7,98.4,-4.5,3,9,8,5,1
2026-05-16T15:46:15.078,TRK,34.254867,-106.264993,5219.3,41.3,95.0,0.9,3,10,9,6,2
2026-05-16T15:46:15.178,TRK,34.254873,-106.265010,5231.6,40.1,96.6,-5.8,3,10,9,6,2
2026-05-16T15:46:15.278,TRK,34.254884,-106.264997,5187.5,36.0,98.6,3.0,3,8,7,4,0
2026-05-16T15:46:15.378,TRK,34.254880,-106.264969,5213.2,37.2,92.8,3.5,3,6,5,2,0
2026-05-16T15:46:15.478,TRK,34.254883,-106.265010,5218.6,35.9,95.0,1.8,3,9,8,5,1
2026-05-16T15:46:15.578,TRK,34.254879,-106.265006,5213.0,37.1,91.3,-3.8,3,8,7,4,0
2026-05-16T15:46:15.678,TRK,34.254908,-106.264957,5234.0,38.5,96.7,-8.1,3,8,7,4,0
2026-05-16T15:46:15.778,TRK,34.254893,-106.265018,5198.6,38.7,98.6,2.5,3,10,9,6,2
2026-05-16T15:46:15.878,TRK,34.254879,-106.264997,5208.7,40.1,99.3,2.8,3,10,9,6,2
2026-05-16T15:46:15.978,TRK,34.254878,-106.265023,5222.7,40.4,93.8,3.1,3,10,9,6,2
2026-05-16T15:46:16.078,TRK,34.254871,-106.265015,5208.8,43.1,96.4,1.4,3,10,9,6,2
2026-05-16T15:46:16.180,TRK,34.254879,-106.264983,5213.2,45.4,98.2,0.2,3,10,9,6,2
2026-05-16T15:46:16.280,TRK,34.254872,-106.264994,5223.9,38.9,92.4,-1.1,3,11,10,7,3
2026-05-16T15:46:16.382,TRK,34.254886,-106.265027,5218.3,40.8,95.6,1.9,3,9,8,5,1
2026-05-16T15:46:16.482,TRK,34.254870,-106.265020,5228.2,38.6,93.8,2.4,3,8,7,4,0
2026-05-16T15:46:16.584,TRK,34.254880,-106.265000,5208.4,38.6,90.0,0.0,3,9,8,5,1
2026-05-16T15:46:16.684,TRK,34.254870,-106.264991,5239.5,41.2,94.9,6.8,3,10,9,6,2
2026-05-16T15:46:16.786,TRK,34.254881,-106.265026,5200.7,40.3,95.2,0.1,3,6,5,2,0
2026-05-16T15:46:16.886,TRK,34.254891,-106.265011,5218.3,36.7,93.9,-4.2,3,11,10,7,3
2026-05-16T15:46:16.988,TRK,34.254878,-106.265005,5205.8,38.3,94.1,2.2,3,12,11,8,4
2026-05-16T15:46:17.088,TRK,34.254885,-106.264996,5207.4,38.6,94.2,1.3,3,7,6,3,0
2026-05-16T15:46:17.190,TRK,34.254862,-106.265010,5212.6,40.0,95.1,-0.3,3,7,6,3,0
2026-05-16T15:46:17.290,TRK,34.254877,-106.265015,5223.3,37.6,92.7,5.1,3,9,8,5,1
2026-05-16T15:46:17.392,TRK,34.254886,-106.264997,5217.0,41.1,96.7,-4.7,3,7,6,3,0
2026-05-16T15:46:17.492,TRK,34.254878,-106.265001,5201.2,36.6,94.1,-0.1,3,9,8,5,1
2026-05-16T15:46:17.594,TRK,34.254889,-106.264983,5215.5,41.1,95.5,-4.4,3,10,9,6,2
2026-05-16T15:46:17.694,TRK,34.254882,-106.265012,5225.2,39.6,98.1,4.4,3,8,7,4,0
2026-05-16T15:46:17.796,TRK,34.254860,-106.264981,5226.9,38.8,95.4,-1.3,3,11,10,7,3
2026-05-16T15:46:17.896,TRK,34.254877,-106.264999,5210.4,40.4,93.2,1.5,3,8,7,4,0
2026-05-16T15:46:17.998,TRK,34.254873,-106.264995,5224.4,37.8,97.4,0.1,3,9,8,5,1
2026-05-16T15:46:18.098,TRK,34.254891,-106.264977,5190.6,38.2,94.4,-2.4,3,8,7,4,0
