t_iso,gps_unit,lat_deg,lon_deg,alt_ft,hvel_fps,heading_deg,upvel_fps,fix_type,sats_total,sats_24,sats_32,sats_40
2026-05-16T15:41:58.750,TRK,40.689177,-117.973195,4456.5,0.8,344.5,-0.2,3,8,5,2,0
2026-05-16T15:41:58.850,TRK,40.689195,-117.973206,4509.5,0.8,166.1,0.1,3,4,1,0,0
2026-05-16T15:41:58.950,TRK,40.689221,-117.973195,4428.2,0.1,280.9,0.4,3,6,3,0,0
2026-05-16T15:41:59.050,TRK,40.689213,-117.973243,4457.0,0.9,244.9,-0.5,3,6,3,0,0
2026-05-16T15:41:59.150,TRK,40.689181,-117.973206,4407.4,0.6,301.2,0.3,3,5,2,0,0
2026-05-16T15:41:59.250,TRK,40.689227,-117.973172,4468.0,0.1,155.1,1.3,3,5,2,0,0
2026-05-16T15:41:59.350,TRK,40.689218,-117.973229,4490.9,0.7,157.6,-0.5,3,6,3,0,0
2026-05-16T15:41:59.450,TRK,40.689202,-117.973185,4470.6,0.2,336.1,0.5,3,6,3,0,0
2026-05-16T15:41:59.550,TRK,40.689205,-117.973217,4505.8,1.1,27.6,-0.5,3,7,4,1,0
2026-05-16T15:41:59.650,TRK,40.689197,-117.973179,4455.6,0.4,204.8,-0.4,3,7,4,1,0
2026-05-16T15:41:59.750,TRK,40.689207,-117.973187,4486.0,0.9,88.6,-0.4,3,7,4,1,0
2026-05-16T15:41:59.850,TRK,40.689199,-117.973153,4524.9,0.3,260.1,0.5,3,4,1,0,0
2026-05-16T15:41:59.950,TRK,40.689190,-117.973221,4527.9,0.8,49.8,1.1,3,5,2,0,0
2026-05-16T15:42:00.052,TRK,40.689170,-117.973184,4515.7,0.8,357.9,33.0,3,6,3,0,0
2026-05-16T15:42:00.154,TRK,40.689184,-117.973177,4478.8,3.5,350.5,152.8,3,5,2,0,0
2026-05-16T15:42:00.254,TRK,40.689203,-117.973203,4534.0,6.7,354.1,269.9,3,8,5,2,0
2026-05-16T15:42:00.354,TRK,40.689174,-117.973197,4551.4,9.2,359.3,384.7,3,8,5,2,0
2026-05-16T15:42:00.454,TRK,40.689204,-117.973187,4555.8,11.8,355.9,501.5,3,5,2,0,0
2026-05-16T15:42:00.554,TRK,40.689218,-117.973134,4640.0,14.1,356.9,615.9,3,7,4,1,0
2026-05-16T15:42:00.654,TRK,40.689206,-117.973232,4717.6,17.4,355.4,727.3,3,6,3,0,0
2026-05-16T15:42:00.754,TRK,40.689197,-117.973169,4828.9,19.7,355.4,838.3,3,9,6,3,0
2026-05-16T15:42:00.854,TRK,40.689251,-117.973156,4873.7,22.6,352.6,947.8,3,4,1,0,0
2026-05-16T15:42:00.954,TRK,40.689195,-117.973190,4987.7,25.0,353.2,1055.5,3,4,1,0,0
2026-05-16T15:42:01.054,TRK,40.689201,-117.973214,5144.7,27.1,350.3,1156.2,3,9,6,3,0
2026-05-16T15:42:01.156,TRK,40.689230,-117.973210,5192.2,29.5,350.7,1257.2,3,5,2,0,0
2026-05-16T15:42:01.256,TRK,40.689232,-117.973149,5362.4,30.9,346.7,1352.7,3,8,5,2,0
2026-05-16T15:42:01.356,TRK,40.689252,-117.973202,5483.9,32.5,347.2,1436.6,3,7,4,1,0
2026-05-16T15:42:01.458,TRK,40.689277,-117.973241,5604.6,35.0,347.4,1514.6,3,5,2,0,0
2026-05-16T15:42:01.558,TRK,40.689298,-117.973198,5845.1,36.9,344.9,1578.2,3,8,5,2,0
2026-05-16T15:42:01.658,TRK,40.689278,-117.973254,5933.4,38.3,342.1,1633.6,3,8,5,2,0
2026-05-16T15:42:01.760,TRK,40.689292,-117.973254,6181.4,38.4,341.1,1679.9,3,9,6,3,0
2026-05-16T15:42:01.860,TRK,40.689319,-117.973218,6301.5,40.0,340.4,1714.4,3,7,4,1,0
2026-05-16T15:42:01.962,TRK,40.689365,-117.973212,6512.6,40.4,337.9,1740.0,3,8,5,2,0
2026-05-16T15:42:02.062,TRK,40.689338,-117.973172,6682.7,39.9,335.0,1694.6,3,4,1,0,0
2026-05-16T15:42:02.162,TRK,40.689340,-117.973201,6825.3,38.4,332.3,1626.7,3,7,4,1,0
2026-05-16T15:42:02.262,TRK,40.689347,-117.973266,6955.1,37.3,329.7,1567.1,3,8,5,2,0
2026-05-16T15:42:02.362,TRK,40.689350,-117.973293,7120.3,37.4,328.4,1508.7,3,9,6,3,0
2026-05-16T15:42:02.462,TRK,40.689370,-117.973262,7274.8,36.0,326.2,1456.7,3,6,3,0,0
2026-05-16T15:42:02.564,TRK,40.689366,-117.973236,7453.1,34.8,319.6,1403.4,3,6,3,0,0
2026-05-16T15:42:02.664,TRK,40.689376,-117.973241,7553.5,34.9,314.0,1359.2,2,6,3,0,0
2026-05-16T15:42:02.764,TRK,40.689378,-117.973292,7713.0,33.0,320.3,1309.1,3,7,4,1,0
2026-05-16T15:42:02.866,TRK,40.689394,-117.973331,7858.4,31.5,317.2,1269.0,3,8,5,2,0
2026-05-16T15:42:02.966,TRK,40.689394,-117.973309,7948.7,33.1,311.4,1240.0,3,6,3,0,0
2026-05-16T15:42:03.066,TRK,40.689416,-117.973307,8052.6,29.0,310.8,1197.9,2,6,3,0,0
2026-05-16T15:42:03.168,TRK,40.689404,-117.973344,8153.9,32.7,308.9,1156.8,3,8,5,2,0
2026-05-16T15:42:03.268,TRK,40.689394,-117.973351,8300.5,32.8,310.5,1132.2,3,5,2,0,0
2026-05-16T15:42:03.370,TRK,40.689446,-117.973377,8448.7,30.9,309.0,1101.4,3,4,1,0,0
2026-05-16T15:42:03.470,TRK,40.689447,-117.973334,8523.1,32.7,299.6,1070.1,3,6,3,0,0
2026-05-16T15:42:03.570,TRK,40.689417,-117.973369,8562.3,35.3,306.7,1048.8,3,5,2,0,0
2026-05-16T15:42:03.672,TRK,40.689446,-117.973374,8732.9,32.5,300.3,1011.8,2,8,5,2,0
2026-05-16T15:42:03.772,TRK,40.689483,-117.973403,8799.9,32.2,300.5,993.2,3,5,2,0,0
2026-05-16T15:42:03.874,TRK,40.689420,-117.973371,8933.6,36.1,295.7,975.2,3,9,6,3,0
2026-05-16T15:42:03.974,TRK,40.689487,-117.973384,9031.5,34.4,293.1,942.7,3,4,1,0,0
2026-05-16T15:42:04.074,TRK,40.689464,-117.973394,9127.3,34.6,287.0,918.4,3,6,3,0,0
2026-05-16T15:42:04.174,TRK,40.689447,-117.973426,9211.9,33.6,292.4,905.4,3,6,3,0,0
2026-05-16T15:42:04.274,TRK,40.689483,-117.973416,9286.4,33.5,294.6,884.4,3,6,3,0,0
2026-05-16T15:42:04.374,TRK,40.689469,-117.973461,9435.2,35.6,290.3,865.3,3,5,2,0,0
2026-05-16T15:42:04.474,TRK,40.689461,-117.973463,9434.8,34.2,288.2,847.1,3,5,2,0,0
2026-05-16T15:42:04.574,TRK,40.689443,-117.973511,9556.4,35.5,284.3,826.6,2,6,3,0,0
2026-05-16T15:42:04.674,TRK,40.689451,-117.973525,9692.4,33.0,288.6,809.2,3,5,2,0,0
2026-05-16T15:42:04.774,TRK,40.689482,-117.973520,9738.2,35.5,284.9,797.9,3,5,2,0,0
2026-05-16T15:42:04.874,TRK,40.689475,-117.973488,9806.9,35.3,279.5,781.2,3,5,2,0,0
2026-05-16T15:42:04.974,TRK,40.689454,-117.973514,9858.0,36.8,282.2,760.7,3,5,2,0,0
2026-05-16T15:42:05.074,TRK,40.689466,-117.973517,9959.8,34.7,275.6,750.1,3,5,2,0,0
2026-05-16T15:42:05.174,TRK,40.689446,-117.973526,10001.4,36.0,282.8,732.9,3,6,3,0,0
2026-05-16T15:42:05.274,TRK,40.689467,-117.973553,10115.8,38.6,285.6,719.1,3,5,2,0,0
2026-05-16T15:42:05.374,TRK,40.689498,-117.973544,10163.5,37.7,279.5,704.0,3,5,2,0,0
2026-05-16T15:42:05.474,TRK,40.689534,-117.973597,10263.7,36.9,281.7,686.6,3,6,3,0,0
2026-05-16T15:42:05.574,TRK,40.689472,-117.973607,10252.2,36.0,281.2,681.5,3,7,4,1,0
2026-05-16T15:42:05.674,TRK,40.689497,-117.973593,10312.8,36.3,282.3,660.4,3,3,0,0,0
2026-05-16T15:42:05.774,TRK,40.689528,-117.973639,10445.0,39.7,277.8,653.4,3,5,2,0,0
2026-05-16T15:42:05.874,TRK,40.689531,-117.973657,10485.3,39.2,279.4,641.4,3,6,3,0,0
2026-05-16T15:42:05.974,TRK,40.689469,-117.973607,10598.7,36.5,275.0,628.6,3,6,3,0,0
2026-05-16T15:42:06.074,TRK,40.689499,-117.973710,10613.9,36.6,273.7,623.4,3,5,2,0,0
2026-05-16T15:42:06.174,TRK,40.689503,-117.973706,10732.6,39.3,272.2,613.3,3,4,1,0,0
2026-05-16T15:42:06.274,TRK,40.689503,-117.973736,10732.5,37.6,276.6,601.5,3,6,3,0,0
2026-05-16T15:42:06.374,TRK,40.689525,-117.973733,10848.1,37.5,277.3,583.0,3,6,3,0,0
2026-05-16T15:42:06.474,TRK,40.689545,-117.973727,10928.1,37.8,272.3,573.9,3,4,1,0,0
2026-05-16T15:42:06.574,TRK,40.689501,-117.973724,10924.3,37.9,272.0,564.6,3,6,3,0,0
2026-05-16T15:42:06.674,TRK,40.689482,-117.973764,10965.8,39.4,272.2,560.6,3,6,3,0,0
2026-05-16T15:42:06.774,TRK,40.689499,-117.973761,11041.8,40.9,275.1,549.6,3,8,5,2,0
2026-05-16T15:42:06.874,TRK,40.689475,-117.973789,11052.4,45.3,273.1,538.7,3,6,3,0,0
2026-05-16T15:42:06.974,TRK,40.689503,-117.973798,11122.1,42.5,272.0,536.2,3,7,4,1,0
2026-05-16T15:42:07.074,TRK,40.689538,-117.973819,11177.6,42.5,275.5,525.6,3,6,3,0,0
2026-05-16T15:42:07.174,TRK,40.689504,-117.973815,11245.8,39.4,268.8,515.0,3,6,3,0,0
2026-05-16T15:42:07.274,TRK,40.689485,-117.973818,11330.2,41.4,273.0,508.6,3,8,5,2,0
2026-05-16T15:42:07.374,TRK,40.689493,-117.973878,11395.6,37.3,271.7,499.9,3,7,4,1,0
2026-05-16T15:42:07.474,TRK,40.689504,-117.973850,11376.1,41.0,273.9,494.0,3,8,5,2,0
2026-05-16T15:42:07.574,TRK,40.689511,-117.973908,11445.1,41.4,269.8,479.0,3,6,3,0,0
2026-05-16T15:42:07.674,TRK,40.689491,-117.973906,11497.0,43.3,271.4,474.1,3,7,4,1,0
2026-05-16T15:42:07.774,TRK,40.689518,-117.973941,11544.3,42.4,268.0,464.3,3,6,3,0,0
2026-05-16T15:42:07.874,TRK,40.689508,-117.973924,11585.5,40.8,267.0,456.9,3,7,4,1,0
2026-05-16T15:42:07.974,TRK,40.689489,-117.973974,11697.5,42.5,270.9,449.6,3,7,4,1,0
2026-05-16T15:42:08.074,TRK,40.689546,-117.973990,11733.8,45.5,265.7,442.8,3,9,6,3,0
2026-05-16T15:42:08.174,TRK,40.689510,-117.973962,11754.7,40.8,268.5,429.9,3,6,3,0,0
2026-05-16T15:42:08.274,TRK,40.689519,-117.973984,11745.6,43.8,269.4,426.3,3,7,4,1,0
2026-05-16T15:42:08.374,TRK,40.689541,-117.974004,11811.4,45.4,268.5,420.3,3,5,2,0,0
2026-05-16T15:42:08.474,TRK,40.689516,-117.974026,11842.3,45.3,266.0,419.3,3,3,0,0,0
2026-05-16T15:42:08.574,TRK,40.689532,-117.974079,11924.0,43.7,266.5,409.3,3,6,3,0,0
2026-05-16T15:42:08.674,TRK,40.689474,-117.974058,11934.7,43.0,267.0,403.4,3,5,2,0,0
2026-05-16T15:42:08.774,TRK,40.689509,-117.974035,12006.3,46.6,266.7,401.5,3,4,1,0,0
2026-05-16T15:42:08.874,TRK,40.689475,-117.974016,12022.9,45.9,264.5,388.4,3,5,2,0,0
2026-05-16T15:42:08.974,TRK,40.689500,-117.974068,12084.8,43.6,266.5,389.1,3,8,5,2,0
2026-05-16T15:42:09.074,TRK,40.689510,-117.974149,12051.5,46.2,266.5,379.8,3,5,2,0,0
2026-05-16T15:42:09.174,TRK,40.689529,-117.974128,12134.9,45.3,266.4,366.2,3,6,3,0,0
2026-05-16T15:42:09.274,TRK,40.689487,-117.974144,12157.5,45.0,265.6,371.6,3,7,4,1,0
2026-05-16T15:42:09.374,TRK,40.689509,-117.974174,12224.1,46.1,266.1,365.3,3,3,0,0,0
2026-05-16T15:42:09.474,TRK,40.689504,-117.974197,12269.4,46.2,269.3,359.9,3,6,3,0,0
2026-05-16T15:42:09.574,TRK,40.689498,-117.974239,12283.4,46.5,263.6,348.3,3,6,3,0,0
2026-05-16T15:42:09.674,TRK,40.689472,-117.974219,12321.2,47.7,267.1,342.3,2,4,1,0,0
2026-05-16T15:42:09.774,TRK,40.689495,-117.974226,12323.9,46.7,262.4,339.7,3,5,2,0,0
2026-05-16T15:42:09.874,TRK,40.689458,-117.974222,12354.8,46.1,268.7,331.1,3,5,2,0,0
2026-05-16T15:42:09.974,TRK,40.689473,-117.974283,12459.3,47.3,259.3,331.1,3,8,5,2,0
2026-05-16T15:42:10.074,TRK,40.689485,-117.974310,12482.3,48.8,262.6,325.9,3,5,2,0,0
2026-05-16T15:42:10.174,TRK,40.689477,-117.974270,12471.1,48.6,265.8,316.0,3,5,2,0,0
2026-05-16T15:42:10.274,TRK,40.689479,-117.974326,12472.8,49.9,258.5,311.3,3,6,3,0,0
2026-05-16T15:42:10.374,TRK,40.689482,-117.974336,12530.6,48.1,266.5,311.4,3,6,3,0,0
2026-05-16T15:42:10.474,TRK,40.689488,-117.974365,12563.4,47.2,257.7,306.0,3,8,5,2,0
2026-05-16T15:42:10.574,TRK,40.689490,-117.974405,12636.8,45.9,264.2,305.1,3,5,2,0,0
2026-05-16T15:42:10.674,TRK,40.689466,-117.974387,12640.2,43.3,267.2,293.5,3,6,3,0,0
2026-05-16T15:42:10.774,TRK,40.689512,-117.974402,12665.8,46.9,265.4,291.8,3,7,4,1,0
2026-05-16T15:42:10.874,TRK,40.689479,-117.974402,12675.8,49.2,264.1,288.3,3,6,3,0,0
2026-05-16T15:42:10.974,TRK,40.689444,-117.974429,12687.8,51.4,266.9,279.8,3,5,2,0,0
2026-05-16T15:42:11.074,TRK,40.689467,-117.974448,12764.3,50.3,264.2,273.7,3,6,3,0,0
2026-05-16T15:42:11.174,TRK,40.689471,-117.974461,12784.1,48.6,262.8,276.2,3,7,4,1,0
2026-05-16T15:42:11.274,TRK,40.689494,-117.974493,12766.1,47.8,264.3,262.9,3,5,2,0,0
2026-05-16T15:42:11.374,TRK,40.689490,-117.974521,12869.7,50.9,257.4,259.4,3,6,3,0,0
2026-05-16T15:42:11.474,TRK,40.689516,-117.974530,12857.7,47.6,263.1,262.9,3,5,2,0,0
2026-05-16T15:42:11.574,TRK,40.689478,-117.974533,12821.5,49.8,262.5,249.6,3,5,2,0,0
2026-05-16T15:42:11.674,TRK,40.689458,-117.974547,12923.0,49.2,259.8,242.9,3,6,3,0,0
2026-05-16T15:42:11.774,TRK,40.689492,-117.974595,12893.8,47.1,260.3,234.1,2,6,3,0,0
2026-05-16T15:42:11.874,TRK,40.689473,-117.974580,12937.6,51.0,264.7,233.4,2,5,2,0,0
2026-05-16T15:42:11.974,TRK,40.689439,-117.974608,12970.9,53.3,263.1,236.2,3,5,2,0,0
2026-05-16T15:42:12.074,TRK,40.689464,-117.974635,12982.8,51.2,262.4,235.7,3,8,5,2,0
2026-05-16T15:42:12.174,TRK,40.689459,-117.974684,13003.0,45.7,264.4,220.6,3,6,3,0,0
2026-05-16T15:42:12.274,TRK,40.689465,-117.974675,13026.6,50.2,264.1,220.3,3,8,5,2,0
2026-05-16T15:42:12.374,TRK,40.689456,-117.974689,13064.1,49.5,258.4,216.9,3,6,3,0,0
2026-05-16T15:42:12.474,TRK,40.689458,-117.974701,13074.5,50.5,259.9,212.8,3,6,3,0,0
2026-05-16T15:42:12.574,TRK,40.689469,-117.974713,13109.7,48.2,261.0,207.1,3,8,5,2,0
2026-05-16T15:42:12.674,TRK,40.689442,-117.974746,13150.1,51.9,262.0,198.5,3,7,4,1,0
2026-05-16T15:42:12.774,TRK,40.689459,-117.974769,13124.5,52.2,262.0,201.6,3,7,4,1,0
2026-05-16T15:42:12.874,TRK,40.689465,-117.974780,13147.5,52.6,260.8,193.9,3,4,1,0,0
2026-05-16T15:42:12.974,TRK,40.689466,-117.974762,13171.2,53.4,256.3,189.0,3,6,3,0,0
2026-05-16T15:42:13.074,TRK,40.689470,-117.974813,13200.3,54.9,258.8,190.0,3,6,3,0,0
2026-05-16T15:42:13.174,TRK,40.689455,-117.974814,13221.5,51.5,262.5,186.7,3,6,3,0,0
2026-05-16T15:42:13.274,TRK,40.689434,-117.974835,13277.9,52.3,258.3,185.5,3,5,2,0,0
2026-05-16T15:42:13.374,TRK,40.689416,-117.974846,13210.5,51.3,263.9,175.0,3,5,2,0,0
2026-05-16T15:42:13.474,TRK,40.689453,-117.974898,13286.8,53.1,261.4,166.4,3,7,4,1,0
2026-05-16T15:42:13.574,TRK,40.689460,-117.974908,13281.8,51.0,261.3,169.6,3,3,0,0,0
2026-05-16T15:42:13.674,TRK,40.689418,-117.974907,13332.6,52.9,261.3,171.5,2,7,4,1,0
2026-05-16T15:42:13.774,TRK,40.689413,-117.974900,13332.5,52.4,262.1,161.0,2,7,4,1,0
2026-05-16T15:42:13.874,TRK,40.689441,-117.974936,13336.1,50.9,259.9,154.6,3,5,2,0,0
2026-05-16T15:42:13.974,TRK,40.689451,-117.974997,13423.6,50.3,261.5,160.6,3,7,4,1,0
2026-05-16T15:42:14.074,TRK,40.689404,-117.975012,13404.0,56.0,259.5,154.3,3,7,4,1,0
2026-05-16T15:42:14.174,TRK,40.689446,-117.974980,13384.0,53.0,258.7,152.4,3,7,4,1,0
2026-05-16T15:42:14.274,TRK,40.689399,-117.975016,13415.0,51.1,264.2,144.3,3,6,3,0,0
2026-05-16T15:42:14.374,TRK,40.689388,-117.975038,13477.0,50.7,258.3,141.2,3,6,3,0,0
2026-05-16T15:42:14.474,TRK,40.689425,-117.975101,13427.1,51.8,257.7,135.5,3,5,2,0,0
2026-05-16T15:42:14.574,TRK,40.689397,-117.975083,13465.5,51.1,262.4,133.3,3,5,2,0,0
2026-05-16T15:42:14.674,TRK,40.689431,-117.975113,13452.3,55.5,261.5,127.1,3,7,4,1,0
2026-05-16T15:42:14.774,TRK,40.689387,-117.975103,13429.8,49.8,260.8,128.9,3,5,2,0,0
2026-05-16T15:42:14.874,TRK,40.689385,-117.975106,13510.3,51.5,259.2,115.5,3,9,6,3,0
2026-05-16T15:42:14.974,TRK,40.689431,-117.975185,13524.5,52.8,261.0,122.7,3,5,2,0,0
2026-05-16T15:42:15.074,TRK,40.689363,-117.975177,13556.4,52.8,261.6,114.7,3,7,4,1,0
2026-05-16T15:42:15.174,TRK,40.689421,-117.975224,13494.8,56.2,256.5,112.4,3,5,2,0,0
2026-05-16T15:42:15.274,TRK,40.689376,-117.975253,13530.4,53.7,260.1,100.0,3,6,3,0,0
2026-05-16T15:42:15.374,TRK,40.689395,-117.975223,13576.1,51.9,261.4,113.1,3,6,3,0,0
2026-05-16T15:42:15.474,TRK,40.689394,-117.975279,13521.5,52.7,257.4,95.7,3,6,3,0,0
2026-05-16T15:42:15.574,TRK,40.689395,-117.975257,13527.9,56.4,260.2,103.0,3,7,4,1,0
2026-05-16T15:42:15.674,TRK,40.689388,-117.975309,13568.4,51.7,258.0,95.8,3,7,4,1,0
2026-05-16T15:42:15.774,TRK,40.689365,-117.975294,13567.2,50.5,255.6,90.6,3,5,2,0,0
2026-05-16T15:42:15.874,TRK,40.689352,-117.975315,13544.0,50.8,260.2,87.3,3,6,3,0,0
2026-05-16T15:42:15.974,TRK,40.689372,-117.975335,13608.1,56.7,262.9,89.3,3,7,4,1,0
2026-05-16T15:42:16.074,TRK,40.689351,-117.975407,13578.4,54.2,261.6,80.8,3,7,4,1,0
2026-05-16T15:42:16.176,TRK,40.689352,-117.975344,13639.0,53.4,257.8,81.2,3,6,3,0,0
2026-05-16T15:42:16.278,TRK,40.689329,-117.975413,13592.1,50.1,262.1,79.5,3,7,4,1,0
2026-05-16T15:42:16.378,TRK,40.689369,-117.975401,13617.0,53.7,260.3,68.2,3,5,2,0,0
2026-05-16T15:42:16.478,TRK,40.689375,-117.975426,13643.7,56.5,261.8,65.8,3,5,2,0,0
2026-05-16T15:42:16.580,TRK,40.689360,-117.975530,13631.5,54.1,259.9,63.0,3,8,5,2,0
2026-05-16T15:42:16.682,TRK,40.689350,-117.975524,13652.6,53.8,260.3,57.6,3,7,4,1,0
2026-05-16T15:42:16.782,TRK,40.689357,-117.975502,13662.9,52.6,261.7,57.2,3,5,2,0,0
2026-05-16T15:42:16.882,TRK,40.689357,-117.975504,13654.3,52.4,260.3,57.2,3,7,4,1,0
2026-05-16T15:42:16.984,TRK,40.689346,-117.975576,13620.8,53.5,260.8,52.5,3,7,4,1,0
2026-05-16T15:42:17.086,TRK,40.689322,-117.975557,13638.2,53.0,258.1,47.9,3,8,5,2,0
2026-05-16T15:42:17.188,TRK,40.689378,-117.975599,13636.0,53.1,256.5,47.2,3,6,3,0,0
2026-05-16T15:42:17.288,TRK,40.689364,-117.975605,13688.6,55.4,263.5,45.4,3,6,3,0,0
2026-05-16T15:42:17.388,TRK,40.689343,-117.975646,13700.6,54.8,257.6,39.6,3,9,6,3,0
2026-05-16T15:42:17.490,TRK,40.689343,-117.975648,13726.8,57.7,260.3,31.8,3,7,4,1,0
2026-05-16T15:42:17.592,TRK,40.689321,-117.975669,13657.3,54.5,260.9,25.9,3,7,4,1,0
2026-05-16T15:42:17.692,TRK,40.689311,-117.975672,13718.2,52.5,262.4,27.0,3,5,2,0,0
2026-05-16T15:42:17.792,TRK,40.689336,-117.975686,13722.4,57.1,260.7,23.7,3,7,4,1,0
2026-05-16T15:42:17.894,TRK,40.689352,-117.975682,13722.2,56.1,260.2,19.6,3,9,6,3,0
2026-05-16T15:42:17.996,TRK,40.689313,-117.975736,13734.2,53.5,261.6,20.6,3,7,4,1,0
2026-05-16T15:42:18.096,TRK,40.689317,-117.975777,13652.0,52.5,260.3,18.3,3,6,3,0,0
2026-05-16T15:42:18.196,TRK,40.689338,-117.975803,13670.6,53.9,260.1,15.9,3,6,3,0,0
2026-05-16T15:42:18.298,TRK,40.689305,-117.975798,13721.5,52.1,257.5,5.5,3,6,3,0,0
2026-05-16T15:42:18.400,TRK,40.689315,-117.975825,13750.6,54.9,260.0,8.5,3,6,3,0,0
2026-05-16T15:42:18.502,TRK,40.689325,-117.975846,13720.6,53.6,256.7,5.6,2,6,3,0,0
2026-05-16T15:42:18.602,TRK,40.689300,-117.975889,13704.0,54.5,259.4,3.2,3,6,3,0,0
2026-05-16T15:42:18.702,TRK,40.689322,-117.975886,13716.7,53.7,260.7,-5.4,3,7,4,1,0
2026-05-16T15:42:18.804,TRK,40.689343,-117.975921,13712.1,54.5,257.9,-5.3,3,8,5,2,0
2026-05-16T15:42:18.906,TRK,40.689314,-117.975913,13677.2,54.7,261.0,-10.1,3,7,4,1,0
2026-05-16T15:42:19.006,TRK,40.689308,-117.975978,13700.4,57.0,258.5,-8.6,3,5,2,0,0
2026-05-16T15:42:19.106,TRK,40.689298,-117.975934,13726.1,56.5,254.9,-22.6,3,5,2,0,0
2026-05-16T15:42:19.208,TRK,40.689320,-117.975986,13680.7,56.7,257.9,-21.1,3,7,4,1,0
2026-05-16T15:42:19.310,TRK,40.689308,-117.976009,13715.1,59.9,258.5,-16.5,3,7,4,1,0
2026-05-16T15:42:19.410,TRK,40.689305,-117.976053,13707.5,57.3,257.9,-21.5,3,8,5,2,0
2026-05-16T15:42:19.510,TRK,40.689278,-117.976041,13735.8,60.5,259.1,-30.0,3,6,3,0,0
2026-05-16T15:42:19.612,TRK,40.689277,-117.976084,13680.8,63.0,256.2,-26.8,3,8,5,2,0
2026-05-16T15:42:19.714,TRK,40.689274,-117.976078,13713.9,57.4,257.5,-32.4,3,5,2,0,0
2026-05-16T15:42:19.814,TRK,40.689270,-117.976106,13708.8,61.1,256.4,-29.5,3,7,4,1,0
2026-05-16T15:42:19.914,TRK,40.689274,-117.976120,13666.3,60.8,256.8,-32.2,3,6,3,0,0
2026-05-16T15:42:20.016,TRK,40.689231,-117.976094,13651.7,61.6,255.0,-38.8,3,7,4,1,0
2026-05-16T15:42:20.118,TRK,40.689245,-117.976216,13636.5,65.3,254.9,-43.1,3,7,4,1,0
2026-05-16T15:42:20.220,TRK,40.689259,-117.976197,13662.4,62.0,255.1,-35.3,3,8,5,2,0
2026-05-16T15:42:20.320,TRK,40.689274,-117.976248,13655.0,61.7,254.9,-51.8,3,7,4,1,0
2026-05-16T15:42:20.420,TRK,40.689246,-117.976258,13676.5,58.9,256.4,-40.3,3,8,5,2,0
2026-05-16T15:42:20.522,TRK,40.689240,-117.976242,13607.3,70.1,257.2,-46.4,3,5,2,0,0
2026-05-16T15:42:20.624,TRK,40.689262,-117.976305,13647.6,69.3,252.8,-51.8,3,6,3,0,0
2026-05-16T15:42:20.724,TRK,40.689244,-117.976333,13657.6,65.0,250.2,-56.2,3,6,3,0,0
2026-05-16T15:42:20.824,TRK,40.689221,-117.976315,13599.9,65.0,253.0,-49.1,3,7,4,1,0
2026-05-16T15:42:20.926,TRK,40.689235,-117.976356,13622.9,66.9,253.8,-54.7,3,7,4,1,0
2026-05-16T15:42:21.028,TRK,40.689212,-117.976396,13632.3,68.5,253.1,-54.9,3,6,3,0,0
2026-05-16T15:42:21.128,TRK,40.689188,-117.976440,13621.8,69.6,250.9,-51.2,3,6,3,0,0
2026-05-16T15:42:21.228,TRK,40.689195,-117.976392,13631.3,68.8,254.8,-51.5,3,10,7,4,1
2026-05-16T15:42:21.330,TRK,40.689163,-117.976403,13631.4,68.8,254.2,-55.4,3,6,3,0,0
2026-05-16T15:42:21.432,TRK,40.689176,-117.976493,13636.9,68.2,251.5,-65.8,3,6,3,0,0
2026-05-16T15:42:21.534,TRK,40.689228,-117.976503,13593.5,69.5,251.7,-57.4,3,6,3,0,0
2026-05-16T15:42:21.634,TRK,40.689176,-117.976536,13611.5,71.1,250.4,-60.9,3,5,2,0,0
2026-05-16T15:42:21.734,TRK,40.689146,-117.976538,13611.9,73.7,252.5,-61.1,3,4,1,0,0
2026-05-16T15:42:21.836,TRK,40.689190,-117.976565,13594.6,70.4,254.0,-56.5,3,5,2,0,0
2026-05-16T15:42:21.938,TRK,40.689205,-117.976564,13571.0,71.9,251.8,-60.3,3,6,3,0,0
2026-05-16T15:42:22.038,TRK,40.689155,-117.976658,13560.2,71.5,252.0,-60.4,3,3,0,0,0
2026-05-16T15:42:22.138,TRK,40.689176,-117.976645,13581.4,71.8,253.7,-63.2,3,6,3,0,0
2026-05-16T15:42:22.240,TRK,40.689182,-117.976683,13559.1,72.3,252.1,-62.9,3,6,3,0,0
2026-05-16T15:42:22.342,TRK,40.689196,-117.976704,13538.4,76.6,250.2,-65.5,3,6,3,0,0
2026-05-16T15:42:22.442,TRK,40.689138,-117.976724,13554.2,71.2,252.3,-64.4,3,8,5,2,0
2026-05-16T15:42:22.542,TRK,40.689156,-117.976760,13524.8,77.8,251.4,-61.7,3,7,4,1,0
2026-05-16T15:42:22.644,TRK,40.689128,-117.976766,13555.0,78.3,253.8,-67.1,3,5,2,0,0
2026-05-16T15:42:22.746,TRK,40.689132,-117.976810,13539.3,75.6,253.1,-65.5,3,6,3,0,0
2026-05-16T15:42:22.848,TRK,40.689103,-117.976831,13495.7,74.6,251.0,-62.2,3,7,4,1,0
2026-05-16T15:42:22.948,TRK,40.689103,-117.976791,13553.5,77.1,252.0,-69.1,3,6,3,0,0
2026-05-16T15:42:23.048,TRK,40.689101,-117.976881,13486.3,76.5,250.6,-62.1,3,5,2,0,0
2026-05-16T15:42:23.150,TRK,40.689120,-117.976932,13466.8,77.5,250.6,-65.9,3,5,2,0,0
2026-05-16T15:42:23.252,TRK,40.689083,-117.976958,13470.5,79.0,250.9,-60.2,3,6,3,0,0
2026-05-16T15:42:23.352,TRK,40.689054,-117.976944,13512.3,77.4,251.9,-68.3,3,6,3,0,0
2026-05-16T15:42:23.452,TRK,40.689063,-117.976959,13435.5,76.4,248.8,-67.0,3,5,2,0,0
2026-05-16T15:42:23.554,TRK,40.689053,-117.977064,13479.9,77.4,251.8,-66.0,2,6,3,0,0
2026-05-16T15:42:23.656,TRK,40.689049,-117.977030,13446.8,76.3,252.4,-73.7,3,6,3,0,0
2026-05-16T15:42:23.756,TRK,40.689040,-117.977089,13411.6,75.9,251.7,-67.4,3,8,5,2,0
2026-05-16T15:42:23.856,TRK,40.689033,-117.977111,13414.9,77.7,252.5,-70.2,3,7,4,1,0
2026-05-16T15:42:23.958,TRK,40.689054,-117.977113,13443.9,81.2,252.1,-65.2,3,5,2,0,0
2026-05-16T15:42:24.060,TRK,40.689055,-117.977153,13427.5,75.2,251.2,-73.9,3,6,3,0,0
2026-05-16T15:42:24.162,TRK,40.688981,-117.977150,13431.5,78.0,248.4,-65.2,3,8,5,2,0
2026-05-16T15:42:24.262,TRK,40.688996,-117.977192,13431.6,77.3,248.7,-68.3,3,6,3,0,0
2026-05-16T15:42:24.362,TRK,40.689010,-117.977257,13418.5,81.5,251.1,-66.9,3,9,6,3,0
2026-05-16T15:42:24.464,TRK,40.688962,-117.977246,13458.9,78.4,250.0,-64.6,3,6,3,0,0
2026-05-16T15:42:24.566,TRK,40.688990,-117.977317,13440.4,77.4,251.6,-68.0,3,6,3,0,0
2026-05-16T15:42:24.666,TRK,40.688987,-117.977358,13397.8,80.7,250.4,-75.8,2,8,5,2,0
2026-05-16T15:42:24.766,TRK,40.688973,-117.977366,13381.5,81.6,249.6,-61.7,3,5,2,0,0
2026-05-16T15:42:24.868,TRK,40.688986,-117.977360,13404.5,79.7,250.9,-70.2,3,5,2,0,0
2026-05-16T15:42:24.970,TRK,40.688972,-117.977368,13369.0,78.6,251.9,-72.3,3,5,2,0,0
2026-05-16T15:42:25.070,TRK,40.688961,-117.977415,13364.9,81.8,249.8,-70.9,3,4,1,0,0
2026-05-16T15:42:25.170,TRK,40.688902,-117.977451,13363.5,79.3,249.6,-73.2,3,8,5,2,0
2026-05-16T15:42:25.272,TRK,40.688957,-117.977487,13349.5,80.6,251.1,-67.7,3,9,6,3,0
2026-05-16T15:42:25.374,TRK,40.688935,-117.977545,13356.6,78.7,248.8,-66.3,2,6,3,0,0
2026-05-16T15:42:25.474,TRK,40.688895,-117.977580,13326.5,78.1,248.3,-70.6,3,6,3,0,0
2026-05-16T15:42:25.574,TRK,40.688931,-117.977554,13314.6,78.5,250.7,-70.7,3,6,3,0,0
2026-05-16T15:42:25.676,TRK,40.688905,-117.977581,13335.2,76.6,252.4,-72.8,3,6,3,0,0
2026-05-16T15:42:25.778,TRK,40.688903,-117.977618,13313.0,83.0,253.3,-66.0,3,6,3,0,0
2026-05-16T15:42:25.880,TRK,40.688900,-117.977628,13328.5,78.8,248.7,-70.9,3,7,4,1,0
2026-05-16T15:42:25.980,TRK,40.688884,-117.977716,13296.7,78.8,247.9,-70.1,3,5,2,0,0
2026-05-16T15:42:26.080,TRK,40.688871,-117.977682,13297.0,80.0,249.7,-71.7,3,6,3,0,0
2026-05-16T15:42:26.182,TRK,40.688893,-117.977759,13292.3,81.2,250.1,-69.2,3,7,4,1,0
2026-05-16T15:42:26.284,TRK,40.688863,-117.977772,13283.5,81.4,249.5,-67.9,3,6,3,0,0
2026-05-16T15:42:26.384,TRK,40.688858,-117.977792,13299.6,80.2,250.0,-62.8,3,9,6,3,0
2026-05-16T15:42:26.484,TRK,40.688836,-117.977819,13278.6,80.4,250.4,-69.2,3,6,3,0,0
2026-05-16T15:42:26.586,TRK,40.688850,-117.977897,13281.8,79.2,251.3,-71.2,3,5,2,0,0
2026-05-16T15:42:26.688,TRK,40.688868,-117.977870,13241.4,80.5,251.5,-69.1,3,5,2,0,0
2026-05-16T15:42:26.788,TRK,40.688809,-117.977882,13263.0,79.8,250.3,-67.9,3,3,0,0,0
2026-05-16T15:42:26.888,TRK,40.688806,-117.977956,13261.9,83.4,250.2,-69.1,3,9,6,3,0
2026-05-16T15:42:26.990,TRK,40.688816,-117.977955,13249.1,79.7,249.3,-68.8,3,5,2,0,0
2026-05-16T15:42:27.092,TRK,40.688823,-117.977967,13225.8,79.9,249.7,-62.4,3,9,6,3,0
2026-05-16T15:42:27.194,TRK,40.688807,-117.978028,13192.6,78.4,250.1,-66.2,2,6,3,0,0
2026-05-16T15:42:27.294,TRK,40.688793,-117.978037,13204.2,81.1,249.3,-67.1,3,6,3,0,0
2026-05-16T15:42:27.394,TRK,40.688778,-117.978105,13189.9,81.5,251.6,-71.4,3,7,4,1,0
2026-05-16T15:42:27.496,TRK,40.688817,-117.978111,13191.2,80.6,250.4,-67.7,3,7,4,1,0
2026-05-16T15:42:27.598,TRK,40.688747,-117.978158,13187.6,78.1,250.0,-72.3,3,9,6,3,0
2026-05-16T15:42:27.698,TRK,40.688761,-117.978189,13177.6,80.8,251.0,-69.7,3,8,5,2,0
2026-05-16T15:42:27.798,TRK,40.688725,-117.978183,13215.7,82.6,252.0,-64.7,3,9,6,3,0
2026-05-16T15:42:27.900,TRK,40.688756,-117.978203,13171.8,79.0,250.2,-65.5,3,5,2,0,0
2026-05-16T15:42:28.002,TRK,40.688758,-117.978215,13172.5,82.1,250.0,-69.4,3,7,4,1,0
2026-05-16T15:42:28.102,TRK,40.688703,-117.978261,13164.6,79.5,250.4,-70.4,3,5,2,0,0
2026-05-16T15:42:28.202,TRK,40.688726,-117.978279,13125.9,83.4,251.1,-76.2,3,4,1,0,0
2026-05-16T15:42:28.304,TRK,40.688701,-117.978283,13130.7,81.4,248.1,-77.7,3,7,4,1,0
2026-05-16T15:42:28.406,TRK,40.688704,-117.978338,13134.1,79.4,249.2,-65.5,2,5,2,0,0
2026-05-16T15:42:28.508,TRK,40.688713,-117.978359,13125.7,80.6,247.9,-72.0,3,5,2,0,0
2026-05-16T15:42:28.608,TRK,40.688697,-117.978372,13134.6,80.6,249.9,-67.3,3,6,3,0,0
2026-05-16T15:42:28.708,TRK,40.688695,-117.978438,13133.1,79.7,248.7,-68.9,3,5,2,0,0
2026-05-16T15:42:28.810,TRK,40.688680,-117.978423,13082.5,80.6,249.8,-67.1,3,6,3,0,0
2026-05-16T15:42:28.912,TRK,40.688652,-117.978510,13077.5,80.0,250.8,-65.9,3,4,1,0,0
2026-05-16T15:42:29.012,TRK,40.688659,-117.978511,13076.5,79.2,251.2,-64.5,3,5,2,0,0
2026-05-16T15:42:29.112,TRK,40.688673,-117.978517,13070.9,79.0,251.7,-75.6,3,7,4,1,0
2026-05-16T15:42:29.214,TRK,40.688623,-117.978524,13060.9,81.8,250.8,-73.2,3,7,4,1,0
2026-05-16T15:42:29.316,TRK,40.688629,-117.978616,13082.0,81.3,250.9,-70.6,3,10,7,4,1
2026-05-16T15:42:29.416,TRK,40.688654,-117.978670,13067.9,81.7,251.1,-70.3,3,6,3,0,0
2026-05-16T15:42:29.516,TRK,40.688626,-117.978661,13050.9,81.1,250.9,-67.0,3,5,2,0,0
2026-05-16T15:42:29.618,TRK,40.688612,-117.978657,13079.9,77.5,250.3,-72.7,3,7,4,1,0
2026-05-16T15:42:29.720,TRK,40.688642,-117.978704,13029.4,79.5,249.5,-66.9,3,3,0,0,0
2026-05-16T15:42:29.820,TRK,40.688585,-117.978746,13035.4,79.8,251.0,-75.3,3,6,3,0,0
2026-05-16T15:42:29.920,TRK,40.688609,-117.978720,13069.8,79.4,249.3,-70.1,3,4,1,0,0
2026-05-16T15:42:30.022,TRK,40.688575,-117.978778,12984.2,82.1,250.0,-62.1,3,5,2,0,0
2026-05-16T15:42:30.124,TRK,40.688575,-117.978856,13038.8,83.7,249.7,-65.8,3,3,0,0,0
2026-05-16T15:42:30.226,TRK,40.688587,-117.978823,13003.0,81.3,250.3,-64.2,3,7,4,1,0
2026-05-16T15:42:30.326,TRK,40.688552,-117.978840,13030.7,78.1,249.8,-75.8,3,6,3,0,0
2026-05-16T15:42:30.426,TRK,40.688550,-117.978945,13030.7,80.9,250.4,-62.8,3,5,2,0,0
2026-05-16T15:42:30.528,TRK,40.688560,-117.978916,12967.0,78.5,249.7,-68.1,3,6,3,0,0
2026-05-16T15:42:30.630,TRK,40.688510,-117.978982,12973.4,78.7,251.6,-67.5,3,7,4,1,0
2026-05-16T15:42:30.730,TRK,40.688529,-117.978995,12995.7,79.8,250.0,-65.9,3,6,3,0,0
2026-05-16T15:42:30.830,TRK,40.688526,-117.979003,12971.0,83.7,249.7,-67.5,3,3,0,0,0
2026-05-16T15:42:30.932,TRK,40.688497,-117.979025,12969.6,78.6,251.4,-71.9,3,4,1,0,0
2026-05-16T15:42:31.034,TRK,40.688508,-117.979125,12977.4,79.8,250.6,-62.7,3,7,4,1,0
2026-05-16T15:42:31.134,TRK,40.688515,-117.979050,12956.7,78.1,250.2,-72.5,3,9,6,3,0
2026-05-16T15:42:31.234,TRK,40.688503,-117.979123,12940.9,80.9,249.3,-68.0,3,6,3,0,0
2026-05-16T15:42:31.336,TRK,40.688465,-117.979175,12931.2,78.8,251.7,-73.3,3,5,2,0,0
2026-05-16T15:42:31.438,TRK,40.688500,-117.979164,12917.4,79.8,251.0,-70.7,3,6,3,0,0
2026-05-16T15:42:31.540,TRK,40.688472,-117.979239,12917.7,82.0,251.6,-66.4,3,5,2,0,0
2026-05-16T15:42:31.640,TRK,40.688454,-117.979266,12905.1,80.3,250.5,-68.0,3,4,1,0,0
2026-05-16T15:42:31.740,TRK,40.688461,-117.979250,12883.9,78.1,251.1,-76.4,3,9,6,3,0
2026-05-16T15:42:31.842,TRK,40.688453,-117.979239,12905.1,80.8,249.2,-73.4,3,6,3,0,0
2026-05-16T15:42:31.944,TRK,40.688436,-117.979313,12903.4,79.3,251.1,-61.8,2,5,2,0,0
2026-05-16T15:42:32.044,TRK,40.688413,-117.979318,12936.7,79.1,252.0,-63.4,3,5,2,0,0
2026-05-16T15:42:32.146,TRK,40.688419,-117.979377,12828.3,78.5,252.2,-62.1,3,7,4,1,0
2026-05-16T15:42:32.246,TRK,40.688426,-117.979371,12915.5,81.1,249.2,-66.3,3,5,2,0,0
2026-05-16T15:42:32.346,TRK,40.688388,-117.979460,12933.1,76.0,247.9,-69.1,3,6,3,0,0
2026-05-16T15:42:32.448,TRK,40.688405,-117.979408,12805.0,82.1,249.6,-72.5,3,6,3,0,0
2026-05-16T15:42:32.548,TRK,40.688384,-117.979447,12842.3,80.4,250.0,-69.9,3,6,3,0,0
2026-05-16T15:42:32.648,TRK,40.688391,-117.979497,12864.3,76.5,251.0,-65.3,3,4,1,0,0
2026-05-16T15:42:32.750,TRK,40.688390,-117.979528,12836.2,80.8,250.3,-64.7,3,4,1,0,0
2026-05-16T15:42:32.850,TRK,40.688386,-117.979543,12811.3,79.6,250.3,-74.2,3,5,2,0,0
2026-05-16T15:42:32.950,TRK,40.688349,-117.979599,12853.9,75.6,253.0,-64.3,3,6,3,0,0
2026-05-16T15:42:33.052,TRK,40.688367,-117.979679,12823.0,79.1,248.5,-68.9,3,5,2,0,0
2026-05-16T15:42:33.152,TRK,40.688393,-117.979637,12810.9,81.0,250.4,-68.0,3,4,1,0,0
2026-05-16T15:42:33.252,TRK,40.688346,-117.979664,12820.4,77.4,248.8,-71.2,3,7,4,1,0
2026-05-16T15:42:33.352,TRK,40.688329,-117.979683,12816.0,80.6,252.0,-74.5,3,7,4,1,0
2026-05-16T15:42:33.454,TRK,40.688289,-117.979710,12750.5,81.5,251.5,-71.0,3,6,3,0,0
2026-05-16T15:42:33.554,TRK,40.688303,-117.979724,12769.2,76.4,251.2,-67.6,3,6,3,0,0
2026-05-16T15:42:33.654,TRK,40.688299,-117.979803,12785.6,83.0,248.4,-71.3,3,5,2,0,0
2026-05-16T15:42:33.756,TRK,40.688287,-117.979790,12754.2,81.1,251.7,-70.6,3,7,4,1,0
2026-05-16T15:42:33.856,TRK,40.688286,-117.979847,12811.3,80.1,248.1,-68.2,3,5,2,0,0
2026-05-16T15:42:33.956,TRK,40.688272,-117.979826,12728.9,77.1,250.3,-68.6,3,3,0,0,0
2026-05-16T15:42:34.058,TRK,40.688264,-117.979840,12697.9,79.6,250.0,-67.6,3,6,3,0,0
2026-05-16T15:42:34.158,TRK,40.688266,-117.979933,12755.1,78.6,251.3,-74.6,3,7,4,1,0
2026-05-16T15:42:34.258,TRK,40.688257,-117.979949,12776.6,77.8,250.4,-64.4,2,8,5,2,0
2026-05-16T15:42:34.358,TRK,40.688226,-117.980021,12750.0,78.4,250.7,-71.5,2,6,3,0,0
2026-05-16T15:42:34.460,TRK,40.688229,-117.979997,12731.8,80.7,248.2,-71.7,3,7,4,1,0
2026-05-16T15:42:34.560,TRK,40.688312,-117.980038,12727.4,78.2,248.8,-68.6,3,6,3,0,0
2026-05-16T15:42:34.660,TRK,40.688254,-117.980052,12722.9,81.0,249.3,-69.7,3,6,3,0,0
2026-05-16T15:42:34.762,TRK,40.688200,-117.980000,12718.1,80.9,250.9,-70.8,3,7,4,1,0
2026-05-16T15:42:34.862,TRK,40.688192,-117.980087,12696.7,78.9,248.5,-77.9,3,6,3,0,0
2026-05-16T15:42:34.962,TRK,40.688229,-117.980085,12655.5,80.2,248.9,-66.3,3,6,3,0,0
2026-05-16T15:42:35.064,TRK,40.688202,-117.980103,12626.9,80.2,250.1,-66.8,3,6,3,0,0
2026-05-16T15:42:35.164,TRK,40.688200,-117.980179,12679.2,79.6,250.7,-72.2,3,7,4,1,0
2026-05-16T15:42:35.264,TRK,40.688183,-117.980239,12650.1,75.0,251.0,-67.9,3,5,2,0,0
2026-05-16T15:42:35.366,TRK,40.688192,-117.980260,12658.3,77.7,250.3,-68.8,3,3,0,0,0
2026-05-16T15:42:35.466,TRK,40.688171,-117.980218,12636.1,73.6,250.6,-72.7,3,5,2,0,0
2026-05-16T15:42:35.566,TRK,40.688172,-117.980281,12648.3,74.9,248.5,-69.6,3,6,3,0,0
2026-05-16T15:42:35.666,TRK,40.688147,-117.980357,12603.7,79.2,250.0,-70.4,3,6,3,0,0
2026-05-16T15:42:35.768,TRK,40.688142,-117.980382,12657.3,75.9,249.2,-70.5,3,4,1,0,0
2026-05-16T15:42:35.868,TRK,40.688138,-117.980351,12640.4,78.3,249.7,-62.1,3,6,3,0,0
2026-05-16T15:42:35.968,TRK,40.688156,-117.980401,12623.1,78.4,249.0,-64.1,3,7,4,1,0
2026-05-16T15:42:36.070,TRK,40.688132,-117.980380,12600.5,77.0,250.2,-68.6,3,5,2,0,0
2026-05-16T15:42:36.170,TRK,40.688154,-117.980436,12578.1,77.1,252.7,-62.5,3,4,1,0,0
2026-05-16T15:42:36.270,TRK,40.688118,-117.980462,12599.0,77.8,250.3,-68.7,3,9,6,3,0
2026-05-16T15:42:36.372,TRK,40.688130,-117.980505,12625.9,79.1,250.2,-60.4,3,5,2,0,0
2026-05-16T15:42:36.472,TRK,40.688103,-117.980520,12576.2,76.7,251.7,-72.7,3,5,2,0,0
2026-05-16T15:42:36.572,TRK,40.688083,-117.980513,12542.7,80.4,250.8,-70.0,3,7,4,1,0
2026-05-16T15:42:36.672,TRK,40.688093,-117.980591,12538.8,78.8,249.1,-63.6,3,5,2,0,0
2026-05-16T15:42:36.774,TRK,40.688073,-117.980583,12537.6,76.3,250.4,-71.6,3,5,2,0,0
2026-05-16T15:42:36.874,TRK,40.688072,-117.980701,12565.3,80.8,248.9,-62.7,3,7,4,1,0
2026-05-16T15:42:36.974,TRK,40.688044,-117.980698,12530.7,78.5,250.6,-70.4,3,8,5,2,0
2026-05-16T15:42:37.076,TRK,40.688067,-117.980673,12503.0,77.7,249.0,-68.9,3,6,3,0,0
2026-05-16T15:42:37.176,TRK,40.688049,-117.980715,12553.3,79.3,248.4,-66.5,3,5,2,0,0
2026-05-16T15:42:37.276,TRK,40.688054,-117.980733,12557.3,78.5,247.6,-74.1,3,6,3,0,0
2026-05-16T15:42:37.378,TRK,40.688019,-117.980772,12506.2,77.9,251.1,-67.7,3,6,3,0,0
2026-05-16T15:42:37.478,TRK,40.688017,-117.980798,12503.2,79.1,249.3,-71.2,3,5,2,0,0
2026-05-16T15:42:37.578,TRK,40.688031,-117.980838,12484.1,76.2,248.2,-64.8,3,6,3,0,0
2026-05-16T15:42:37.680,TRK,40.688025,-117.980791,12528.3,79.9,249.4,-66.7,3,3,0,0,0
2026-05-16T15:42:37.780,TRK,40.687969,-117.980916,12521.5,76.2,250.1,-70.0,3,5,2,0,0
2026-05-16T15:42:37.880,TRK,40.687981,-117.980954,12452.6,77.8,250.0,-69.3,2,6,3,0,0
2026-05-16T15:42:37.980,TRK,40.687969,-117.980916,12473.3,76.6,250.2,-70.4,3,6,3,0,0
2026-05-16T15:42:38.082,TRK,40.687988,-117.981013,12493.6,77.8,249.6,-67.4,3,6,3,0,0
2026-05-16T15:42:38.182,TRK,40.687984,-117.980940,12494.8,77.3,248.5,-65.1,3,6,3,0,0
2026-05-16T15:42:38.282,TRK,40.687954,-117.980985,12458.4,78.8,251.1,-68.7,3,5,2,0,0
2026-05-16T15:42:38.384,TRK,40.687978,-117.981004,12465.6,77.6,251.6,-71.1,3,7,4,1,0
2026-05-16T15:42:38.484,TRK,40.687957,-117.981085,12462.1,79.0,252.1,-67.3,3,6,3,0,0
2026-05-16T15:42:38.584,TRK,40.687935,-117.981038,12445.1,80.3,250.7,-64.9,3,4,1,0,0
2026-05-16T15:42:38.686,TRK,40.687947,-117.981043,12410.9,77.9,250.5,-67.7,3,8,5,2,0
2026-05-16T15:42:38.786,TRK,40.687911,-117.981124,12443.1,77.5,249.9,-65.4,3,6,3,0,0
2026-05-16T15:42:38.886,TRK,40.687940,-117.981176,12398.3,77.8,249.6,-62.8,3,5,2,0,0
2026-05-16T15:42:38.986,TRK,40.687892,-117.981207,12405.3,78.9,251.1,-69.9,3,5,2,0,0
2026-05-16T15:42:39.088,TRK,40.687934,-117.981212,12387.2,77.9,250.5,-66.1,3,4,1,0,0
2026-05-16T15:42:39.188,TRK,40.687927,-117.981232,12406.7,77.6,247.9,-76.7,3,4,1,0,0
2026-05-16T15:42:39.288,TRK,40.687908,-117.981286,12346.6,76.2,249.7,-73.2,3,4,1,0,0
2026-05-16T15:42:39.390,TRK,40.687936,-117.981324,12336.7,78.7,250.0,-68.8,3,4,1,0,0
2026-05-16T15:42:39.490,TRK,40.687886,-117.981382,12395.4,74.4,247.5,-67.3,2,6,3,0,0
2026-05-16T15:42:39.590,TRK,40.687872,-117.981336,12385.1,75.7,250.2,-68.2,3,8,5,2,0
2026-05-16T15:42:39.692,TRK,40.687838,-117.981352,12391.5,75.0,247.2,-64.1,3,7,4,1,0
2026-05-16T15:42:39.792,TRK,40.687882,-117.981387,12389.2,78.0,249.0,-68.6,3,8,5,2,0
2026-05-16T15:42:39.892,TRK,40.687857,-117.981460,12321.4,73.8,248.3,-66.6,3,6,3,0,0
2026-05-16T15:42:39.994,TRK,40.687866,-117.981495,12361.7,77.7,248.8,-69.2,3,3,0,0,0
2026-05-16T15:42:40.094,TRK,40.687809,-117.981506,12319.9,76.4,250.8,-70.1,3,10,7,4,1
2026-05-16T15:42:40.194,TRK,40.687822,-117.981449,12287.7,80.1,249.0,-71.2,3,6,3,0,0
2026-05-16T15:42:40.294,TRK,40.687857,-117.981559,12355.4,78.1,250.9,-69.2,3,8,5,2,0
2026-05-16T15:42:40.396,TRK,40.687805,-117.981587,12343.2,76.8,248.0,-64.3,3,6,3,0,0
2026-05-16T15:42:40.496,TRK,40.687803,-117.981616,12292.0,76.3,249.3,-61.6,3,3,0,0,0
2026-05-16T15:42:40.596,TRK,40.687805,-117.981541,12279.7,78.3,247.6,-71.8,3,6,3,0,0
2026-05-16T15:42:40.698,TRK,40.687825,-117.981665,12280.1,75.2,251.2,-68.9,3,5,2,0,0
2026-05-16T15:42:40.798,TRK,40.687766,-117.981662,12247.9,77.8,248.9,-72.8,3,8,5,2,0
2026-05-16T15:42:40.898,TRK,40.687749,-117.981711,12329.6,75.9,247.9,-65.4,3,5,2,0,0
2026-05-16T15:42:41.000,TRK,40.687797,-117.981746,12257.0,79.9,252.6,-70.7,3,6,3,0,0
2026-05-16T15:42:41.100,TRK,40.687749,-117.981743,12256.6,75.6,247.5,-68.6,3,3,0,0,0
2026-05-16T15:42:41.200,TRK,40.687747,-117.981778,12267.3,76.7,248.9,-70.6,3,5,2,0,0
2026-05-16T15:42:41.300,TRK,40.687775,-117.981773,12237.3,75.5,249.0,-67.2,3,8,5,2,0
2026-05-16T15:42:41.402,TRK,40.687706,-117.981828,12233.2,77.8,248.9,-69.2,3,5,2,0,0
2026-05-16T15:42:41.502,TRK,40.687725,-117.981825,12301.5,78.2,249.7,-68.1,3,6,3,0,0
2026-05-16T15:42:41.602,TRK,40.687696,-117.981863,12261.8,77.2,252.1,-77.2,3,8,5,2,0
2026-05-16T15:42:41.704,TRK,40.687746,-117.981902,12202.9,77.2,246.8,-75.8,3,6,3,0,0
2026-05-16T15:42:41.804,TRK,40.687687,-117.981912,12214.3,74.3,249.6,-68.7,3,6,3,0,0
2026-05-16T15:42:41.904,TRK,40.687733,-117.981987,12230.0,73.7,247.6,-69.0,2,7,4,1,0
2026-05-16T15:42:42.006,TRK,40.687703,-117.981981,12198.4,77.8,251.1,-67.5,3,6,3,0,0
2026-05-16T15:42:42.106,TRK,40.687706,-117.981974,12252.3,73.9,249.3,-65.7,2,6,3,0,0
2026-05-16T15:42:42.206,TRK,40.687681,-117.982015,12210.4,75.3,247.4,-70.7,3,7,4,1,0
2026-05-16T15:42:42.308,TRK,40.687648,-117.982060,12210.6,76.2,249.5,-70.9,3,5,2,0,0
2026-05-16T15:42:42.408,TRK,40.687667,-117.982030,12201.2,75.8,250.3,-74.2,3,8,5,2,0
2026-05-16T15:42:42.508,TRK,40.687651,-117.982124,12161.6,76.9,246.6,-68.2,3,6,3,0,0
2026-05-16T15:42:42.608,TRK,40.687662,-117.982168,12157.2,73.5,246.8,-69.5,3,6,3,0,0
2026-05-16T15:42:42.710,TRK,40.687638,-117.982141,12116.8,74.0,250.3,-67.8,2,6,3,0,0
2026-05-16T15:42:42.810,TRK,40.687620,-117.982152,12171.7,71.1,250.6,-65.4,3,10,7,4,1
2026-05-16T15:42:42.910,TRK,40.687633,-117.982222,12141.6,78.8,251.3,-66.5,3,8,5,2,0
2026-05-16T15:42:43.012,TRK,40.687637,-117.982222,12128.2,74.9,252.3,-69.8,3,6,3,0,0
2026-05-16T15:42:43.112,TRK,40.687605,-117.982298,12127.3,77.3,250.9,-63.7,3,7,4,1,0
2026-05-16T15:42:43.212,TRK,40.687623,-117.982288,12124.0,77.1,250.9,-66.7,3,8,5,2,0
2026-05-16T15:42:43.314,TRK,40.687629,-117.982314,12126.0,75.0,249.9,-63.3,3,5,2,0,0
2026-05-16T15:42:43.414,TRK,40.687605,-117.982362,12153.3,78.4,250.8,-65.4,3,4,1,0,0
2026-05-16T15:42:43.514,TRK,40.687577,-117.982381,12138.7,75.3,250.8,-67.7,3,6,3,0,0
2026-05-16T15:42:43.614,TRK,40.687596,-117.982354,12096.0,75.3,250.1,-68.1,3,7,4,1,0
2026-05-16T15:42:43.716,TRK,40.687587,-117.982410,12119.0,74.2,251.9,-63.6,3,5,2,0,0
2026-05-16T15:42:43.816,TRK,40.687582,-117.982428,12106.0,73.1,250.6,-72.6,3,6,3,0,0
2026-05-16T15:42:43.916,TRK,40.687552,-117.982430,12111.8,72.7,251.4,-65.9,3,5,2,0,0
2026-05-16T15:42:44.018,TRK,40.687544,-117.982475,12087.0,76.2,250.3,-64.1,3,5,2,0,0
2026-05-16T15:42:44.118,TRK,40.687559,-117.982537,12054.1,75.8,249.4,-62.3,3,8,5,2,0
2026-05-16T15:42:44.218,TRK,40.687548,-117.982556,12052.5,76.4,250.3,-64.3,3,5,2,0,0
2026-05-16T15:42:44.320,TRK,40.687529,-117.982608,12046.5,78.2,247.3,-65.9,3,10,7,4,1
2026-05-16T15:42:44.420,TRK,40.687532,-117.982623,12066.0,76.6,250.5,-64.4,3,7,4,1,0
2026-05-16T15:42:44.520,TRK,40.687562,-117.982698,12054.7,76.0,248.3,-65.3,2,6,3,0,0
2026-05-16T15:42:44.622,TRK,40.687520,-117.982684,12020.3,78.1,251.2,-61.8,3,4,1,0,0
2026-05-16T15:42:44.722,TRK,40.687485,-117.982665,12046.0,75.7,249.6,-67.7,3,6,3,0,0
2026-05-16T15:42:44.822,TRK,40.687491,-117.982722,12027.0,73.1,250.4,-71.5,3,7,4,1,0
2026-05-16T15:42:44.922,TRK,40.687501,-117.982688,12001.9,72.7,249.6,-69.8,3,5,2,0,0
2026-05-16T15:42:45.024,TRK,40.687513,-117.982777,12016.3,76.2,247.8,-68.1,3,5,2,0,0
2026-05-16T15:42:45.124,TRK,40.687456,-117.982795,12000.1,76.6,249.5,-61.3,3,6,3,0,0
2026-05-16T15:42:45.224,TRK,40.687467,-117.982780,12002.2,75.1,250.8,-65.8,3,8,5,2,0
2026-05-16T15:42:45.326,TRK,40.687465,-117.982832,12000.0,72.8,253.9,-69.9,3,6,3,0,0
2026-05-16T15:42:45.426,TRK,40.687456,-117.982878,11982.5,74.9,248.8,-71.1,3,6,3,0,0
2026-05-16T15:42:45.526,TRK,40.687448,-117.982859,11986.6,76.4,249.1,-64.5,3,6,3,0,0
2026-05-16T15:42:45.628,TRK,40.687426,-117.982930,11969.8,72.9,249.3,-67.3,3,4,1,0,0
2026-05-16T15:42:45.728,TRK,40.687395,-117.982989,11953.2,77.7,250.4,-64.1,3,5,2,0,0
2026-05-16T15:42:45.828,TRK,40.687444,-117.982983,11954.2,79.5,249.4,-66.2,3,6,3,0,0
2026-05-16T15:42:45.928,TRK,40.687396,-117.983024,11950.7,73.5,249.2,-67.4,3,8,5,2,0
2026-05-16T15:42:46.030,TRK,40.687428,-117.983004,11956.6,76.8,252.1,-67.2,3,6,3,0,0
2026-05-16T15:42:46.130,TRK,40.687438,-117.982999,11932.0,75.9,252.8,-68.2,3,6,3,0,0
2026-05-16T15:42:46.230,TRK,40.687408,-117.983078,11963.3,78.6,252.1,-71.4,3,5,2,0,0
2026-05-16T15:42:46.332,TRK,40.687403,-117.983068,11880.5,69.6,249.1,-59.8,3,6,3,0,0
2026-05-16T15:42:46.432,TRK,40.687388,-117.983154,11892.8,74.9,249.3,-67.3,3,4,1,0,0
2026-05-16T15:42:46.532,TRK,40.687338,-117.983127,11926.4,75.9,250.9,-75.3,3,7,4,1,0
2026-05-16T15:42:46.634,TRK,40.687348,-117.983156,11889.2,75.9,252.3,-77.0,3,6,3,0,0
2026-05-16T15:42:46.734,TRK,40.687355,-117.983169,11866.5,73.9,248.3,-67.4,2,6,3,0,0
2026-05-16T15:42:46.834,TRK,40.687382,-117.983200,11890.5,72.3,248.4,-71.1,3,7,4,1,0
2026-05-16T15:42:46.936,TRK,40.687350,-117.983236,11887.6,78.1,249.6,-69.6,3,6,3,0,0
2026-05-16T15:42:47.036,TRK,40.687381,-117.983223,11857.8,71.9,250.9,-63.6,3,6,3,0,0
2026-05-16T15:42:47.136,TRK,40.687339,-117.983295,11865.4,75.3,248.7,-67.7,3,6,3,0,0
2026-05-16T15:42:47.236,TRK,40.687323,-117.983346,11862.7,73.9,249.1,-71.5,2,4,1,0,0
2026-05-16T15:42:47.338,TRK,40.687362,-117.983347,11854.8,73.7,248.9,-70.9,3,6,3,0,0
2026-05-16T15:42:47.438,TRK,40.687312,-117.983352,11789.4,75.6,248.9,-67.3,3,4,1,0,0
2026-05-16T15:42:47.538,TRK,40.687328,-117.983378,11849.1,72.5,249.3,-67.1,3,5,2,0,0
2026-05-16T15:42:47.640,TRK,40.687325,-117.983430,11801.5,71.8,247.9,-61.2,3,6,3,0,0
2026-05-16T15:42:47.740,TRK,40.687291,-117.983424,11848.0,73.6,248.4,-69.1,3,7,4,1,0
2026-05-16T15:42:47.840,TRK,40.687259,-117.983422,11840.9,75.3,250.8,-67.2,3,5,2,0,0
2026-05-16T15:42:47.942,TRK,40.687305,-117.983534,11848.0,73.0,249.1,-69.4,3,7,4,1,0
2026-05-16T15:42:48.042,TRK,40.687282,-117.983535,11783.3,71.1,248.9,-76.9,3,5,2,0,0
2026-05-16T15:42:48.142,TRK,40.687288,-117.983538,11776.7,72.2,248.7,-66.4,3,8,5,2,0
2026-05-16T15:42:48.242,TRK,40.687250,-117.983551,11799.9,72.3,250.9,-70.6,3,7,4,1,0
2026-05-16T15:42:48.344,TRK,40.687256,-117.983643,11810.7,76.3,247.1,-61.4,3,5,2,0,0
2026-05-16T15:42:48.444,TRK,40.687233,-117.983636,11758.3,72.2,248.1,-65.1,3,5,2,0,0
2026-05-16T15:42:48.544,TRK,40.687247,-117.983646,11803.1,71.4,249.1,-62.0,3,7,4,1,0
2026-05-16T15:42:48.646,TRK,40.687230,-117.983721,11767.0,78.1,249.9,-72.2,3,6,3,0,0
2026-05-16T15:42:48.746,TRK,40.687235,-117.983682,11762.4,73.2,250.9,-68.5,3,7,4,1,0
2026-05-16T15:42:48.846,TRK,40.687215,-117.983721,11744.9,71.6,248.7,-67.0,3,6,3,0,0
2026-05-16T15:42:48.948,TRK,40.687224,-117.983748,11704.0,72.3,251.4,-67.8,3,4,1,0,0
2026-05-16T15:42:49.048,TRK,40.687196,-117.983771,11747.6,74.4,252.6,-67.0,3,6,3,0,0
2026-05-16T15:42:49.148,TRK,40.687219,-117.983808,11744.1,71.9,250.2,-62.9,3,7,4,1,0
2026-05-16T15:42:49.250,TRK,40.687162,-117.983840,11721.7,75.9,250.1,-62.9,3,4,1,0,0
2026-05-16T15:42:49.350,TRK,40.687175,-117.983857,11700.7,74.2,251.4,-63.5,3,8,5,2,0
2026-05-16T15:42:49.450,TRK,40.687178,-117.983867,11728.9,75.4,250.7,-69.6,3,7,4,1,0
2026-05-16T15:42:49.550,TRK,40.687155,-117.983835,11708.3,71.5,251.3,-66.9,3,6,3,0,0
2026-05-16T15:42:49.652,TRK,40.687141,-117.983919,11724.2,75.2,250.7,-67.7,3,4,1,0,0
2026-05-16T15:42:49.752,TRK,40.687154,-117.983927,11654.4,73.4,251.8,-70.0,3,5,2,0,0
2026-05-16T15:42:49.852,TRK,40.687149,-117.983977,11725.8,74.0,250.3,-70.1,3,6,3,0,0
2026-05-16T15:42:49.954,TRK,40.687169,-117.984005,11676.9,72.8,250.7,-62.8,3,8,5,2,0
2026-05-16T15:42:50.054,TRK,40.687154,-117.984023,11704.5,73.6,250.5,-61.4,3,6,3,0,0
2026-05-16T15:42:50.154,TRK,40.687104,-117.984018,11699.3,74.1,251.3,-70.9,3,6,3,0,0
2026-05-16T15:42:50.256,TRK,40.687108,-117.984048,11650.6,72.6,249.1,-65.5,3,7,4,1,0
2026-05-16T15:42:50.356,TRK,40.687129,-117.984083,11675.3,73.9,248.3,-69.3,3,9,6,3,0
2026-05-16T15:42:50.456,TRK,40.687127,-117.984103,11618.3,74.5,249.1,-64.7,3,5,2,0,0
2026-05-16T15:42:50.556,TRK,40.687088,-117.984155,11659.9,74.5,249.7,-66.1,3,7,4,1,0
2026-05-16T15:42:50.658,TRK,40.687091,-117.984124,11664.9,72.7,248.4,-66.1,3,5,2,0,0
2026-05-16T15:42:50.758,TRK,40.687101,-117.984214,11606.5,70.5,249.9,-61.7,3,5,2,0,0
2026-05-16T15:42:50.858,TRK,40.687112,-117.984256,11624.8,77.0,251.0,-66.4,3,4,1,0,0
2026-05-16T15:42:50.960,TRK,40.687117,-117.984258,11609.6,73.2,249.6,-70.3,3,6,3,0,0
2026-05-16T15:42:51.060,TRK,40.687067,-117.984253,11585.4,74.0,251.1,-67.3,3,5,2,0,0
2026-05-16T15:42:51.160,TRK,40.687043,-117.984296,11580.7,75.8,249.9,-69.3,3,6,3,0,0
2026-05-16T15:42:51.262,TRK,40.687059,-117.984290,11575.9,71.6,251.0,-67.4,3,6,3,0,0
2026-05-16T15:42:51.362,TRK,40.687050,-117.984375,11584.7,71.5,250.2,-61.9,3,6,3,0,0
2026-05-16T15:42:51.462,TRK,40.687028,-117.984362,11566.4,73.3,247.8,-60.1,3,7,4,1,0
2026-05-16T15:42:51.564,TRK,40.687017,-117.984385,11578.3,70.9,254.4,-61.2,3,3,0,0,0
2026-05-16T15:42:51.664,TRK,40.687060,-117.984432,11578.9,70.5,251.8,-64.4,3,7,4,1,0
2026-05-16T15:42:51.764,TRK,40.686999,-117.984435,11599.1,73.9,250.0,-69.0,3,8,5,2,0
2026-05-16T15:42:51.864,TRK,40.687042,-117.984435,11584.2,76.3,246.6,-65.4,3,3,0,0,0
2026-05-16T15:42:51.966,TRK,40.686997,-117.984474,11540.4,72.3,249.6,-70.3,2,9,6,3,0
2026-05-16T15:42:52.066,TRK,40.686972,-117.984498,11586.3,72.3,251.5,-68.7,3,5,2,0,0
2026-05-16T15:42:52.166,TRK,40.687003,-117.984545,11532.3,70.1,249.7,-69.9,3,5,2,0,0
2026-05-16T15:42:52.268,TRK,40.686977,-117.984585,11557.4,71.0,247.8,-67.4,3,6,3,0,0
2026-05-16T15:42:52.368,TRK,40.686965,-117.984562,11517.7,71.5,250.2,-64.8,3,6,3,0,0
2026-05-16T15:42:52.468,TRK,40.686985,-117.984602,11485.6,72.8,252.0,-66.4,3,7,4,1,0
2026-05-16T15:42:52.570,TRK,40.686997,-117.984651,11535.8,73.8,250.6,-65.1,2,6,3,0,0
2026-05-16T15:42:52.670,TRK,40.686958,-117.984667,11525.4,70.4,249.1,-68.8,3,6,3,0,0
2026-05-16T15:42:52.770,TRK,40.686935,-117.984704,11463.7,73.3,251.3,-60.9,3,8,5,2,0
2026-05-16T15:42:52.870,TRK,40.686955,-117.984678,11479.0,71.7,248.4,-60.0,3,6,3,0,0
2026-05-16T15:42:52.972,TRK,40.686929,-117.984758,11423.2,74.3,249.2,-63.3,3,7,4,1,0
2026-05-16T15:42:53.072,TRK,40.686929,-117.984766,11455.2,68.4,246.4,-64.6,3,4,1,0,0
2026-05-16T15:42:53.172,TRK,40.686929,-117.984727,11448.2,72.4,249.6,-67.5,3,6,3,0,0
2026-05-16T15:42:53.274,TRK,40.686940,-117.984816,11485.8,70.2,248.4,-69.2,3,7,4,1,0
2026-05-16T15:42:53.374,TRK,40.686920,-117.984838,11416.7,71.4,248.0,-62.4,2,7,4,1,0
2026-05-16T15:42:53.474,TRK,40.686950,-117.984874,11444.1,76.3,248.8,-68.8,3,6,3,0,0
2026-05-16T15:42:53.576,TRK,40.686918,-117.984885,11445.0,70.7,250.0,-63.4,3,8,5,2,0
2026-05-16T15:42:53.676,TRK,40.686878,-117.984941,11412.1,74.0,247.9,-69.6,3,5,2,0,0
2026-05-16T15:42:53.776,TRK,40.686881,-117.984936,11417.3,68.9,252.0,-67.4,3,4,1,0,0
2026-05-16T15:42:53.878,TRK,40.686871,-117.984940,11381.3,71.4,247.4,-66.9,3,7,4,1,0
2026-05-16T15:42:53.978,TRK,40.686861,-117.985040,11373.9,71.6,245.9,-73.6,3,6,3,0,0
2026-05-16T15:42:54.078,TRK,40.686843,-117.984986,11410.0,69.7,252.2,-73.0,3,6,3,0,0
2026-05-16T15:42:54.178,TRK,40.686865,-117.985024,11344.5,69.0,248.4,-61.8,3,5,2,0,0
2026-05-16T15:42:54.280,TRK,40.686809,-117.985021,11393.5,73.0,253.4,-69.7,3,6,3,0,0
2026-05-16T15:42:54.380,TRK,40.686874,-117.985058,11419.3,73.2,249.7,-60.6,3,5,2,0,0
2026-05-16T15:42:54.480,TRK,40.686841,-117.985137,11313.3,70.0,250.9,-70.4,3,9,6,3,0
2026-05-16T15:42:54.582,TRK,40.686835,-117.985147,11384.9,74.1,251.0,-67.3,3,3,0,0,0
2026-05-16T15:42:54.682,TRK,40.686829,-117.985209,11363.6,75.2,251.0,-64.4,3,7,4,1,0
2026-05-16T15:42:54.782,TRK,40.686813,-117.985157,11369.3,71.8,248.9,-64.1,3,7,4,1,0
2026-05-16T15:42:54.884,TRK,40.686828,-117.985174,11353.6,70.5,249.0,-64.8,3,7,4,1,0
2026-05-16T15:42:54.984,TRK,40.686829,-117.985217,11316.6,71.3,247.0,-66.0,3,3,0,0,0
2026-05-16T15:42:55.084,TRK,40.686788,-117.985234,11273.3,70.1,250.2,-63.3,3,3,0,0,0
2026-05-16T15:42:55.184,TRK,40.686756,-117.985293,11345.7,70.5,248.7,-74.8,2,5,2,0,0
2026-05-16T15:42:55.286,TRK,40.686754,-117.985333,11308.5,69.7,251.3,-68.3,2,6,3,0,0
2026-05-16T15:42:55.386,TRK,40.686801,-117.985336,11313.6,69.4,247.8,-69.5,3,6,3,0,0
2026-05-16T15:42:55.486,TRK,40.686771,-117.985353,11274.9,71.3,249.3,-66.1,3,5,2,0,0
2026-05-16T15:42:55.588,TRK,40.686765,-117.985399,11309.9,73.2,248.5,-65.4,3,5,2,0,0
2026-05-16T15:42:55.688,TRK,40.686765,-117.985370,11283.6,70.9,247.9,-68.5,3,7,4,1,0
2026-05-16T15:42:55.788,TRK,40.686709,-117.985412,11327.4,70.6,248.6,-73.5,3,6,3,0,0
2026-05-16T15:42:55.890,TRK,40.686733,-117.985394,11295.0,73.5,251.0,-68.8,3,6,3,0,0
2026-05-16T15:42:55.990,TRK,40.686745,-117.985492,11276.5,70.4,250.1,-70.2,3,6,3,0,0
2026-05-16T15:42:56.090,TRK,40.686710,-117.985506,11293.9,69.7,248.0,-66.5,3,7,4,1,0
2026-05-16T15:42:56.192,TRK,40.686742,-117.985540,11286.2,71.1,251.2,-63.8,3,7,4,1,0
2026-05-16T15:42:56.292,TRK,40.686657,-117.985555,11256.7,71.4,251.1,-67.0,3,4,1,0,0
2026-05-16T15:42:56.392,TRK,40.686709,-117.985541,11236.3,73.8,251.5,-65.0,3,6,3,0,0
2026-05-16T15:42:56.492,TRK,40.686694,-117.985623,11246.1,72.5,249.2,-66.2,3,4,1,0,0
2026-05-16T15:42:56.594,TRK,40.686671,-117.985637,11222.0,70.6,250.2,-65.5,2,7,4,1,0
2026-05-16T15:42:56.694,TRK,40.686662,-117.985661,11249.9,73.2,249.8,-66.2,3,8,5,2,0
2026-05-16T15:42:56.794,TRK,40.686708,-117.985648,11229.4,73.9,251.5,-71.0,3,4,1,0,0
2026-05-16T15:42:56.896,TRK,40.686672,-117.985647,11224.8,69.4,247.4,-68.2,3,9,6,3,0
2026-05-16T15:42:56.996,TRK,40.686636,-117.985775,11176.3,72.1,250.4,-64.3,3,7,4,1,0
2026-05-16T15:42:57.096,TRK,40.686664,-117.985735,11233.1,71.1,249.1,-61.6,3,6,3,0,0
2026-05-16T15:42:57.198,TRK,40.686677,-117.985747,11202.9,71.7,250.2,-69.6,3,5,2,0,0
2026-05-16T15:42:57.298,TRK,40.686621,-117.985782,11225.4,72.6,250.1,-65.8,3,7,4,1,0
2026-05-16T15:42:57.398,TRK,40.686618,-117.985806,11224.5,72.1,251.2,-64.3,3,4,1,0,0
2026-05-16T15:42:57.498,TRK,40.686632,-117.985849,11216.8,70.6,252.7,-68.9,3,5,2,0,0
2026-05-16T15:42:57.600,TRK,40.686660,-117.985882,11128.4,71.5,250.7,-59.5,3,6,3,0,0
2026-05-16T15:42:57.700,TRK,40.686608,-117.985911,11218.6,70.1,249.4,-64.5,3,5,2,0,0
2026-05-16T15:42:57.800,TRK,40.686620,-117.985913,11170.9,67.8,250.6,-66.0,3,6,3,0,0
2026-05-16T15:42:57.902,TRK,40.686595,-117.985968,11154.7,72.9,248.0,-66.4,3,8,5,2,0
2026-05-16T15:42:58.002,TRK,40.686609,-117.985944,11143.4,70.3,251.7,-61.5,3,6,3,0,0
2026-05-16T15:42:58.102,TRK,40.686553,-117.985977,11168.4,70.2,250.0,-68.1,3,7,4,1,0
2026-05-16T15:42:58.204,TRK,40.686585,-117.986029,11137.5,69.9,249.3,-69.0,3,8,5,2,0
2026-05-16T15:42:58.304,TRK,40.686596,-117.986016,11155.7,65.8,249.2,-74.4,3,8,5,2,0
2026-05-16T15:42:58.404,TRK,40.686564,-117.986019,11113.7,66.7,247.5,-68.9,3,5,2,0,0
2026-05-16T15:42:58.506,TRK,40.686560,-117.986056,11132.0,71.4,247.2,-63.6,3,6,3,0,0
2026-05-16T15:42:58.606,TRK,40.686551,-117.986080,11103.0,68.8,246.8,-61.5,3,3,0,0,0
2026-05-16T15:42:58.706,TRK,40.686543,-117.986134,11119.7,65.4,251.0,-62.5,3,7,4,1,0
2026-05-16T15:42:58.806,TRK,40.686536,-117.986140,11090.5,70.7,249.8,-69.9,3,4,1,0,0
2026-05-16T15:42:58.908,TRK,40.686569,-117.986210,11057.2,72.3,247.8,-65.2,3,7,4,1,0
2026-05-16T15:42:59.008,TRK,40.686550,-117.986203,11092.2,70.8,249.7,-61.0,3,5,2,0,0
2026-05-16T15:42:59.108,TRK,40.686517,-117.986251,11101.5,67.6,248.4,-69.2,3,5,2,0,0
2026-05-16T15:42:59.210,TRK,40.686496,-117.986298,11026.0,69.8,248.4,-65.1,3,8,5,2,0
2026-05-16T15:42:59.310,TRK,40.686561,-117.986274,10984.7,72.4,249.3,-67.3,3,6,3,0,0
2026-05-16T15:42:59.410,TRK,40.686505,-117.986290,11026.2,67.7,249.6,-69.1,3,7,4,1,0
2026-05-16T15:42:59.512,TRK,40.686493,-117.986311,11021.0,70.1,250.3,-69.4,3,4,1,0,0
2026-05-16T15:42:59.612,TRK,40.686478,-117.986307,10996.2,71.7,250.0,-63.9,3,7,4,1,0
2026-05-16T15:42:59.712,TRK,40.686481,-117.986377,11008.6,73.9,248.8,-65.7,3,7,4,1,0
2026-05-16T15:42:59.812,TRK,40.686509,-117.986392,11047.8,71.9,250.6,-68.2,3,7,4,1,0
2026-05-16T15:42:59.914,TRK,40.686487,-117.986442,11027.2,67.3,250.1,-66.5,3,6,3,0,0
2026-05-16T15:43:00.014,TRK,40.686462,-117.986489,10977.0,68.8,250.4,-63.1,3,7,4,1,0
2026-05-16T15:43:00.114,TRK,40.686455,-117.986469,11055.2,69.2,251.2,-56.4,3,5,2,0,0
2026-05-16T15:43:00.216,TRK,40.686462,-117.986484,10960.8,72.4,249.1,-67.2,3,5,2,0,0
2026-05-16T15:43:00.316,TRK,40.686440,-117.986532,10985.8,68.0,247.2,-64.7,3,6,3,0,0
2026-05-16T15:43:00.416,TRK,40.686456,-117.986512,11001.4,69.0,250.6,-62.3,3,7,4,1,0
2026-05-16T15:43:00.518,TRK,40.686426,-117.986505,10962.1,71.7,252.6,-72.5,3,7,4,1,0
2026-05-16T15:43:00.618,TRK,40.686424,-117.986596,10954.6,70.2,249.1,-64.7,3,6,3,0,0
2026-05-16T15:43:00.718,TRK,40.686452,-117.986582,10999.7,66.8,248.6,-62.4,3,5,2,0,0
2026-05-16T15:43:00.820,TRK,40.686378,-117.986627,10953.8,68.8,250.6,-64.3,3,8,5,2,0
2026-05-16T15:43:00.920,TRK,40.686406,-117.986682,10943.1,71.6,248.3,-63.1,3,6,3,0,0
2026-05-16T15:43:01.020,TRK,40.686407,-117.986690,10942.2,69.7,247.8,-64.4,3,7,4,1,0
2026-05-16T15:43:01.120,TRK,40.686341,-117.986663,10941.8,67.6,252.4,-67.9,3,7,4,1,0
2026-05-16T15:43:01.222,TRK,40.686373,-117.986722,10943.3,67.6,250.2,-67.3,3,5,2,0,0
2026-05-16T15:43:01.322,TRK,40.686364,-117.986745,10925.4,68.8,250.8,-58.5,2,6,3,0,0
2026-05-16T15:43:01.422,TRK,40.686338,-117.986744,10887.3,64.9,249.4,-61.2,3,4,1,0,0
2026-05-16T15:43:01.524,TRK,40.686354,-117.986802,10945.1,69.9,252.7,-71.5,3,5,2,0,0
2026-05-16T15:43:01.624,TRK,40.686324,-117.986827,10887.2,70.0,251.4,-65.7,3,8,5,2,0
2026-05-16T15:43:01.724,TRK,40.686332,-117.986826,10879.7,69.5,247.7,-65.1,3,5,2,0,0
2026-05-16T15:43:01.826,TRK,40.686369,-117.986864,10925.1,72.4,249.1,-74.6,3,8,5,2,0
2026-05-16T15:43:01.926,TRK,40.686389,-117.986915,10862.6,67.0,252.8,-64.2,3,7,4,1,0
2026-05-16T15:43:02.026,TRK,40.686350,-117.986886,10834.5,69.9,250.5,-72.7,3,6,3,0,0
2026-05-16T15:43:02.126,TRK,40.686360,-117.986981,10867.1,66.5,251.4,-69.4,3,5,2,0,0
2026-05-16T15:43:02.228,TRK,40.686334,-117.987002,10880.6,70.7,248.4,-60.4,3,7,4,1,0
2026-05-16T15:43:02.328,TRK,40.686329,-117.986993,10842.6,70.3,251.6,-64.2,3,6,3,0,0
2026-05-16T15:43:02.428,TRK,40.686288,-117.986976,10811.6,69.9,249.3,-74.4,3,6,3,0,0
2026-05-16T15:43:02.530,TRK,40.686308,-117.987011,10851.2,70.6,249.7,-61.5,3,6,3,0,0
2026-05-16T15:43:02.630,TRK,40.686279,-117.987105,10809.6,68.6,250.1,-62.2,3,6,3,0,0
2026-05-16T15:43:02.730,TRK,40.686325,-117.987080,10827.5,69.8,252.6,-65.2,3,3,0,0,0
2026-05-16T15:43:02.832,TRK,40.686264,-117.987076,10817.1,65.3,250.9,-57.8,3,6,3,0,0
2026-05-16T15:43:02.932,TRK,40.686259,-117.987127,10809.3,68.8,248.7,-71.0,3,4,1,0,0
2026-05-16T15:43:03.032,TRK,40.686293,-117.987143,10795.9,71.6,247.4,-67.0,3,6,3,0,0
2026-05-16T15:43:03.134,TRK,40.686246,-117.987141,10785.0,69.6,250.8,-69.0,3,8,5,2,0
2026-05-16T15:43:03.234,TRK,40.686262,-117.987198,10777.9,66.5,248.4,-63.5,3,5,2,0,0
2026-05-16T15:43:03.334,TRK,40.686271,-117.987184,10761.8,69.1,246.5,-63.0,3,5,2,0,0
2026-05-16T15:43:03.434,TRK,40.686261,-117.987297,10790.4,69.4,249.4,-66.6,3,5,2,0,0
2026-05-16T15:43:03.536,TRK,40.686240,-117.987285,10789.0,67.0,250.1,-62.3,3,5,2,0,0
2026-05-16T15:43:03.636,TRK,40.686264,-117.987261,10784.2,70.4,246.9,-71.8,3,4,1,0,0
2026-05-16T15:43:03.736,TRK,40.686192,-117.987328,10809.3,70.7,247.8,-65.2,3,7,4,1,0
2026-05-16T15:43:03.838,TRK,40.686223,-117.987329,10730.1,68.6,249.2,-66.9,3,5,2,0,0
2026-05-16T15:43:03.938,TRK,40.686170,-117.987400,10707.1,68.8,249.8,-66.7,3,5,2,0,0
2026-05-16T15:43:04.038,TRK,40.686202,-117.987374,10766.6,65.1,252.2,-66.5,3,5,2,0,0
2026-05-16T15:43:04.138,TRK,40.686185,-117.987367,10730.5,65.7,253.5,-72.0,3,4,1,0,0
2026-05-16T15:43:04.238,TRK,40.686207,-117.987406,10717.4,66.0,252.5,-65.9,3,6,3,0,0
2026-05-16T15:43:04.338,TRK,40.686166,-117.987418,10718.8,66.0,250.2,-59.5,3,8,5,2,0
2026-05-16T15:43:04.438,TRK,40.686191,-117.987525,10684.1,69.8,247.9,-65.3,3,5,2,0,0
2026-05-16T15:43:04.538,TRK,40.686155,-117.987453,10721.8,66.5,253.1,-69.1,3,6,3,0,0
2026-05-16T15:43:04.638,TRK,40.686126,-117.987535,10705.3,68.1,251.1,-63.4,3,7,4,1,0
2026-05-16T15:43:04.738,TRK,40.686124,-117.987537,10673.0,67.8,249.1,-66.9,3,4,1,0,0
2026-05-16T15:43:04.838,TRK,40.686127,-117.987573,10681.9,64.6,251.0,-72.1,3,6,3,0,0
2026-05-16T15:43:04.938,TRK,40.686166,-117.987595,10660.1,67.6,249.6,-62.3,3,5,2,0,0
2026-05-16T15:43:05.038,TRK,40.686154,-117.987601,10673.7,68.9,251.2,-66.9,3,7,4,1,0
2026-05-16T15:43:05.138,TRK,40.686102,-117.987638,10656.5,68.3,250.5,-62.4,3,5,2,0,0
2026-05-16T15:43:05.238,TRK,40.686142,-117.987651,10678.3,68.2,250.9,-72.8,3,8,5,2,0
2026-05-16T15:43:05.338,TRK,40.686124,-117.987675,10670.8,69.0,250.5,-68.2,3,6,3,0,0
2026-05-16T15:43:05.438,TRK,40.686124,-117.987694,10657.3,65.6,251.4,-64.5,3,4,1,0,0
2026-05-16T15:43:05.538,TRK,40.686071,-117.987765,10625.0,68.7,249.3,-65.7,3,4,1,0,0
2026-05-16T15:43:05.638,TRK,40.686116,-117.987761,10631.6,71.0,251.8,-64.5,3,6,3,0,0
2026-05-16T15:43:05.738,TRK,40.686081,-117.987783,10628.0,66.8,248.4,-67.5,3,8,5,2,0
2026-05-16T15:43:05.838,TRK,40.686086,-117.987822,10618.8,67.5,249.9,-69.4,3,5,2,0,0
2026-05-16T15:43:05.938,TRK,40.686087,-117.987818,10643.5,71.3,252.8,-67.2,3,8,5,2,0
2026-05-16T15:43:06.038,TRK,40.686056,-117.987803,10624.7,68.8,252.8,-69.3,3,6,3,0,0
2026-05-16T15:43:06.138,TRK,40.686050,-117.987872,10617.9,65.0,250.1,-64.2,3,3,0,0,0
2026-05-16T15:43:06.238,TRK,40.686042,-117.987953,10626.5,65.9,250.1,-65.9,3,5,2,0,0
2026-05-16T15:43:06.338,TRK,40.686032,-117.987872,10586.1,66.4,250.3,-59.1,3,7,4,1,0
2026-05-16T15:43:06.438,TRK,40.686048,-117.987920,10569.7,66.5,250.2,-69.4,0,8,5,2,0
2026-05-16T15:43:06.538,TRK,40.686025,-117.987969,10606.6,67.5,252.0,-61.0,0,7,4,1,0
2026-05-16T15:43:06.638,TRK,40.686067,-117.987994,10529.8,66.0,249.1,-66.9,0,3,0,0,0
2026-05-16T15:43:06.738,TRK,40.686012,-117.987993,10506.2,68.4,250.3,-65.5,0,7,4,1,0
2026-05-16T15:43:06.838,TRK,40.686005,-117.988006,10536.9,64.8,250.0,-62.1,0,6,3,0,0
2026-05-16T15:43:06.938,TRK,40.686075,-117.988005,10511.3,69.4,250.5,-72.0,0,9,6,3,0
2026-05-16T15:43:07.038,TRK,40.686027,-117.988074,10544.0,66.4,248.6,-64.0,0,4,1,0,0
2026-05-16T15:43:07.138,TRK,40.685993,-117.988111,10512.8,66.7,247.6,-64.3,0,6,3,0,0
2026-05-16T15:43:07.238,TRK,40.686003,-117.988127,10539.8,67.3,250.6,-63.9,0,6,3,0,0
2026-05-16T15:43:07.338,TRK,40.685974,-117.988187,10508.5,69.1,250.0,-72.0,0,6,3,0,0
2026-05-16T15:43:07.438,TRK,40.685986,-117.988224,10538.6,67.0,251.4,-68.6,0,6,3,0,0
2026-05-16T15:43:07.538,TRK,40.685975,-117.988188,10481.0,63.3,247.7,-66.6,0,6,3,0,0
2026-05-16T15:43:07.638,TRK,40.685966,-117.988200,10508.7,63.8,249.4,-63.7,0,7,4,1,0
2026-05-16T15:43:07.738,TRK,40.685971,-117.988241,10498.5,65.8,252.1,-65.4,0,8,5,2,0
2026-05-16T15:43:07.838,TRK,40.685926,-117.988267,10493.4,67.1,250.8,-72.6,0,7,4,1,0
2026-05-16T15:43:07.938,TRK,40.685952,-117.988256,10479.6,69.0,247.6,-68.6,0,3,0,0,0
2026-05-16T15:43:08.038,TRK,40.685969,-117.988291,10451.5,66.5,248.0,-69.2,0,4,1,0,0
2026-05-16T15:43:08.138,TRK,40.685941,-117.988309,10436.9,66.8,250.9,-63.4,0,8,5,2,0
2026-05-16T15:43:08.238,TRK,40.685932,-117.988354,10450.0,64.0,247.7,-58.1,0,7,4,1,0
2026-05-16T15:43:08.338,TRK,40.685950,-117.988435,10509.0,66.8,251.0,-73.6,0,5,2,0,0
2026-05-16T15:43:08.438,TRK,40.685887,-117.988423,10421.5,67.6,251.5,-65.5,3,6,3,0,0
2026-05-16T15:43:08.538,TRK,40.685899,-117.988401,10455.7,65.1,248.9,-68.2,2,5,2,0,0
2026-05-16T15:43:08.638,TRK,40.685936,-117.988424,10464.1,65.9,249.9,-69.4,3,7,4,1,0
2026-05-16T15:43:08.738,TRK,40.685945,-117.988482,10433.9,64.6,251.4,-61.5,3,8,5,2,0
2026-05-16T15:43:08.838,TRK,40.685930,-117.988455,10406.3,65.4,248.1,-63.9,3,6,3,0,0
2026-05-16T15:43:08.938,TRK,40.685895,-117.988477,10368.9,64.8,249.6,-66.0,3,5,2,0,0
2026-05-16T15:43:09.038,TRK,40.685864,-117.988536,10402.8,65.5,250.4,-65.4,3,9,6,3,0
2026-05-16T15:43:09.138,TRK,40.685867,-117.988548,10427.6,65.9,250.2,-63.0,3,5,2,0,0
2026-05-16T15:43:09.238,TRK,40.685895,-117.988570,10359.5,63.6,251.2,-61.4,3,8,5,2,0
2026-05-16T15:43:09.338,TRK,40.685824,-117.988588,10419.1,67.0,251.4,-61.4,3,5,2,0,0
2026-05-16T15:43:09.438,TRK,40.685872,-117.988638,10403.8,69.3,250.8,-70.6,3,6,3,0,0
2026-05-16T15:43:09.538,TRK,40.685869,-117.988633,10374.5,64.6,251.0,-62.3,3,7,4,1,0
2026-05-16T15:43:09.638,TRK,40.685863,-117.988697,10368.9,68.5,250.6,-74.0,3,5,2,0,0
2026-05-16T15:43:09.738,TRK,40.685851,-117.988726,10381.6,67.1,247.6,-68.7,3,6,3,0,0
2026-05-16T15:43:09.838,TRK,40.685840,-117.988699,10375.7,66.1,248.2,-61.5,3,5,2,0,0
2026-05-16T15:43:09.938,TRK,40.685850,-117.988724,10395.5,64.7,252.5,-59.1,3,6,3,0,0
2026-05-16T15:43:10.038,TRK,40.685856,-117.988733,10356.8,64.1,247.3,-69.2,3,6,3,0,0
2026-05-16T15:43:10.138,TRK,40.685804,-117.988796,10312.8,65.5,250.3,-68.3,3,3,0,0,0
2026-05-16T15:43:10.238,TRK,40.685821,-117.988775,10296.7,66.6,247.1,-64.7,3,9,6,3,0
2026-05-16T15:43:10.338,TRK,40.685786,-117.988819,10349.7,66.7,248.1,-70.2,3,6,3,0,0
2026-05-16T15:43:10.438,TRK,40.685841,-117.988819,10355.1,67.3,250.5,-64.3,3,8,5,2,0
2026-05-16T15:43:10.538,TRK,40.685794,-117.988855,10302.1,64.5,251.3,-67.2,3,9,6,3,0
2026-05-16T15:43:10.638,TRK,40.685806,-117.988964,10307.0,65.6,250.0,-60.7,3,8,5,2,0
2026-05-16T15:43:10.738,TRK,40.685815,-117.988872,10283.3,65.0,251.0,-69.8,3,8,5,2,0
2026-05-16T15:43:10.838,TRK,40.685797,-117.988867,10293.8,65.2,249.6,-61.1,3,7,4,1,0
2026-05-16T15:43:10.938,TRK,40.685775,-117.988928,10318.1,64.7,249.9,-62.2,3,4,1,0,0
2026-05-16T15:43:11.038,TRK,40.685754,-117.988978,10297.8,65.9,246.7,-61.2,3,6,3,0,0
2026-05-16T15:43:11.138,TRK,40.685754,-117.988929,10312.9,62.9,247.1,-63.5,3,4,1,0,0
2026-05-16T15:43:11.238,TRK,40.685731,-117.989052,10283.8,66.6,248.3,-71.5,3,7,4,1,0
2026-05-16T15:43:11.338,TRK,40.685723,-117.989043,10199.7,68.1,250.1,-62.6,3,6,3,0,0
2026-05-16T15:43:11.438,TRK,40.685756,-117.989074,10250.7,69.4,250.3,-66.9,3,7,4,1,0
2026-05-16T15:43:11.538,TRK,40.685736,-117.989085,10261.0,63.9,251.0,-67.2,3,6,3,0,0
2026-05-16T15:43:11.638,TRK,40.685733,-117.989082,10221.2,63.3,249.8,-58.3,3,5,2,0,0
2026-05-16T15:43:11.738,TRK,40.685691,-117.989127,10243.6,63.7,250.5,-66.2,3,5,2,0,0
2026-05-16T15:43:11.838,TRK,40.685723,-117.989110,10149.0,63.8,247.7,-62.9,3,7,4,1,0
2026-05-16T15:43:11.938,TRK,40.685697,-117.989179,10207.3,64.9,252.4,-65.6,3,6,3,0,0
2026-05-16T15:43:12.038,TRK,40.685718,-117.989238,10211.8,65.5,251.1,-66.5,3,6,3,0,0
2026-05-16T15:43:12.138,TRK,40.685677,-117.989227,10200.5,65.4,245.7,-72.6,3,5,2,0,0
2026-05-16T15:43:12.238,TRK,40.685681,-117.989262,10176.1,63.2,247.8,-67.6,3,4,1,0,0
2026-05-16T15:43:12.338,TRK,40.685700,-117.989286,10166.9,69.3,251.9,-62.3,3,3,0,0,0
2026-05-16T15:43:12.438,TRK,40.685649,-117.989355,10176.2,63.5,247.3,-62.5,3,8,5,2,0
2026-05-16T15:43:12.538,TRK,40.685694,-117.989308,10153.3,61.2,251.1,-62.8,3,8,5,2,0
2026-05-16T15:43:12.638,TRK,40.685666,-117.989351,10167.7,67.5,251.1,-65.3,3,3,0,0,0
2026-05-16T15:43:12.738,TRK,40.685622,-117.989362,10148.4,65.9,249.9,-66.2,3,6,3,0,0
2026-05-16T15:43:12.838,TRK,40.685688,-117.989390,10195.9,65.6,251.8,-66.5,3,7,4,1,0
2026-05-16T15:43:12.938,TRK,40.685643,-117.989375,10117.6,63.9,249.5,-58.9,3,7,4,1,0
2026-05-16T15:43:13.038,TRK,40.685635,-117.989407,10110.1,67.6,249.0,-71.9,3,6,3,0,0
2026-05-16T15:43:13.138,TRK,40.685653,-117.989465,10119.5,65.5,248.7,-65.3,3,4,1,0,0
2026-05-16T15:43:13.238,TRK,40.685651,-117.989440,10091.4,64.1,250.5,-69.8,3,7,4,1,0
2026-05-16T15:43:13.338,TRK,40.685600,-117.989462,10178.2,64.9,248.7,-64.7,3,4,1,0,0
2026-05-16T15:43:13.438,TRK,40.685608,-117.989532,10146.6,63.6,250.8,-67.5,3,7,4,1,0
2026-05-16T15:43:13.538,TRK,40.685608,-117.989578,10122.4,64.1,250.3,-60.2,3,5,2,0,0
2026-05-16T15:43:13.638,TRK,40.685625,-117.989542,10091.2,61.8,250.6,-68.9,3,6,3,0,0
2026-05-16T15:43:13.738,TRK,40.685585,-117.989555,10134.6,63.1,248.7,-63.3,3,7,4,1,0
2026-05-16T15:43:13.838,TRK,40.685556,-117.989601,10107.8,66.8,247.1,-63.9,3,6,3,0,0
2026-05-16T15:43:13.938,TRK,40.685597,-117.989619,10121.1,65.3,248.2,-67.0,3,7,4,1,0
2026-05-16T15:43:14.038,TRK,40.685588,-117.989637,10129.6,65.3,249.5,-60.2,3,7,4,1,0
2026-05-16T15:43:14.138,TRK,40.685566,-117.989651,10046.8,64.6,250.0,-63.4,3,5,2,0,0
2026-05-16T15:43:14.238,TRK,40.685584,-117.989689,10016.2,62.3,247.7,-70.8,3,8,5,2,0
2026-05-16T15:43:14.338,TRK,40.685514,-117.989749,10046.2,64.5,250.2,-64.8,3,6,3,0,0
2026-05-16T15:43:14.438,TRK,40.685555,-117.989764,10050.9,62.3,249.6,-62.9,3,5,2,0,0
2026-05-16T15:43:14.538,TRK,40.685545,-117.989778,10071.2,63.9,249.0,-62.4,3,9,6,3,0
2026-05-16T15:43:14.638,TRK,40.685569,-117.989721,10018.1,63.8,248.3,-60.5,3,7,4,1,0
2026-05-16T15:43:14.738,TRK,40.685569,-117.989757,10016.6,66.0,248.9,-58.7,3,6,3,0,0
2026-05-16T15:43:14.838,TRK,40.685576,-117.989822,10019.3,62.2,247.1,-64.0,3,5,2,0,0
2026-05-16T15:43:14.938,TRK,40.685522,-117.989813,10010.7,64.6,251.2,-63.5,3,5,2,0,0
2026-05-16T15:43:15.038,TRK,40.685544,-117.989869,10021.0,66.3,249.4,-67.5,3,6,3,0,0
2026-05-16T15:43:15.138,TRK,40.685539,-117.989888,9992.6,63.4,247.5,-61.6,3,6,3,0,0
2026-05-16T15:43:15.238,TRK,40.685507,-117.989910,10013.3,64.7,248.3,-66.6,3,6,3,0,0
2026-05-16T15:43:15.338,TRK,40.685485,-117.989940,9965.4,60.1,249.3,-65.3,2,8,5,2,0
2026-05-16T15:43:15.438,TRK,40.685512,-117.989953,9984.4,62.8,249.0,-68.2,3,7,4,1,0
2026-05-16T15:43:15.538,TRK,40.685495,-117.989941,10011.6,65.4,248.3,-65.6,3,7,4,1,0
2026-05-16T15:43:15.638,TRK,40.685457,-117.989981,10038.7,64.1,251.0,-68.8,3,7,4,1,0
2026-05-16T15:43:15.738,TRK,40.685476,-117.989986,10028.0,63.2,251.2,-68.4,3,5,2,0,0
2026-05-16T15:43:15.838,TRK,40.685467,-117.990040,9993.7,63.8,250.5,-61.4,3,5,2,0,0
2026-05-16T15:43:15.938,TRK,40.685443,-117.990062,9941.8,65.2,247.9,-68.7,3,5,2,0,0
2026-05-16T15:43:16.038,TRK,40.685447,-117.990036,9915.8,61.7,250.2,-70.2,3,6,3,0,0
2026-05-16T15:43:16.138,TRK,40.685486,-117.990134,9928.1,63.7,252.8,-59.3,2,6,3,0,0
2026-05-16T15:43:16.238,TRK,40.685440,-117.990075,9942.8,65.2,248.4,-61.4,3,6,3,0,0
2026-05-16T15:43:16.338,TRK,40.685442,-117.990129,9947.7,64.3,250.5,-69.7,3,6,3,0,0
2026-05-16T15:43:16.438,TRK,40.685435,-117.990149,9968.1,64.5,251.1,-64.9,3,6,3,0,0
2026-05-16T15:43:16.538,TRK,40.685457,-117.990215,9904.3,65.0,247.7,-69.5,3,5,2,0,0
2026-05-16T15:43:16.638,TRK,40.685465,-117.990169,9955.8,60.5,248.4,-70.5,3,6,3,0,0
2026-05-16T15:43:16.738,TRK,40.685386,-117.990197,9902.2,66.7,248.1,-61.0,3,7,4,1,0
2026-05-16T15:43:16.838,TRK,40.685412,-117.990261,9844.3,63.9,249.8,-61.2,3,5,2,0,0
2026-05-16T15:43:16.938,TRK,40.685422,-117.990237,9850.2,60.6,250.2,-54.0,3,6,3,0,0
2026-05-16T15:43:17.038,TRK,40.685400,-117.990333,9918.7,63.0,249.8,-65.8,3,5,2,0,0
2026-05-16T15:43:17.138,TRK,40.685380,-117.990303,9907.7,60.7,249.0,-58.6,3,4,1,0,0
2026-05-16T15:43:17.238,TRK,40.685368,-117.990358,9904.7,61.8,249.3,-65.2,3,7,4,1,0
2026-05-16T15:43:17.338,TRK,40.685379,-117.990365,9916.3,63.6,252.0,-71.4,3,6,3,0,0
2026-05-16T15:43:17.438,TRK,40.685383,-117.990406,9879.6,65.0,251.7,-65.8,3,6,3,0,0
2026-05-16T15:43:17.538,TRK,40.685363,-117.990401,9864.4,65.7,247.1,-66.8,3,5,2,0,0
2026-05-16T15:43:17.638,TRK,40.685376,-117.990428,9834.6,60.4,250.6,-68.9,3,6,3,0,0
2026-05-16T15:43:17.738,TRK,40.685390,-117.990466,9822.9,61.7,248.2,-63.1,3,8,5,2,0
2026-05-16T15:43:17.838,TRK,40.685324,-117.990458,9828.7,61.3,251.2,-64.7,3,8,5,2,0
2026-05-16T15:43:17.938,TRK,40.685378,-117.990507,9838.5,65.0,251.9,-66.6,3,8,5,2,0
2026-05-16T15:43:18.038,TRK,40.685326,-117.990493,9850.5,61.8,249.5,-57.5,3,6,3,0,0
2026-05-16T15:43:18.138,TRK,40.685344,-117.990550,9796.5,61.7,248.9,-66.9,3,4,1,0,0
2026-05-16T15:43:18.238,TRK,40.685325,-117.990516,9859.7,63.9,249.2,-63.7,3,6,3,0,0
2026-05-16T15:43:18.338,TRK,40.685315,-117.990567,9814.4,61.6,250.7,-57.8,3,4,1,0,0
2026-05-16T15:43:18.438,TRK,40.685294,-117.990603,9827.0,61.6,247.0,-63.9,3,4,1,0,0
2026-05-16T15:43:18.538,TRK,40.685276,-117.990604,9823.1,68.6,249.2,-66.4,3,7,4,1,0
2026-05-16T15:43:18.638,TRK,40.685308,-117.990620,9819.5,64.3,250.3,-63.1,3,7,4,1,0
2026-05-16T15:43:18.738,TRK,40.685327,-117.990641,9763.4,61.7,251.7,-72.7,3,7,4,1,0
2026-05-16T15:43:18.838,TRK,40.685275,-117.990675,9750.9,62.0,248.9,-60.1,3,5,2,0,0
2026-05-16T15:43:18.938,TRK,40.685295,-117.990711,9735.5,59.1,248.3,-70.5,3,7,4,1,0
2026-05-16T15:43:19.038,TRK,40.685265,-117.990707,9746.2,61.3,247.3,-60.6,3,8,5,2,0
2026-05-16T15:43:19.138,TRK,40.685289,-117.990725,9684.2,61.3,251.8,-64.2,3,7,4,1,0
2026-05-16T15:43:19.238,TRK,40.685305,-117.990760,9743.5,63.2,249.3,-68.0,3,5,2,0,0
2026-05-16T15:43:19.338,TRK,40.685274,-117.990768,9732.2,61.5,251.7,-70.6,3,7,4,1,0
2026-05-16T15:43:19.438,TRK,40.685241,-117.990851,9759.6,62.4,249.7,-70.5,3,5,2,0,0
2026-05-16T15:43:19.538,TRK,40.685254,-117.990845,9750.2,60.5,252.5,-67.5,3,5,2,0,0
2026-05-16T15:43:19.638,TRK,40.685273,-117.990834,9705.8,63.6,251.6,-65.2,3,4,1,0,0
2026-05-16T15:43:19.738,TRK,40.685244,-117.990873,9660.8,62.7,250.9,-67.0,3,6,3,0,0
2026-05-16T15:43:19.838,TRK,40.685208,-117.990887,9691.9,63.6,250.0,-65.1,3,4,1,0,0
2026-05-16T15:43:19.938,TRK,40.685238,-117.990934,9746.4,63.2,248.6,-59.0,3,3,0,0,0
2026-05-16T15:43:20.038,TRK,40.685230,-117.990962,9676.2,63.2,249.5,-70.4,3,7,4,1,0
2026-05-16T15:43:20.138,TRK,40.685238,-117.990939,9687.2,61.0,251.6,-67.2,3,7,4,1,0
2026-05-16T15:43:20.238,TRK,40.685218,-117.990988,9664.9,62.1,251.0,-62.0,3,4,1,0,0
2026-05-16T15:43:20.338,TRK,40.685230,-117.990979,9649.1,59.5,247.0,-64.6,3,8,5,2,0
2026-05-16T15:43:20.438,TRK,40.685201,-117.990991,9679.2,62.7,247.2,-67.6,3,5,2,0,0
2026-05-16T15:43:20.538,TRK,40.685234,-117.991051,9644.8,61.3,248.5,-68.5,2,5,2,0,0
2026-05-16T15:43:20.638,TRK,40.685180,-117.991077,9646.8,59.9,246.5,-59.3,3,7,4,1,0
2026-05-16T15:43:20.738,TRK,40.685158,-117.991081,9634.6,60.5,251.2,-65.2,2,4,1,0,0
2026-05-16T15:43:20.838,TRK,40.685156,-117.991036,9655.4,59.0,252.5,-61.9,3,8,5,2,0
2026-05-16T15:43:20.938,TRK,40.685164,-117.991114,9646.3,62.8,250.6,-63.5,3,4,1,0,0
2026-05-16T15:43:21.038,TRK,40.685177,-117.991138,9659.6,63.3,247.2,-60.1,3,6,3,0,0
2026-05-16T15:43:21.138,TRK,40.685148,-117.991149,9612.7,61.8,248.5,-64.7,3,7,4,1,0
2026-05-16T15:43:21.238,TRK,40.685177,-117.991200,9637.2,62.8,247.9,-72.3,3,5,2,0,0
2026-05-16T15:43:21.338,TRK,40.685169,-117.991232,9568.4,59.9,251.5,-65.5,2,7,4,1,0
2026-05-16T15:43:21.438,TRK,40.685184,-117.991218,9592.1,63.0,251.0,-59.3,3,3,0,0,0
2026-05-16T15:43:21.538,TRK,40.685150,-117.991240,9609.3,57.5,251.6,-67.2,3,5,2,0,0
2026-05-16T15:43:21.638,TRK,40.685161,-117.991304,9572.0,60.9,252.0,-59.2,2,3,0,0,0
2026-05-16T15:43:21.738,TRK,40.685112,-117.991277,9603.6,64.1,248.8,-63.9,3,6,3,0,0
2026-05-16T15:43:21.838,TRK,40.685101,-117.991355,9560.8,61.5,253.1,-67.4,3,6,3,0,0
2026-05-16T15:43:21.938,TRK,40.685144,-117.991291,9569.5,55.6,248.4,-72.3,3,6,3,0,0
2026-05-16T15:43:22.038,TRK,40.685096,-117.991357,9595.3,64.7,248.7,-65.5,3,8,5,2,0
2026-05-16T15:43:22.138,TRK,40.685059,-117.991335,9545.5,61.4,250.0,-65.2,3,6,3,0,0
2026-05-16T15:43:22.238,TRK,40.685102,-117.991406,9539.4,60.8,247.2,-60.9,3,7,4,1,0
2026-05-16T15:43:22.338,TRK,40.685122,-117.991387,9577.3,63.4,248.7,-57.6,3,8,5,2,0
2026-05-16T15:43:22.438,TRK,40.685074,-117.991439,9561.6,64.1,251.1,-68.6,3,6,3,0,0
2026-05-16T15:43:22.538,TRK,40.685083,-117.991488,9522.6,59.1,248.1,-58.9,3,6,3,0,0
2026-05-16T15:43:22.638,TRK,40.685078,-117.991461,9519.5,60.7,248.9,-65.8,3,7,4,1,0
2026-05-16T15:43:22.738,TRK,40.685079,-117.991536,9479.1,59.2,249.8,-63.7,2,4,1,0,0
2026-05-16T15:43:22.838,TRK,40.685079,-117.991480,9501.5,59.2,250.0,-63.5,3,7,4,1,0
2026-05-16T15:43:22.938,TRK,40.685088,-117.991524,9525.4,59.0,249.7,-59.1,3,6,3,0,0
2026-05-16T15:43:23.038,TRK,40.685047,-117.991578,9469.5,61.3,250.2,-69.1,3,8,5,2,0
2026-05-16T15:43:23.138,TRK,40.685027,-117.991581,9484.4,61.8,251.1,-64.1,3,4,1,0,0
2026-05-16T15:43:23.238,TRK,40.685056,-117.991603,9500.8,62.8,248.5,-59.6,3,5,2,0,0
2026-05-16T15:43:23.338,TRK,40.685013,-117.991618,9505.3,60.3,251.9,-63.5,3,5,2,0,0
2026-05-16T15:43:23.438,TRK,40.685057,-117.991634,9449.6,59.7,245.7,-60.7,3,6,3,0,0
2026-05-16T15:43:23.538,TRK,40.685022,-117.991662,9507.2,62.2,248.9,-71.9,3,6,3,0,0
2026-05-16T15:43:23.638,TRK,40.685012,-117.991677,9468.2,59.0,247.4,-67.8,2,7,4,1,0
2026-05-16T15:43:23.738,TRK,40.684993,-117.991686,9479.0,58.6,249.6,-64.9,3,8,5,2,0
2026-05-16T15:43:23.838,TRK,40.685014,-117.991699,9433.8,61.7,249.6,-62.7,3,8,5,2,0
2026-05-16T15:43:23.938,TRK,40.684970,-117.991749,9446.3,62.3,249.2,-69.7,2,6,3,0,0
2026-05-16T15:43:24.038,TRK,40.684987,-117.991758,9445.6,62.7,247.8,-62.4,3,6,3,0,0
2026-05-16T15:43:24.138,TRK,40.684985,-117.991805,9407.2,62.2,248.9,-58.6,3,6,3,0,0
2026-05-16T15:43:24.238,TRK,40.684973,-117.991824,9381.0,63.8,251.0,-66.4,3,7,4,1,0
2026-05-16T15:43:24.338,TRK,40.684971,-117.991826,9431.7,60.8,248.3,-68.6,3,5,2,0,0
2026-05-16T15:43:24.438,TRK,40.684942,-117.991857,9392.2,60.1,249.0,-67.2,3,8,5,2,0
2026-05-16T15:43:24.538,TRK,40.684972,-117.991813,9398.2,62.8,249.7,-69.5,2,3,0,0,0
2026-05-16T15:43:24.638,TRK,40.684976,-117.991881,9396.1,58.4,250.8,-60.6,3,5,2,0,0
2026-05-16T15:43:24.738,TRK,40.684920,-117.991916,9353.8,60.6,249.2,-62.3,3,3,0,0,0
2026-05-16T15:43:24.838,TRK,40.684961,-117.991946,9363.1,59.0,249.9,-63.2,2,6,3,0,0
2026-05-16T15:43:24.938,TRK,40.684945,-117.991926,9370.3,60.8,248.0,-62.9,3,7,4,1,0
2026-05-16T15:43:25.038,TRK,40.684920,-117.991933,9385.9,62.4,251.3,-61.7,3,7,4,1,0
2026-05-16T15:43:25.138,TRK,40.684917,-117.992005,9355.4,59.4,250.3,-65.5,3,6,3,0,0
2026-05-16T15:43:25.238,TRK,40.684942,-117.992040,9338.5,62.6,249.5,-64.9,3,6,3,0,0
2026-05-16T15:43:25.338,TRK,40.684925,-117.992046,9338.4,57.9,247.4,-64.9,3,7,4,1,0
2026-05-16T15:43:25.438,TRK,40.684907,-117.992047,9328.3,61.1,249.3,-64.4,2,6,3,0,0
2026-05-16T15:43:25.538,TRK,40.684926,-117.992062,9374.8,59.2,247.2,-60.3,3,7,4,1,0
2026-05-16T15:43:25.638,TRK,40.684895,-117.992055,9317.1,63.1,249.7,-67.3,3,7,4,1,0
2026-05-16T15:43:25.738,TRK,40.684907,-117.992144,9302.6,62.0,248.8,-72.1,3,5,2,0,0
2026-05-16T15:43:25.838,TRK,40.684885,-117.992161,9346.1,63.8,249.7,-61.1,3,7,4,1,0
2026-05-16T15:43:25.938,TRK,40.684877,-117.992123,9300.5,58.9,252.4,-61.9,3,7,4,1,0
2026-05-16T15:43:26.038,TRK,40.684897,-117.992176,9311.4,59.6,247.4,-61.0,3,7,4,1,0
2026-05-16T15:43:26.138,TRK,40.684868,-117.992210,9340.6,58.5,252.4,-64.1,3,3,0,0,0
2026-05-16T15:43:26.238,TRK,40.684867,-117.992202,9287.2,59.4,251.9,-65.4,3,7,4,1,0
2026-05-16T15:43:26.338,TRK,40.684838,-117.992269,9281.3,59.5,248.2,-64.6,3,5,2,0,0
2026-05-16T15:43:26.438,TRK,40.684860,-117.992299,9234.6,59.4,252.1,-69.3,2,5,2,0,0
2026-05-16T15:43:26.538,TRK,40.684853,-117.992288,9280.0,59.1,251.2,-60.8,3,7,4,1,0
2026-05-16T15:43:26.638,TRK,40.684831,-117.992317,9302.2,59.4,250.3,-64.5,3,7,4,1,0
2026-05-16T15:43:26.738,TRK,40.684805,-117.992350,9256.4,61.5,251.0,-71.8,3,4,1,0,0
2026-05-16T15:43:26.838,TRK,40.684871,-117.992359,9257.0,63.5,249.4,-66.6,3,6,3,0,0
2026-05-16T15:43:26.938,TRK,40.684823,-117.992345,9208.8,60.4,251.9,-65.9,3,5,2,0,0
2026-05-16T15:43:27.038,TRK,40.684852,-117.992394,9218.6,59.7,252.9,-65.7,3,6,3,0,0
2026-05-16T15:43:27.138,TRK,40.684814,-117.992431,9269.2,56.3,247.6,-63.5,3,6,3,0,0
2026-05-16T15:43:27.238,TRK,40.684804,-117.992419,9232.1,56.3,252.1,-61.9,3,4,1,0,0
2026-05-16T15:43:27.338,TRK,40.684779,-117.992450,9228.3,58.6,251.7,-67.6,3,7,4,1,0
2026-05-16T15:43:27.438,TRK,40.684762,-117.992473,9201.9,59.5,252.0,-62.8,3,6,3,0,0
2026-05-16T15:43:27.538,TRK,40.684826,-117.992492,9212.4,55.9,251.4,-70.5,3,6,3,0,0
2026-05-16T15:43:27.638,TRK,40.684795,-117.992504,9196.3,61.0,250.1,-68.4,3,7,4,1,0
2026-05-16T15:43:27.738,TRK,40.684788,-117.992537,9207.6,59.5,250.6,-61.4,3,6,3,0,0
2026-05-16T15:43:27.838,TRK,40.684755,-117.992524,9204.1,61.2,249.3,-65.0,3,6,3,0,0
2026-05-16T15:43:27.938,TRK,40.684810,-117.992557,9161.4,58.5,249.9,-62.7,3,5,2,0,0
2026-05-16T15:43:28.038,TRK,40.684772,-117.992545,9187.7,56.6,249.9,-64.3,3,6,3,0,0
2026-05-16T15:43:28.138,TRK,40.684734,-117.992568,9182.4,60.7,251.2,-59.4,3,5,2,0,0
2026-05-16T15:43:28.238,TRK,40.684751,-117.992655,9173.1,58.9,248.5,-59.4,3,6,3,0,0
2026-05-16T15:43:28.338,TRK,40.684737,-117.992632,9103.4,56.3,249.8,-71.3,3,6,3,0,0
2026-05-16T15:43:28.438,TRK,40.684773,-117.992651,9178.6,61.6,250.4,-61.1,3,5,2,0,0
2026-05-16T15:43:28.538,TRK,40.684729,-117.992683,9154.6,59.2,250.4,-67.9,3,6,3,0,0
2026-05-16T15:43:28.638,TRK,40.684729,-117.992719,9137.9,57.7,249.4,-68.2,2,5,2,0,0
2026-05-16T15:43:28.738,TRK,40.684701,-117.992693,9144.8,60.6,250.3,-68.9,3,6,3,0,0
2026-05-16T15:43:28.838,TRK,40.684726,-117.992749,9139.9,58.9,252.2,-69.7,3,6,3,0,0
2026-05-16T15:43:28.938,TRK,40.684708,-117.992757,9142.7,58.1,249.3,-65.3,3,6,3,0,0
2026-05-16T15:43:29.038,TRK,40.684716,-117.992813,9142.6,59.2,249.6,-61.9,3,6,3,0,0
2026-05-16T15:43:29.138,TRK,40.684707,-117.992795,9108.4,58.6,250.4,-62.6,3,7,4,1,0
2026-05-16T15:43:29.238,TRK,40.684701,-117.992808,9118.0,61.3,247.3,-51.9,2,7,4,1,0
2026-05-16T15:43:29.338,TRK,40.684704,-117.992798,9116.1,59.5,250.6,-58.7,3,5,2,0,0
2026-05-16T15:43:29.438,TRK,40.684680,-117.992885,9074.9,59.0,251.5,-65.5,3,5,2,0,0
2026-05-16T15:43:29.538,TRK,40.684658,-117.992862,9061.4,58.5,247.7,-66.0,3,9,6,3,0
2026-05-16T15:43:29.638,TRK,40.684688,-117.992810,9073.5,61.1,250.6,-68.4,3,9,6,3,0
2026-05-16T15:43:29.738,TRK,40.684645,-117.992900,9092.9,57.5,252.7,-72.1,3,5,2,0,0
2026-05-16T15:43:29.838,TRK,40.684686,-117.992930,9091.8,55.9,248.3,-67.5,3,5,2,0,0
2026-05-16T15:43:29.938,TRK,40.684667,-117.992922,9062.6,59.1,250.6,-59.9,3,6,3,0,0
2026-05-16T15:43:30.038,TRK,40.684658,-117.992956,9060.2,57.1,248.0,-63.5,3,3,0,0,0
2026-05-16T15:43:30.138,TRK,40.684661,-117.992992,9063.5,57.1,249.2,-69.3,3,7,4,1,0
2026-05-16T15:43:30.238,TRK,40.684631,-117.993043,9022.7,61.0,250.6,-62.0,3,6,3,0,0
2026-05-16T15:43:30.338,TRK,40.684657,-117.993049,9043.3,57.2,250.3,-65.9,3,7,4,1,0
2026-05-16T15:43:30.438,TRK,40.684638,-117.993023,9051.7,59.0,251.1,-65.0,3,6,3,0,0
2026-05-16T15:43:30.538,TRK,40.684644,-117.993011,9007.4,58.5,250.5,-64.3,3,5,2,0,0
2026-05-16T15:43:30.638,TRK,40.684651,-117.993137,9016.4,60.4,249.8,-65.5,3,4,1,0,0
2026-05-16T15:43:30.738,TRK,40.684632,-117.993100,8975.3,59.5,249.3,-61.0,3,6,3,0,0
2026-05-16T15:43:30.838,TRK,40.684595,-117.993133,8981.7,57.2,249.3,-69.0,3,5,2,0,0
2026-05-16T15:43:30.938,TRK,40.684585,-117.993196,9013.0,59.2,251.0,-65.9,3,6,3,0,0
2026-05-16T15:43:31.038,TRK,40.684592,-117.993140,8977.7,56.5,249.7,-66.7,3,7,4,1,0
2026-05-16T15:43:31.138,TRK,40.684607,-117.993216,9004.9,59.7,251.0,-62.9,3,6,3,0,0
2026-05-16T15:43:31.238,TRK,40.684585,-117.993244,8991.2,58.7,251.2,-68.6,3,7,4,1,0
2026-05-16T15:43:31.338,TRK,40.684618,-117.993258,8928.8,56.6,250.1,-67.5,3,7,4,1,0
2026-05-16T15:43:31.438,TRK,40.684584,-117.993270,8969.8,59.2,248.5,-63.2,3,6,3,0,0
2026-05-16T15:43:31.538,TRK,40.684588,-117.993298,8964.7,54.6,252.3,-63.6,3,6,3,0,0
2026-05-16T15:43:31.638,TRK,40.684554,-117.993313,8885.8,61.2,247.0,-64.5,2,5,2,0,0
2026-05-16T15:43:31.738,TRK,40.684568,-117.993292,8970.0,55.4,249.1,-62.6,3,5,2,0,0
2026-05-16T15:43:31.838,TRK,40.684564,-117.993351,8960.9,56.5,250.1,-64.5,3,7,4,1,0
2026-05-16T15:43:31.938,TRK,40.684564,-117.993336,8962.8,57.5,250.6,-68.2,3,7,4,1,0
2026-05-16T15:43:32.038,TRK,40.684546,-117.993353,8892.6,58.9,248.2,-67.7,3,4,1,0,0
2026-05-16T15:43:32.138,TRK,40.684530,-117.993388,8899.1,55.3,249.9,-58.6,3,4,1,0,0
2026-05-16T15:43:32.238,TRK,40.684537,-117.993398,8894.4,57.0,250.2,-63.7,3,8,5,2,0
2026-05-16T15:43:32.338,TRK,40.684488,-117.993454,8891.7,58.7,249.5,-63.9,3,5,2,0,0
2026-05-16T15:43:32.438,TRK,40.684549,-117.993449,8894.5,59.2,249.3,-64.4,3,4,1,0,0
2026-05-16T15:43:32.538,TRK,40.684542,-117.993455,8891.2,57.5,248.7,-69.3,3,6,3,0,0
2026-05-16T15:43:32.638,TRK,40.684511,-117.993477,8895.9,57.4,252.8,-69.8,3,5,2,0,0
2026-05-16T15:43:32.738,TRK,40.684530,-117.993527,8874.8,54.6,248.9,-62.2,3,6,3,0,0
2026-05-16T15:43:32.838,TRK,40.684536,-117.993541,8883.7,55.8,251.4,-67.9,3,7,4,1,0
2026-05-16T15:43:32.938,TRK,40.684473,-117.993587,8824.3,56.8,250.2,-63.9,3,4,1,0,0
2026-05-16T15:43:33.038,TRK,40.684472,-117.993583,8825.7,58.2,248.9,-64.6,3,6,3,0,0
2026-05-16T15:43:33.138,TRK,40.684488,-117.993580,8850.3,57.1,249.0,-62.6,2,8,5,2,0
2026-05-16T15:43:33.238,TRK,40.684490,-117.993602,8866.0,54.2,248.7,-64.9,3,5,2,0,0
2026-05-16T15:43:33.338,TRK,40.684461,-117.993584,8861.6,55.1,249.6,-63.8,3,5,2,0,0
2026-05-16T15:43:33.438,TRK,40.684456,-117.993605,8858.7,60.2,250.5,-63.2,3,4,1,0,0
2026-05-16T15:43:33.538,TRK,40.684480,-117.993656,8826.6,57.7,251.8,-66.0,3,7,4,1,0
2026-05-16T15:43:33.638,TRK,40.684454,-117.993747,8801.1,61.6,253.8,-62.3,3,7,4,1,0
2026-05-16T15:43:33.738,TRK,40.684419,-117.993728,8799.8,57.8,250.5,-65.4,3,7,4,1,0
2026-05-16T15:43:33.838,TRK,40.684502,-117.993735,8845.2,59.5,252.6,-58.3,3,7,4,1,0
2026-05-16T15:43:33.938,TRK,40.684426,-117.993717,8802.6,56.3,251.6,-67.4,3,7,4,1,0
2026-05-16T15:43:34.038,TRK,40.684502,-117.993784,8817.3,56.5,251.1,-62.7,3,5,2,0,0
2026-05-16T15:43:34.138,TRK,40.684422,-117.993764,8799.3,57.4,249.4,-69.0,3,5,2,0,0
2026-05-16T15:43:34.238,TRK,40.684471,-117.993788,8783.6,58.4,248.2,-65.9,3,7,4,1,0
2026-05-16T15:43:35.338,TRK,40.684354,-117.994012,8702.3,53.6,250.0,-68.7,0,4,1,0,0
2026-05-16T15:43:35.438,TRK,40.684322,-117.994017,8750.4,58.6,251.8,-56.2,0,5,2,0,0
2026-05-16T15:43:35.538,TRK,40.684340,-117.994033,8688.4,55.9,251.6,-64.4,0,6,3,0,0
2026-05-16T15:43:35.638,TRK,40.684348,-117.994066,8696.3,54.3,252.2,-58.6,0,6,3,0,0
2026-05-16T15:43:35.738,TRK,40.684367,-117.994142,8704.8,56.0,251.2,-61.4,0,9,6,3,0
2026-05-16T15:43:35.838,TRK,40.684338,-117.994095,8647.4,56.8,251.6,-63.0,0,4,1,0,0
2026-05-16T15:43:35.938,TRK,40.684336,-117.994170,8688.8,57.8,249.9,-58.0,0,6,3,0,0
2026-05-16T15:43:36.038,TRK,40.684340,-117.994141,8651.0,55.6,248.6,-65.7,0,7,4,1,0
2026-05-16T15:43:36.138,TRK,40.684332,-117.994210,8621.2,55.8,251.4,-65.2,0,6,3,0,0
2026-05-16T15:43:36.238,TRK,40.684297,-117.994146,8648.7,55.3,249.6,-63.1,0,7,4,1,0
2026-05-16T15:43:36.338,TRK,40.684286,-117.994161,8617.4,56.9,249.8,-65.4,0,3,0,0,0
2026-05-16T15:43:36.438,TRK,40.684315,-117.994249,8652.1,56.2,249.3,-63.4,0,7,4,1,0
2026-05-16T15:43:36.538,TRK,40.684326,-117.994182,8635.3,52.9,249.1,-68.1,0,4,1,0,0
2026-05-16T15:43:36.638,TRK,40.684306,-117.994284,8645.5,55.9,249.8,-64.2,0,7,4,1,0
2026-05-16T15:43:36.738,TRK,40.684313,-117.994262,8619.2,57.4,246.1,-58.9,0,8,5,2,0
2026-05-16T15:43:36.838,TRK,40.684274,-117.994324,8582.3,53.5,249.9,-58.7,0,4,1,0,0
2026-05-16T15:43:36.938,TRK,40.684294,-117.994364,8600.6,53.9,249.7,-67.7,0,5,2,0,0
2026-05-16T15:43:37.038,TRK,40.684254,-117.994322,8585.8,54.6,252.4,-55.9,0,6,3,0,0
2026-05-16T15:43:37.138,TRK,40.684268,-117.994340,8589.0,56.6,250.1,-64.6,0,8,5,2,0
2026-05-16T15:43:37.238,TRK,40.684262,-117.994427,8605.8,52.9,253.0,-60.1,0,6,3,0,0
2026-05-16T15:43:37.338,TRK,40.684307,-117.994396,8609.8,56.3,249.0,-65.7,0,6,3,0,0
2026-05-16T15:43:37.438,TRK,40.684259,-117.994466,8580.2,58.8,252.5,-58.0,0,5,2,0,0
2026-05-16T15:43:37.538,TRK,40.684257,-117.994471,8514.3,56.9,247.8,-62.0,0,4,1,0,0
2026-05-16T15:43:37.638,TRK,40.684236,-117.994453,8526.0,55.6,248.0,-64.0,0,4,1,0,0
2026-05-16T15:43:37.738,TRK,40.684263,-117.994471,8540.3,53.3,248.5,-59.1,0,6,3,0,0
2026-05-16T15:43:37.838,TRK,40.684215,-117.994492,8589.4,54.4,249.8,-62.2,0,7,4,1,0
2026-05-16T15:43:37.938,TRK,40.684270,-117.994505,8520.9,57.4,249.5,-61.7,0,5,2,0,0
2026-05-16T15:43:38.038,TRK,40.684245,-117.994541,8531.3,55.9,254.3,-61.8,0,6,3,0,0
2026-05-16T15:43:38.138,TRK,40.684225,-117.994577,8534.6,55.9,250.6,-71.8,0,7,4,1,0
2026-05-16T15:43:38.238,TRK,40.684167,-117.994599,8538.5,56.1,248.7,-62.9,0,4,1,0,0
2026-05-16T15:43:38.338,TRK,40.684227,-117.994605,8515.8,56.2,248.7,-68.3,0,7,4,1,0
2026-05-16T15:43:38.438,TRK,40.684205,-117.994593,8528.8,55.6,249.2,-59.9,0,6,3,0,0
2026-05-16T15:43:38.538,TRK,40.684182,-117.994610,8498.1,56.5,246.1,-57.9,0,6,3,0,0
2026-05-16T15:43:38.638,TRK,40.684195,-117.994630,8550.2,53.3,252.5,-67.8,0,5,2,0,0
2026-05-16T15:43:38.738,TRK,40.684190,-117.994667,8485.6,55.9,248.8,-62.6,0,7,4,1,0
2026-05-16T15:43:38.838,TRK,40.684204,-117.994662,8482.8,53.2,249.6,-68.1,0,4,1,0,0
2026-05-16T15:43:38.938,TRK,40.684198,-117.994676,8489.3,54.8,251.7,-66.6,0,7,4,1,0
2026-05-16T15:43:39.038,TRK,40.684195,-117.994756,8512.9,55.2,247.0,-61.2,0,6,3,0,0
2026-05-16T15:43:39.138,TRK,40.684172,-117.994705,8509.1,54.3,248.4,-60.5,0,6,3,0,0
2026-05-16T15:43:39.238,TRK,40.684151,-117.994744,8435.7,55.8,248.8,-65.3,0,6,3,0,0
2026-05-16T15:43:39.338,TRK,40.684160,-117.994810,8472.9,54.3,250.5,-63.3,0,5,2,0,0
2026-05-16T15:43:39.438,TRK,40.684175,-117.994801,8454.1,55.4,246.6,-56.4,0,7,4,1,0
2026-05-16T15:43:39.538,TRK,40.684140,-117.994823,8397.9,56.3,250.3,-67.5,0,8,5,2,0
2026-05-16T15:43:39.638,TRK,40.684120,-117.994817,8447.6,53.6,249.1,-67.6,0,5,2,0,0
2026-05-16T15:43:39.738,TRK,40.684156,-117.994810,8471.3,54.5,251.0,-64.7,0,6,3,0,0
2026-05-16T15:43:39.838,TRK,40.684125,-117.994878,8447.3,56.8,247.5,-58.1,0,6,3,0,0
2026-05-16T15:43:39.938,TRK,40.684122,-117.994913,8453.1,56.4,253.5,-69.9,0,8,5,2,0
2026-05-16T15:43:40.038,TRK,40.684113,-117.994920,8427.3,50.3,250.9,-61.3,0,5,2,0,0
2026-05-16T15:43:40.138,TRK,40.684120,-117.994901,8407.5,56.4,250.2,-57.2,0,6,3,0,0
2026-05-16T15:43:40.238,TRK,40.684144,-117.994977,8438.6,54.0,248.4,-61.1,0,5,2,0,0
2026-05-16T15:43:40.338,TRK,40.684109,-117.994946,8413.9,59.0,251.7,-63.5,0,6,3,0,0
2026-05-16T15:43:40.438,TRK,40.684119,-117.994992,8396.3,53.6,249.7,-59.9,0,7,4,1,0
2026-05-16T15:43:40.538,TRK,40.684099,-117.994974,8399.8,55.4,248.8,-63.0,0,5,2,0,0
2026-05-16T15:43:40.638,TRK,40.684083,-117.994988,8386.1,52.4,250.5,-69.1,0,7,4,1,0
2026-05-16T15:43:40.738,TRK,40.684064,-117.995066,8391.1,54.3,249.1,-60.4,0,3,0,0,0
2026-05-16T15:43:40.838,TRK,40.684087,-117.995044,8399.8,51.1,250.2,-65.8,0,7,4,1,0
2026-05-16T15:43:40.938,TRK,40.684117,-117.995066,8351.9,57.1,250.3,-63.2,0,4,1,0,0
2026-05-16T15:43:41.038,TRK,40.684060,-117.995100,8357.8,53.2,246.6,-63.6,0,6,3,0,0
2026-05-16T15:43:41.138,TRK,40.684084,-117.995162,8295.5,55.2,252.9,-66.7,0,5,2,0,0
2026-05-16T15:43:41.238,TRK,40.684093,-117.995112,8358.1,57.9,249.1,-65.7,0,3,0,0,0
2026-05-16T15:43:41.338,TRK,40.684058,-117.995185,8313.7,55.6,250.3,-64.0,0,4,1,0,0
2026-05-16T15:43:41.438,TRK,40.684033,-117.995169,8328.9,55.3,251.0,-62.0,0,7,4,1,0
2026-05-16T15:43:41.538,TRK,40.684037,-117.995153,8315.3,57.3,247.5,-66.0,0,6,3,0,0
2026-05-16T15:43:41.638,TRK,40.684066,-117.995250,8305.6,52.9,250.5,-58.7,0,4,1,0,0
2026-05-16T15:43:41.738,TRK,40.684060,-117.995189,8339.7,55.7,251.7,-61.0,0,7,4,1,0
2026-05-16T15:43:41.838,TRK,40.684051,-117.995251,8319.2,53.3,251.2,-62.1,0,7,4,1,0
2026-05-16T15:43:41.938,TRK,40.684050,-117.995321,8281.7,52.3,249.4,-69.6,0,5,2,0,0
2026-05-16T15:43:42.038,TRK,40.683999,-117.995264,8282.1,56.2,248.3,-62.2,0,4,1,0,0
2026-05-16T15:43:42.138,TRK,40.684031,-117.995299,8315.1,58.0,249.7,-64.1,0,3,0,0,0
2026-05-16T15:43:42.238,TRK,40.684028,-117.995249,8300.6,50.6,252.7,-62.1,0,5,2,0,0
2026-05-16T15:43:42.338,TRK,40.683999,-117.995291,8242.8,49.7,249.3,-61.0,0,9,6,3,0
2026-05-16T15:43:42.438,TRK,40.683996,-117.995399,8267.0,54.0,248.9,-60.8,0,6,3,0,0
2026-05-16T15:43:42.538,TRK,40.683998,-117.995403,8261.5,52.4,247.8,-64.0,0,6,3,0,0
2026-05-16T15:43:42.638,TRK,40.683967,-117.995397,8256.9,54.7,249.6,-71.7,0,4,1,0,0
2026-05-16T15:43:42.738,TRK,40.683967,-117.995417,8199.1,51.1,256.0,-59.6,0,6,3,0,0
2026-05-16T15:43:42.838,TRK,40.683997,-117.995437,8239.3,50.9,249.5,-61.4,3,5,2,0,0
2026-05-16T15:43:42.938,TRK,40.683945,-117.995461,8202.6,53.3,249.4,-57.8,3,6,3,0,0
2026-05-16T15:43:43.038,TRK,40.683987,-117.995458,8251.7,54.5,247.5,-57.5,3,5,2,0,0
2026-05-16T15:43:43.138,TRK,40.683976,-117.995470,8231.4,56.6,247.3,-63.7,3,6,3,0,0
2026-05-16T15:43:43.238,TRK,40.683934,-117.995492,8219.1,51.6,251.3,-60.5,3,5,2,0,0
2026-05-16T15:43:43.338,TRK,40.683968,-117.995513,8165.1,50.0,250.9,-69.1,3,4,1,0,0
2026-05-16T15:43:43.438,TRK,40.683956,-117.995545,8208.8,55.3,248.9,-59.9,3,6,3,0,0
2026-05-16T15:43:43.538,TRK,40.683972,-117.995590,8254.8,51.8,255.4,-67.7,3,6,3,0,0
2026-05-16T15:43:43.638,TRK,40.683905,-117.995608,8184.3,52.0,248.3,-68.5,3,4,1,0,0
2026-05-16T15:43:43.738,TRK,40.683919,-117.995554,8170.7,54.4,254.4,-61.2,2,4,1,0,0
2026-05-16T15:43:43.838,TRK,40.683985,-117.995593,8168.5,51.0,252.3,-66.3,3,5,2,0,0
2026-05-16T15:43:43.938,TRK,40.683925,-117.995592,8125.4,55.1,252.5,-65.2,3,7,4,1,0
2026-05-16T15:43:44.038,TRK,40.683928,-117.995668,8173.0,50.5,249.4,-63.3,3,6,3,0,0
2026-05-16T15:43:44.138,TRK,40.683922,-117.995712,8227.0,55.0,249.4,-61.5,3,7,4,1,0
2026-05-16T15:43:44.238,TRK,40.683888,-117.995691,8116.4,51.8,250.9,-63.8,3,7,4,1,0
2026-05-16T15:43:44.338,TRK,40.683921,-117.995685,8110.2,52.3,248.3,-65.2,3,4,1,0,0
2026-05-16T15:43:44.438,TRK,40.683895,-117.995716,8138.6,53.7,249.3,-64.8,3,8,5,2,0
2026-05-16T15:43:44.538,TRK,40.683916,-117.995757,8090.1,55.9,250.9,-70.9,2,5,2,0,0
2026-05-16T15:43:44.638,TRK,40.683898,-117.995784,8123.1,54.3,249.1,-62.7,3,5,2,0,0
2026-05-16T15:43:44.738,TRK,40.683918,-117.995779,8082.5,55.2,253.4,-63.6,3,6,3,0,0
2026-05-16T15:43:44.838,TRK,40.683868,-117.995802,8122.1,53.4,251.4,-70.6,3,7,4,1,0
2026-05-16T15:43:44.938,TRK,40.683917,-117.995792,8108.3,55.0,249.4,-67.0,3,6,3,0,0
2026-05-16T15:43:45.038,TRK,40.683875,-117.995809,8130.0,53.4,248.5,-66.3,3,8,5,2,0
2026-05-16T15:43:45.138,TRK,40.683848,-117.995825,8072.5,53.0,246.4,-66.3,3,6,3,0,0
2026-05-16T15:43:45.238,TRK,40.683854,-117.995845,8044.1,55.0,248.2,-60.2,3,6,3,0,0
2026-05-16T15:43:45.338,TRK,40.683877,-117.995877,8076.7,53.6,248.0,-63.1,3,8,5,2,0
2026-05-16T15:43:45.438,TRK,40.683844,-117.995907,8098.1,51.0,249.3,-57.2,3,6,3,0,0
2026-05-16T15:43:45.538,TRK,40.683859,-117.995951,8115.3,53.7,250.2,-68.8,3,6,3,0,0
2026-05-16T15:43:45.638,TRK,40.683862,-117.995942,8079.8,53.6,248.8,-67.9,3,9,6,3,0
2026-05-16T15:43:45.738,TRK,40.683829,-117.995942,8039.5,54.2,250.8,-64.4,3,7,4,1,0
2026-05-16T15:43:45.838,TRK,40.683821,-117.995951,8028.6,50.5,250.1,-63.1,3,9,6,3,0
2026-05-16T15:43:45.938,TRK,40.683814,-117.996025,8084.8,48.9,249.5,-63.8,3,6,3,0,0
2026-05-16T15:43:46.038,TRK,40.683810,-117.995985,7990.6,54.1,248.0,-63.3,3,7,4,1,0
2026-05-16T15:43:46.138,TRK,40.683810,-117.996040,7994.4,52.9,249.4,-62.3,3,7,4,1,0
2026-05-16T15:43:46.238,TRK,40.683846,-117.996040,8082.5,53.0,248.8,-62.5,3,8,5,2,0
2026-05-16T15:43:46.338,TRK,40.683789,-117.996111,7986.7,51.6,247.5,-55.8,3,9,6,3,0
2026-05-16T15:43:46.438,TRK,40.683820,-117.996078,8033.5,54.9,248.1,-68.7,3,5,2,0,0
2026-05-16T15:43:46.538,TRK,40.683788,-117.996102,7985.6,50.0,250.1,-62.5,3,6,3,0,0
2026-05-16T15:43:46.638,TRK,40.683766,-117.996100,8035.4,55.4,249.9,-64.2,3,7,4,1,0
2026-05-16T15:43:46.738,TRK,40.683785,-117.996116,8002.0,49.4,244.9,-61.3,3,6,3,0,0
2026-05-16T15:43:46.838,TRK,40.683803,-117.996150,8001.5,50.9,247.4,-68.3,3,6,3,0,0
2026-05-16T15:43:46.938,TRK,40.683804,-117.996157,8028.4,49.5,252.3,-65.6,2,8,5,2,0
2026-05-16T15:43:47.038,TRK,40.683778,-117.996181,7966.9,51.9,253.8,-65.3,3,7,4,1,0
2026-05-16T15:43:47.138,TRK,40.683751,-117.996210,7943.6,54.1,248.4,-64.7,3,6,3,0,0
2026-05-16T15:43:47.238,TRK,40.683751,-117.996234,7960.2,51.6,252.9,-62.5,3,6,3,0,0
2026-05-16T15:43:47.338,TRK,40.683744,-117.996221,7966.6,54.2,246.8,-65.6,3,4,1,0,0
2026-05-16T15:43:47.438,TRK,40.683776,-117.996267,7910.0,52.5,250.0,-64.8,3,5,2,0,0
2026-05-16T15:43:47.538,TRK,40.683768,-117.996295,7943.7,51.8,250.5,-59.4,3,6,3,0,0
2026-05-16T15:43:47.638,TRK,40.683726,-117.996281,7943.0,55.5,249.3,-56.9,3,8,5,2,0
2026-05-16T15:43:47.738,TRK,40.683740,-117.996294,7927.1,51.8,251.6,-60.9,3,6,3,0,0
2026-05-16T15:43:47.838,TRK,40.683710,-117.996261,7914.5,55.1,249.9,-64.1,3,8,5,2,0
2026-05-16T15:43:47.938,TRK,40.683746,-117.996304,7892.6,53.3,250.2,-69.7,3,5,2,0,0
2026-05-16T15:43:48.038,TRK,40.683710,-117.996369,7932.4,52.9,254.2,-61.9,3,7,4,1,0
2026-05-16T15:43:48.138,TRK,40.683724,-117.996337,7940.6,51.8,252.3,-64.0,3,7,4,1,0
2026-05-16T15:43:48.238,TRK,40.683728,-117.996419,7885.4,47.5,251.7,-63.5,3,7,4,1,0
2026-05-16T15:43:48.338,TRK,40.683759,-117.996450,7897.5,55.0,248.8,-62.7,3,9,6,3,0
2026-05-16T15:43:48.438,TRK,40.683702,-117.996426,7880.2,54.0,249.2,-68.1,3,9,6,3,0
2026-05-16T15:43:48.538,TRK,40.683717,-117.996435,7890.8,53.6,249.3,-56.8,3,4,1,0,0
2026-05-16T15:43:48.638,TRK,40.683707,-117.996483,7889.2,49.9,247.3,-64.5,3,6,3,0,0
2026-05-16T15:43:48.738,TRK,40.683682,-117.996487,7862.8,51.1,250.2,-61.1,3,3,0,0,0
2026-05-16T15:43:48.838,TRK,40.683675,-117.996561,7843.7,50.7,248.3,-61.3,3,6,3,0,0
2026-05-16T15:43:48.938,TRK,40.683683,-117.996553,7887.5,52.9,248.2,-63.1,3,5,2,0,0
2026-05-16T15:43:49.038,TRK,40.683684,-117.996503,7853.6,52.1,248.3,-64.2,3,4,1,0,0
2026-05-16T15:43:49.138,TRK,40.683700,-117.996500,7806.3,49.1,252.2,-62.8,3,7,4,1,0
2026-05-16T15:43:49.238,TRK,40.683669,-117.996559,7852.5,51.6,253.0,-63.2,3,5,2,0,0
2026-05-16T15:43:49.338,TRK,40.683656,-117.996604,7817.6,51.4,250.8,-61.3,3,7,4,1,0
2026-05-16T15:43:49.438,TRK,40.683684,-117.996645,7838.7,50.5,249.6,-65.9,3,9,6,3,0
2026-05-16T15:43:49.538,TRK,40.683634,-117.996584,7801.9,51.2,250.3,-62.9,3,4,1,0,0
2026-05-16T15:43:49.638,TRK,40.683663,-117.996686,7787.3,50.8,252.7,-63.6,3,7,4,1,0
2026-05-16T15:43:49.738,TRK,40.683660,-117.996657,7791.9,54.0,250.9,-67.0,2,4,1,0,0
2026-05-16T15:43:49.838,TRK,40.683617,-117.996691,7824.5,51.8,246.7,-65.3,3,4,1,0,0
2026-05-16T15:43:49.938,TRK,40.683635,-117.996717,7815.7,48.2,254.2,-65.0,3,5,2,0,0
2026-05-16T15:43:50.038,TRK,40.683642,-117.996745,7799.7,52.9,248.6,-66.9,3,8,5,2,0
2026-05-16T15:43:50.138,TRK,40.683659,-117.996709,7784.6,51.6,245.4,-65.9,3,7,4,1,0
2026-05-16T15:43:50.238,TRK,40.683607,-117.996775,7778.1,52.0,248.8,-62.0,3,4,1,0,0
2026-05-16T15:43:50.338,TRK,40.683623,-117.996813,7755.4,51.7,253.1,-62.5,3,4,1,0,0
2026-05-16T15:43:50.438,TRK,40.683605,-117.996772,7724.7,53.2,252.0,-54.4,3,5,2,0,0
2026-05-16T15:43:50.538,TRK,40.683595,-117.996791,7757.7,54.1,252.1,-59.1,3,6,3,0,0
2026-05-16T15:43:50.638,TRK,40.683636,-117.996786,7779.1,54.3,252.0,-65.3,3,7,4,1,0
2026-05-16T15:43:50.738,TRK,40.683616,-117.996826,7733.4,52.5,247.4,-60.6,3,7,4,1,0
2026-05-16T15:43:50.838,TRK,40.683563,-117.996849,7745.0,49.1,246.8,-61.6,3,5,2,0,0
2026-05-16T15:43:50.938,TRK,40.683580,-117.996901,7697.7,47.3,248.0,-67.7,3,5,2,0,0
2026-05-16T15:43:51.038,TRK,40.683586,-117.996908,7729.4,51.2,253.8,-60.8,3,6,3,0,0
2026-05-16T15:43:51.138,TRK,40.683593,-117.996876,7684.3,51.3,250.4,-63.4,3,5,2,0,0
2026-05-16T15:43:51.238,TRK,40.683562,-117.996945,7678.9,52.3,251.5,-62.9,3,5,2,0,0
2026-05-16T15:43:51.338,TRK,40.683573,-117.996955,7663.7,52.4,249.9,-62.2,3,6,3,0,0
2026-05-16T15:43:51.438,TRK,40.683555,-117.997038,7723.3,49.1,250.1,-63.1,3,7,4,1,0
2026-05-16T15:43:51.538,TRK,40.683525,-117.996963,7653.7,47.9,251.8,-64.0,3,8,5,2,0
2026-05-16T15:43:51.638,TRK,40.683569,-117.997028,7678.3,50.5,251.2,-62.0,3,3,0,0,0
2026-05-16T15:43:51.738,TRK,40.683545,-117.997000,7672.5,51.7,250.8,-61.1,3,8,5,2,0
2026-05-16T15:43:51.838,TRK,40.683524,-117.997005,7693.2,49.8,248.7,-63.6,3,7,4,1,0
2026-05-16T15:43:51.938,TRK,40.683521,-117.997040,7661.1,50.3,249.5,-58.5,2,5,2,0,0
2026-05-16T15:43:52.038,TRK,40.683550,-117.997047,7628.4,51.3,253.2,-62.8,3,8,5,2,0
2026-05-16T15:43:52.138,TRK,40.683521,-117.997107,7662.5,48.9,249.6,-64.1,3,7,4,1,0
2026-05-16T15:43:52.238,TRK,40.683553,-117.997066,7650.8,48.6,250.4,-67.3,3,5,2,0,0
2026-05-16T15:43:52.338,TRK,40.683532,-117.997166,7636.3,50.7,246.8,-66.6,3,7,4,1,0
2026-05-16T15:43:52.438,TRK,40.683517,-117.997114,7623.8,50.7,250.5,-69.7,3,6,3,0,0
2026-05-16T15:43:52.538,TRK,40.683471,-117.997131,7590.2,45.5,247.7,-63.3,3,6,3,0,0
2026-05-16T15:43:52.638,TRK,40.683476,-117.997174,7653.4,49.0,252.0,-60.8,3,6,3,0,0
2026-05-16T15:43:52.738,TRK,40.683504,-117.997192,7597.0,50.8,249.9,-65.6,3,7,4,1,0
2026-05-16T15:43:52.838,TRK,40.683475,-117.997195,7602.7,49.7,249.1,-60.8,3,7,4,1,0
2026-05-16T15:43:52.938,TRK,40.683464,-117.997209,7594.8,50.4,251.4,-67.3,3,7,4,1,0
2026-05-16T15:43:53.038,TRK,40.683496,-117.997233,7605.5,53.2,253.5,-61.7,3,6,3,0,0
2026-05-16T15:43:53.138,TRK,40.683468,-117.997245,7571.5,52.2,249.3,-60.7,3,5,2,0,0
2026-05-16T15:43:53.238,TRK,40.683455,-117.997293,7527.5,52.3,249.9,-69.0,3,5,2,0,0
2026-05-16T15:43:53.338,TRK,40.683512,-117.997291,7587.4,47.6,251.1,-60.8,3,6,3,0,0
2026-05-16T15:43:53.438,TRK,40.683493,-117.997339,7619.8,51.5,250.0,-57.5,3,6,3,0,0
2026-05-16T15:43:53.538,TRK,40.683472,-117.997335,7513.4,49.3,250.7,-56.8,3,7,4,1,0
2026-05-16T15:43:53.638,TRK,40.683456,-117.997371,7584.0,50.5,249.9,-61.7,3,8,5,2,0
2026-05-16T15:43:53.738,TRK,40.683461,-117.997293,7553.9,50.4,250.2,-64.4,3,7,4,1,0
2026-05-16T15:43:53.838,TRK,40.683440,-117.997415,7514.8,48.9,252.3,-67.0,3,8,5,2,0
2026-05-16T15:43:53.938,TRK,40.683468,-117.997423,7508.0,51.3,249.2,-64.8,3,7,4,1,0
2026-05-16T15:43:54.038,TRK,40.683433,-117.997421,7542.5,52.2,252.2,-62.9,2,7,4,1,0
2026-05-16T15:43:54.138,TRK,40.683387,-117.997445,7525.7,51.1,251.5,-66.7,3,6,3,0,0
2026-05-16T15:43:54.238,TRK,40.683448,-117.997426,7507.3,49.1,244.3,-65.1,3,6,3,0,0
2026-05-16T15:43:54.338,TRK,40.683479,-117.997475,7453.7,47.7,249.1,-63.4,3,8,5,2,0
2026-05-16T15:43:54.438,TRK,40.683432,-117.997437,7551.5,47.0,249.0,-62.6,3,6,3,0,0
2026-05-16T15:43:54.538,TRK,40.683387,-117.997480,7507.2,51.1,251.1,-66.0,3,5,2,0,0
2026-05-16T15:43:54.638,TRK,40.683409,-117.997495,7531.1,51.2,250.3,-66.6,3,7,4,1,0
2026-05-16T15:43:54.738,TRK,40.683388,-117.997513,7501.8,45.4,249.2,-60.2,3,4,1,0,0
2026-05-16T15:43:54.838,TRK,40.683385,-117.997556,7497.7,51.7,249.4,-61.3,3,4,1,0,0
2026-05-16T15:43:54.938,TRK,40.683406,-117.997548,7486.5,49.0,250.4,-67.1,3,4,1,0,0
2026-05-16T15:43:55.038,TRK,40.683393,-117.997556,7461.7,52.4,252.2,-67.7,3,3,0,0,0
2026-05-16T15:43:55.138,TRK,40.683404,-117.997603,7453.5,48.2,252.5,-66.9,3,7,4,1,0
2026-05-16T15:43:55.238,TRK,40.683381,-117.997616,7419.8,48.7,249.2,-61.3,3,3,0,0,0
2026-05-16T15:43:55.338,TRK,40.683360,-117.997638,7406.3,50.3,250.5,-63.2,3,5,2,0,0
2026-05-16T15:43:55.438,TRK,40.683343,-117.997633,7436.5,48.8,248.7,-58.4,3,7,4,1,0
2026-05-16T15:43:55.538,TRK,40.683363,-117.997620,7431.3,49.9,249.9,-66.8,3,3,0,0,0
2026-05-16T15:43:55.638,TRK,40.683383,-117.997633,7463.6,52.4,250.3,-62.2,3,8,5,2,0
2026-05-16T15:43:55.738,TRK,40.683348,-117.997697,7432.2,47.9,249.6,-66.6,3,7,4,1,0
2026-05-16T15:43:55.838,TRK,40.683327,-117.997726,7424.2,46.9,252.5,-59.0,3,6,3,0,0
2026-05-16T15:43:55.938,TRK,40.683366,-117.997699,7458.5,48.8,251.4,-63.5,3,6,3,0,0
2026-05-16T15:43:56.038,TRK,40.683385,-117.997774,7394.4,48.8,249.9,-63.0,3,11,8,5,2
2026-05-16T15:43:56.138,TRK,40.683330,-117.997704,7399.8,50.5,255.0,-57.7,3,8,5,2,0
2026-05-16T15:43:56.238,TRK,40.683317,-117.997720,7398.1,48.5,253.3,-62.8,3,8,5,2,0
2026-05-16T15:43:56.338,TRK,40.683298,-117.997750,7408.1,47.2,245.9,-63.9,3,4,1,0,0
2026-05-16T15:43:56.438,TRK,40.683334,-117.997847,7387.9,48.1,250.3,-62.6,3,7,4,1,0
2026-05-16T15:43:56.538,TRK,40.683342,-117.997838,7351.1,49.5,254.4,-56.4,3,4,1,0,0
2026-05-16T15:43:56.638,TRK,40.683297,-117.997852,7316.2,52.1,251.1,-67.5,3,8,5,2,0
2026-05-16T15:43:56.738,TRK,40.683299,-117.997869,7356.5,46.3,249.8,-67.6,3,4,1,0,0
2026-05-16T15:43:56.838,TRK,40.683286,-117.997864,7348.3,47.5,247.3,-65.2,3,7,4,1,0
2026-05-16T15:43:56.938,TRK,40.683276,-117.997919,7352.1,49.0,248.0,-60.9,3,7,4,1,0
2026-05-16T15:43:57.038,TRK,40.683292,-117.997886,7304.3,48.2,251.0,-70.0,3,5,2,0,0
2026-05-16T15:43:57.138,TRK,40.683289,-117.997957,7338.2,50.7,250.6,-66.2,3,7,4,1,0
2026-05-16T15:43:57.238,TRK,40.683237,-117.997948,7316.5,49.8,252.8,-64.1,3,6,3,0,0
2026-05-16T15:43:57.338,TRK,40.683283,-117.997956,7369.7,50.7,249.9,-63.5,3,6,3,0,0
2026-05-16T15:43:57.438,TRK,40.683286,-117.997950,7355.3,48.6,250.2,-64.1,3,5,2,0,0
2026-05-16T15:43:57.538,TRK,40.683271,-117.997988,7278.1,51.1,254.3,-64.7,3,7,4,1,0
2026-05-16T15:43:57.638,TRK,40.683259,-117.998008,7351.8,48.8,250.2,-66.5,3,6,3,0,0
2026-05-16T15:43:57.738,TRK,40.683251,-117.998059,7343.6,50.7,253.4,-65.8,3,3,0,0,0
2026-05-16T15:43:57.838,TRK,40.683276,-117.998051,7304.2,48.1,250.9,-62.5,3,5,2,0,0
2026-05-16T15:43:57.938,TRK,40.683257,-117.998016,7309.6,49.2,250.7,-61.2,3,7,4,1,0
2026-05-16T15:43:58.038,TRK,40.683286,-117.998100,7257.0,49.6,248.0,-60.3,3,4,1,0,0
2026-05-16T15:43:58.138,TRK,40.683250,-117.998088,7210.2,48.1,249.8,-67.7,2,5,2,0,0
2026-05-16T15:43:58.238,TRK,40.683236,-117.998151,7239.2,50.2,248.2,-61.7,3,4,1,0,0
2026-05-16T15:43:58.338,TRK,40.683227,-117.998129,7267.4,49.4,248.4,-66.3,3,6,3,0,0
2026-05-16T15:43:58.438,TRK,40.683276,-117.998156,7273.7,49.5,250.1,-59.8,3,5,2,0,0
2026-05-16T15:43:58.538,TRK,40.683224,-117.998136,7246.7,49.0,250.6,-57.7,3,6,3,0,0
2026-05-16T15:43:58.638,TRK,40.683244,-117.998180,7284.6,48.1,249.3,-63.8,3,5,2,0,0
2026-05-16T15:43:58.738,TRK,40.683209,-117.998151,7261.6,52.4,247.1,-67.1,3,5,2,0,0
2026-05-16T15:43:58.838,TRK,40.683199,-117.998171,7271.5,46.1,249.5,-57.9,3,6,3,0,0
2026-05-16T15:43:58.938,TRK,40.683178,-117.998248,7193.3,46.6,249.2,-65.5,3,5,2,0,0
2026-05-16T15:43:59.038,TRK,40.683226,-117.998242,7206.8,51.0,249.9,-65.2,3,7,4,1,0
2026-05-16T15:43:59.138,TRK,40.683221,-117.998248,7197.7,45.6,248.5,-68.7,3,4,1,0,0
2026-05-16T15:43:59.238,TRK,40.683182,-117.998253,7200.9,44.5,253.9,-58.1,2,9,6,3,0
2026-05-16T15:43:59.338,TRK,40.683176,-117.998288,7223.9,48.8,249.3,-63.2,3,6,3,0,0
2026-05-16T15:43:59.438,TRK,40.683204,-117.998352,7158.0,47.7,248.6,-60.1,3,6,3,0,0
2026-05-16T15:43:59.538,TRK,40.683185,-117.998256,7198.5,48.4,248.7,-63.0,3,7,4,1,0
2026-05-16T15:43:59.638,TRK,40.683217,-117.998370,7222.2,45.9,247.4,-63.5,3,6,3,0,0
2026-05-16T15:43:59.738,TRK,40.683155,-117.998388,7193.7,45.9,250.8,-61.4,3,7,4,1,0
2026-05-16T15:43:59.838,TRK,40.683180,-117.998369,7159.8,49.4,250.9,-58.3,3,4,1,0,0
2026-05-16T15:43:59.938,TRK,40.683119,-117.998336,7177.3,47.1,246.9,-61.9,3,6,3,0,0
2026-05-16T15:44:00.038,TRK,40.683143,-117.998354,7122.0,45.9,247.1,-60.7,3,5,2,0,0
2026-05-16T15:44:00.138,TRK,40.683143,-117.998426,7112.9,46.6,251.2,-60.1,3,6,3,0,0
2026-05-16T15:44:00.238,TRK,40.683150,-117.998427,7089.5,50.0,250.1,-66.4,3,6,3,0,0
2026-05-16T15:44:00.338,TRK,40.683146,-117.998448,7169.7,46.6,248.0,-62.5,3,7,4,1,0
2026-05-16T15:44:00.438,TRK,40.683151,-117.998460,7095.0,47.5,252.0,-61.8,3,5,2,0,0
2026-05-16T15:44:00.538,TRK,40.683147,-117.998499,7057.5,49.1,248.6,-62.9,3,6,3,0,0
2026-05-16T15:44:00.638,TRK,40.683153,-117.998507,7130.0,50.2,250.2,-61.8,3,9,6,3,0
2026-05-16T15:44:00.738,TRK,40.683119,-117.998512,7119.1,45.2,246.3,-56.8,3,5,2,0,0
2026-05-16T15:44:00.838,TRK,40.683129,-117.998540,7104.6,49.1,249.3,-64.5,3,8,5,2,0
2026-05-16T15:44:00.938,TRK,40.683129,-117.998574,7081.2,47.6,247.3,-59.7,3,6,3,0,0
2026-05-16T15:44:01.038,TRK,40.683139,-117.998533,7091.8,48.8,252.7,-66.8,3,6,3,0,0
2026-05-16T15:44:01.138,TRK,40.683123,-117.998620,7112.7,50.7,249.7,-66.9,3,4,1,0,0
2026-05-16T15:44:01.238,TRK,40.683086,-117.998590,7067.4,48.7,251.1,-57.6,3,7,4,1,0
2026-05-16T15:44:01.338,TRK,40.683105,-117.998617,7056.9,46.6,250.2,-63.7,3,8,5,2,0
2026-05-16T15:44:01.438,TRK,40.683081,-117.998570,7061.4,45.8,250.1,-68.5,3,8,5,2,0
2026-05-16T15:44:01.538,TRK,40.683100,-117.998666,7028.8,46.8,245.2,-53.4,3,8,5,2,0
2026-05-16T15:44:01.638,TRK,40.683099,-117.998699,7085.2,48.0,247.2,-59.8,3,6,3,0,0
2026-05-16T15:44:01.738,TRK,40.683075,-117.998700,7040.2,50.6,241.1,-66.4,3,5,2,0,0
2026-05-16T15:44:01.838,TRK,40.683098,-117.998686,7063.5,49.5,252.5,-65.7,3,5,2,0,0
2026-05-16T15:44:01.938,TRK,40.683093,-117.998720,6978.8,47.1,250.5,-63.3,3,7,4,1,0
2026-05-16T15:44:02.038,TRK,40.683075,-117.998729,7028.7,48.4,249.9,-64.7,3,7,4,1,0
2026-05-16T15:44:02.138,TRK,40.683050,-117.998758,7002.3,45.0,248.6,-64.9,3,4,1,0,0
2026-05-16T15:44:02.238,TRK,40.683057,-117.998760,7005.2,47.4,250.6,-61.5,3,6,3,0,0
2026-05-16T15:44:02.338,TRK,40.683088,-117.998797,6974.2,47.5,248.5,-61.8,3,5,2,0,0
2026-05-16T15:44:02.438,TRK,40.683060,-117.998810,7044.4,47.8,252.2,-61.5,3,6,3,0,0
2026-05-16T15:44:02.538,TRK,40.683057,-117.998823,6965.6,46.2,246.5,-57.7,3,6,3,0,0
2026-05-16T15:44:02.638,TRK,40.683009,-117.998819,7000.5,46.3,248.4,-55.0,3,5,2,0,0
2026-05-16T15:44:02.738,TRK,40.683068,-117.998857,7002.3,48.0,247.9,-67.5,3,6,3,0,0
2026-05-16T15:44:02.838,TRK,40.683034,-117.998889,7016.0,44.8,249.0,-62.6,3,6,3,0,0
2026-05-16T15:44:02.938,TRK,40.683029,-117.998839,6944.9,48.5,249.5,-67.4,3,6,3,0,0
2026-05-16T15:44:03.038,TRK,40.682975,-117.998863,6962.3,45.9,249.9,-55.9,3,4,1,0,0
2026-05-16T15:44:03.138,TRK,40.683023,-117.998863,6928.1,47.6,251.4,-58.6,3,5,2,0,0
2026-05-16T15:44:03.238,TRK,40.683041,-117.998924,6958.7,47.0,249.5,-56.5,3,9,6,3,0
2026-05-16T15:44:03.338,TRK,40.683027,-117.998958,6943.4,45.9,247.4,-69.4,3,5,2,0,0
2026-05-16T15:44:03.438,TRK,40.683036,-117.998985,6939.3,46.5,254.0,-58.6,3,7,4,1,0
2026-05-16T15:44:03.538,TRK,40.682978,-117.998956,6950.8,47.1,248.9,-66.0,3,7,4,1,0
2026-05-16T15:44:03.638,TRK,40.683031,-117.998983,6944.8,47.0,250.6,-62.7,3,6,3,0,0
2026-05-16T15:44:03.738,TRK,40.683019,-117.998992,6927.1,44.7,253.4,-72.0,3,5,2,0,0
2026-05-16T15:44:03.838,TRK,40.683001,-117.998959,6909.0,46.5,243.9,-61.3,3,5,2,0,0
2026-05-16T15:44:03.938,TRK,40.682998,-117.999032,6920.4,45.9,249.2,-68.9,3,6,3,0,0
2026-05-16T15:44:04.038,TRK,40.683031,-117.999080,6890.0,48.7,248.3,-60.2,3,8,5,2,0
2026-05-16T15:44:04.138,TRK,40.682979,-117.999092,6933.3,46.5,249.0,-58.8,3,7,4,1,0
2026-05-16T15:44:04.238,TRK,40.682955,-117.999065,6918.9,45.5,251.7,-59.1,3,7,4,1,0
2026-05-16T15:44:04.338,TRK,40.682980,-117.999068,6846.8,45.1,249.1,-62.0,3,4,1,0,0
2026-05-16T15:44:04.438,TRK,40.682978,-117.999134,6868.1,44.0,251.3,-63.2,3,5,2,0,0
2026-05-16T15:44:04.538,TRK,40.682962,-117.999150,6864.3,49.0,248.9,-65.9,2,6,3,0,0
2026-05-16T15:44:04.638,TRK,40.682964,-117.999153,6864.4,45.5,250.8,-62.0,2,5,2,0,0
2026-05-16T15:44:04.738,TRK,40.682958,-117.999130,6889.1,47.5,253.8,-59.7,3,5,2,0,0
2026-05-16T15:44:04.838,TRK,40.682963,-117.999178,6828.5,49.4,249.2,-61.6,3,6,3,0,0
2026-05-16T15:44:04.938,TRK,40.682958,-117.999160,6812.5,46.1,249.4,-56.7,3,6,3,0,0
2026-05-16T15:44:05.038,TRK,40.682947,-117.999187,6860.2,48.3,251.0,-60.8,3,6,3,0,0
2026-05-16T15:44:05.138,TRK,40.682936,-117.999209,6856.0,41.8,248.5,-60.8,3,6,3,0,0
2026-05-16T15:44:05.238,TRK,40.682907,-117.999210,6790.4,47.5,247.6,-68.8,3,5,2,0,0
2026-05-16T15:44:05.338,TRK,40.682934,-117.999210,6833.5,44.6,251.1,-57.8,3,5,2,0,0
2026-05-16T15:44:05.438,TRK,40.682937,-117.999277,6784.2,45.9,250.1,-63.3,3,7,4,1,0
2026-05-16T15:44:05.538,TRK,40.682921,-117.999270,6810.5,44.3,253.1,-61.7,3,4,1,0,0
2026-05-16T15:44:05.638,TRK,40.682906,-117.999299,6804.7,45.4,253.6,-65.5,3,5,2,0,0
2026-05-16T15:44:05.738,TRK,40.682917,-117.999313,6776.3,48.3,248.5,-58.3,3,6,3,0,0
2026-05-16T15:44:05.838,TRK,40.682889,-117.999327,6765.5,47.7,247.9,-59.3,3,6,3,0,0
2026-05-16T15:44:05.938,TRK,40.682851,-117.999321,6728.9,48.2,249.4,-58.5,2,7,4,1,0
2026-05-16T15:44:06.038,TRK,40.682899,-117.999286,6802.7,45.4,251.1,-54.5,3,7,4,1,0
2026-05-16T15:44:06.138,TRK,40.682893,-117.999364,6799.4,42.0,247.4,-52.8,3,7,4,1,0
2026-05-16T15:44:06.238,TRK,40.682871,-117.999403,6750.5,49.6,248.2,-62.7,3,6,3,0,0
2026-05-16T15:44:06.338,TRK,40.682861,-117.999378,6747.6,49.5,251.7,-61.4,3,7,4,1,0
2026-05-16T15:44:06.438,TRK,40.682938,-117.999434,6724.6,45.6,244.5,-65.1,3,6,3,0,0
2026-05-16T15:44:06.538,TRK,40.682890,-117.999462,6751.6,44.6,246.2,-61.6,3,7,4,1,0
2026-05-16T15:44:06.638,TRK,40.682852,-117.999456,6731.6,43.8,249.1,-64.1,3,5,2,0,0
2026-05-16T15:44:06.738,TRK,40.682853,-117.999469,6756.1,45.0,252.0,-62.0,3,5,2,0,0
2026-05-16T15:44:06.838,TRK,40.682827,-117.999513,6742.9,47.5,248.9,-63.9,3,6,3,0,0
2026-05-16T15:44:06.938,TRK,40.682850,-117.999521,6773.6,41.1,252.3,-61.2,3,5,2,0,0
2026-05-16T15:44:07.038,TRK,40.682872,-117.999514,6729.0,45.3,252.4,-61.1,3,4,1,0,0
2026-05-16T15:44:07.138,TRK,40.682809,-117.999518,6671.6,45.2,250.8,-66.2,3,7,4,1,0
2026-05-16T15:44:07.238,TRK,40.682840,-117.999547,6710.3,47.5,251.4,-54.5,3,5,2,0,0
2026-05-16T15:44:07.338,TRK,40.682839,-117.999561,6712.1,41.0,250.5,-61.0,3,7,4,1,0
2026-05-16T15:44:07.438,TRK,40.682837,-117.999554,6706.6,49.0,247.3,-67.7,3,6,3,0,0
2026-05-16T15:44:07.538,TRK,40.682806,-117.999565,6697.1,41.5,251.8,-60.5,3,5,2,0,0
2026-05-16T15:44:07.638,TRK,40.682863,-117.999599,6692.5,46.0,250.0,-65.1,3,9,6,3,0
2026-05-16T15:44:07.738,TRK,40.682850,-117.999624,6647.4,47.3,247.6,-57.7,3,6,3,0,0
2026-05-16T15:44:07.838,TRK,40.682845,-117.999625,6649.0,41.4,249.0,-65.5,3,7,4,1,0
2026-05-16T15:44:07.938,TRK,40.682819,-117.999666,6678.0,42.2,244.0,-62.4,3,5,2,0,0
2026-05-16T15:44:08.038,TRK,40.682822,-117.999666,6625.9,46.4,251.6,-65.5,3,7,4,1,0
2026-05-16T15:44:08.138,TRK,40.682799,-117.999730,6628.7,44.7,252.3,-65.9,3,6,3,0,0
2026-05-16T15:44:08.238,TRK,40.682811,-117.999715,6627.4,44.3,249.6,-61.0,3,6,3,0,0
2026-05-16T15:44:08.338,TRK,40.682813,-117.999727,6630.1,41.8,250.2,-64.5,3,8,5,2,0
2026-05-16T15:44:08.438,TRK,40.682803,-117.999739,6659.2,44.9,254.4,-62.1,3,5,2,0,0
2026-05-16T15:44:08.538,TRK,40.682785,-117.999711,6665.9,44.3,249.8,-60.8,3,5,2,0,0
2026-05-16T15:44:08.638,TRK,40.682807,-117.999771,6650.4,45.7,254.2,-59.8,3,6,3,0,0
2026-05-16T15:44:08.738,TRK,40.682829,-117.999763,6619.8,42.0,248.9,-71.9,3,6,3,0,0
2026-05-16T15:44:08.838,TRK,40.682794,-117.999830,6602.2,44.6,248.4,-60.9,3,4,1,0,0
2026-05-16T15:44:08.938,TRK,40.682767,-117.999769,6625.1,44.3,246.2,-60.4,3,8,5,2,0
2026-05-16T15:44:09.038,TRK,40.682765,-117.999798,6601.8,46.5,250.4,-63.7,3,3,0,0,0
2026-05-16T15:44:09.138,TRK,40.682755,-117.999841,6574.9,44.4,244.9,-58.7,3,3,0,0,0
2026-05-16T15:44:09.238,TRK,40.682751,-117.999841,6565.2,48.4,250.8,-58.6,3,7,4,1,0
2026-05-16T15:44:09.338,TRK,40.682765,-117.999880,6575.4,44.9,249.8,-55.0,3,7,4,1,0
2026-05-16T15:44:09.438,TRK,40.682750,-117.999904,6587.8,45.2,248.3,-68.3,3,9,6,3,0
2026-05-16T15:44:09.538,TRK,40.682727,-117.999874,6547.1,45.7,250.5,-60.4,3,8,5,2,0
2026-05-16T15:44:09.638,TRK,40.682741,-117.999876,6535.4,44.7,250.8,-63.0,3,8,5,2,0
2026-05-16T15:44:09.738,TRK,40.682734,-117.999966,6586.7,43.8,249.6,-62.1,3,6,3,0,0
2026-05-16T15:44:09.838,TRK,40.682736,-117.999946,6528.4,45.1,249.4,-59.1,3,5,2,0,0
2026-05-16T15:44:09.938,TRK,40.682726,-117.999895,6540.5,41.4,252.2,-66.3,3,4,1,0,0
2026-05-16T15:44:10.038,TRK,40.682730,-117.999967,6526.7,43.7,254.1,-55.4,3,8,5,2,0
2026-05-16T15:44:10.138,TRK,40.682714,-118.000003,6524.7,45.2,250.2,-59.4,3,8,5,2,0
2026-05-16T15:44:10.238,TRK,40.682739,-118.000033,6517.7,42.6,249.3,-66.8,3,6,3,0,0
2026-05-16T15:44:10.338,TRK,40.682699,-117.999997,6501.6,40.5,252.8,-60.1,3,6,3,0,0
2026-05-16T15:44:10.438,TRK,40.682741,-118.000017,6478.5,45.8,251.4,-55.0,3,6,3,0,0
2026-05-16T15:44:10.538,TRK,40.682705,-118.000014,6466.2,44.7,247.6,-57.1,3,4,1,0,0
2026-05-16T15:44:10.638,TRK,40.682743,-118.000030,6519.6,45.2,252.7,-64.2,3,7,4,1,0
2026-05-16T15:44:10.738,TRK,40.682704,-118.000085,6490.9,43.7,246.8,-57.2,3,6,3,0,0
2026-05-16T15:44:10.838,TRK,40.682675,-118.000085,6492.4,43.6,252.8,-67.1,3,6,3,0,0
2026-05-16T15:44:10.938,TRK,40.682706,-118.000135,6522.7,44.2,249.3,-59.3,3,7,4,1,0
2026-05-16T15:44:11.038,TRK,40.682718,-118.000095,6457.7,46.2,250.6,-63.8,3,3,0,0,0
2026-05-16T15:44:11.138,TRK,40.682707,-118.000157,6489.9,45.5,249.8,-61.5,3,4,1,0,0
2026-05-16T15:44:11.238,TRK,40.682695,-118.000093,6447.0,43.8,249.8,-56.6,3,6,3,0,0
2026-05-16T15:44:11.338,TRK,40.682674,-118.000157,6456.8,42.3,250.8,-60.3,3,6,3,0,0
2026-05-16T15:44:11.438,TRK,40.682655,-118.000192,6416.8,44.8,256.1,-66.5,3,4,1,0,0
2026-05-16T15:44:11.538,TRK,40.682660,-118.000220,6425.6,45.7,249.7,-57.4,3,7,4,1,0
2026-05-16T15:44:11.638,TRK,40.682647,-118.000246,6472.8,42.9,253.9,-61.9,3,5,2,0,0
2026-05-16T15:44:11.738,TRK,40.682664,-118.000183,6420.5,40.8,252.1,-61.1,3,4,1,0,0
2026-05-16T15:44:11.838,TRK,40.682641,-118.000195,6396.7,44.4,250.6,-62.9,3,6,3,0,0
2026-05-16T15:44:11.938,TRK,40.682649,-118.000232,6396.7,43.9,245.1,-64.2,3,5,2,0,0
2026-05-16T15:44:12.038,TRK,40.682606,-118.000236,6402.4,47.3,252.5,-61.9,3,7,4,1,0
2026-05-16T15:44:12.138,TRK,40.682616,-118.000255,6402.6,41.2,247.7,-56.4,3,5,2,0,0
2026-05-16T15:44:12.238,TRK,40.682651,-118.000269,6435.6,42.1,249.5,-65.9,3,3,0,0,0
2026-05-16T15:44:12.338,TRK,40.682645,-118.000289,6452.9,43.8,249.4,-64.8,3,7,4,1,0
2026-05-16T15:44:12.438,TRK,40.682626,-118.000304,6350.5,41.9,253.7,-66.6,3,5,2,0,0
2026-05-16T15:44:12.538,TRK,40.682629,-118.000373,6372.9,40.9,255.5,-67.5,3,6,3,0,0
2026-05-16T15:44:12.638,TRK,40.682649,-118.000342,6405.6,43.2,251.7,-60.8,3,6,3,0,0
2026-05-16T15:44:12.738,TRK,40.682618,-118.000366,6346.0,43.2,250.7,-63.7,3,5,2,0,0
2026-05-16T15:44:12.838,TRK,40.682632,-118.000367,6338.4,43.3,249.1,-74.9,3,6,3,0,0
2026-05-16T15:44:12.938,TRK,40.682602,-118.000390,6360.9,43.5,248.0,-59.3,3,8,5,2,0
2026-05-16T15:44:13.038,TRK,40.682585,-118.000369,6333.7,42.8,251.4,-62.9,3,4,1,0,0
2026-05-16T15:44:13.138,TRK,40.682600,-118.000430,6328.8,41.6,251.9,-58.5,3,8,5,2,0
2026-05-16T15:44:13.238,TRK,40.682612,-118.000432,6345.5,43.4,254.8,-58.8,3,5,2,0,0
2026-05-16T15:44:13.338,TRK,40.682589,-118.000488,6295.2,42.6,250.3,-57.7,3,6,3,0,0
2026-05-16T15:44:13.438,TRK,40.682567,-118.000509,6322.4,41.8,248.2,-58.1,3,8,5,2,0
2026-05-16T15:44:13.538,TRK,40.682606,-118.000461,6374.1,40.1,249.9,-53.5,3,6,3,0,0
2026-05-16T15:44:13.638,TRK,40.682564,-118.000510,6332.2,43.5,249.9,-63.1,3,4,1,0,0
2026-05-16T15:44:13.738,TRK,40.682622,-118.000512,6335.1,42.6,247.6,-59.2,3,4,1,0,0
2026-05-16T15:44:13.838,TRK,40.682548,-118.000543,6289.3,43.3,252.2,-56.0,3,6,3,0,0
2026-05-16T15:44:13.938,TRK,40.682532,-118.000529,6271.9,42.3,247.7,-56.4,3,7,4,1,0
2026-05-16T15:44:14.038,TRK,40.682566,-118.000562,6268.9,39.7,248.4,-67.1,3,6,3,0,0
2026-05-16T15:44:14.138,TRK,40.682529,-118.000586,6270.3,39.3,248.0,-59.8,3,5,2,0,0
2026-05-16T15:44:14.238,TRK,40.682546,-118.000543,6280.6,40.6,247.1,-64.9,2,5,2,0,0
2026-05-16T15:44:14.338,TRK,40.682550,-118.000581,6279.4,40.9,248.7,-61.7,3,5,2,0,0
2026-05-16T15:44:14.438,TRK,40.682563,-118.000610,6296.1,41.7,248.4,-66.8,3,4,1,0,0
2026-05-16T15:44:14.538,TRK,40.682551,-118.000648,6252.0,42.6,254.0,-63.6,3,6,3,0,0
2026-05-16T15:44:14.638,TRK,40.682544,-118.000568,6236.0,42.0,252.6,-53.0,3,7,4,1,0
2026-05-16T15:44:14.738,TRK,40.682526,-118.000666,6273.4,41.7,253.4,-53.1,3,4,1,0,0
2026-05-16T15:44:14.838,TRK,40.682522,-118.000682,6225.8,41.4,253.2,-61.0,3,5,2,0,0
2026-05-16T15:44:14.938,TRK,40.682511,-118.000666,6225.4,45.2,251.4,-57.9,3,6,3,0,0
2026-05-16T15:44:15.038,TRK,40.682510,-118.000712,6202.9,38.6,250.9,-57.2,3,6,3,0,0
2026-05-16T15:44:15.138,TRK,40.682513,-118.000697,6187.7,40.9,244.3,-60.5,3,5,2,0,0
2026-05-16T15:44:15.238,TRK,40.682550,-118.000710,6210.7,39.0,246.6,-60.5,2,5,2,0,0
2026-05-16T15:44:15.338,TRK,40.682509,-118.000755,6205.3,42.2,249.7,-60.0,3,4,1,0,0
2026-05-16T15:44:15.438,TRK,40.682480,-118.000744,6193.7,42.7,253.5,-59.0,3,4,1,0,0
2026-05-16T15:44:15.538,TRK,40.682504,-118.000801,6205.2,40.8,251.6,-60.7,3,7,4,1,0
2026-05-16T15:44:15.638,TRK,40.682495,-118.000752,6116.0,42.8,248.1,-59.5,3,6,3,0,0
2026-05-16T15:44:15.738,TRK,40.682487,-118.000808,6197.2,42.2,249.3,-61.4,3,6,3,0,0
2026-05-16T15:44:15.838,TRK,40.682491,-118.000781,6139.4,41.5,249.8,-59.0,3,5,2,0,0
2026-05-16T15:44:15.938,TRK,40.682467,-118.000815,6130.4,42.8,251.0,-58.1,3,7,4,1,0
2026-05-16T15:44:16.038,TRK,40.682476,-118.000780,6203.3,43.2,251.3,-61.0,3,6,3,0,0
2026-05-16T15:44:16.138,TRK,40.682494,-118.000863,6159.7,43.4,251.9,-60.4,3,9,6,3,0
2026-05-16T15:44:16.238,TRK,40.682494,-118.000869,6170.3,39.0,252.0,-65.1,3,7,4,1,0
2026-05-16T15:44:16.338,TRK,40.682500,-118.000913,6130.6,41.9,252.7,-59.6,3,4,1,0,0
2026-05-16T15:44:16.438,TRK,40.682457,-118.000872,6085.5,39.2,250.7,-60.7,2,6,3,0,0
2026-05-16T15:44:16.538,TRK,40.682479,-118.000918,6116.4,43.4,250.2,-65.3,3,5,2,0,0
2026-05-16T15:44:16.638,TRK,40.682494,-118.000912,6142.1,39.2,250.8,-62.2,3,7,4,1,0
2026-05-16T15:44:16.738,TRK,40.682468,-118.000917,6115.0,41.4,251.3,-64.1,3,5,2,0,0
2026-05-16T15:44:16.838,TRK,40.682459,-118.000979,6115.9,42.2,252.4,-59.5,3,4,1,0,0
2026-05-16T15:44:16.938,TRK,40.682461,-118.000984,6136.1,37.9,250.8,-64.9,3,4,1,0,0
2026-05-16T15:44:17.038,TRK,40.682427,-118.000936,6121.9,41.3,250.0,-57.4,3,5,2,0,0
2026-05-16T15:44:17.138,TRK,40.682450,-118.000974,6092.6,42.5,250.3,-65.9,3,6,3,0,0
2026-05-16T15:44:17.238,TRK,40.682428,-118.001016,6105.8,41.2,251.2,-57.5,3,5,2,0,0
2026-05-16T15:44:17.338,TRK,40.682413,-118.001006,6122.3,39.1,246.7,-64.1,3,5,2,0,0
2026-05-16T15:44:17.438,TRK,40.682450,-118.001062,6069.7,41.0,252.6,-56.1,3,7,4,1,0
2026-05-16T15:44:17.538,TRK,40.682447,-118.001045,6101.3,40.5,249.5,-61.4,3,7,4,1,0
2026-05-16T15:44:17.638,TRK,40.682424,-118.001079,6067.8,38.0,248.9,-58.1,3,7,4,1,0
2026-05-16T15:44:17.738,TRK,40.682437,-118.001070,6067.7,36.1,249.1,-63.9,3,6,3,0,0
2026-05-16T15:44:17.838,TRK,40.682431,-118.001063,6077.3,37.4,251.1,-59.3,3,4,1,0,0
2026-05-16T15:44:17.938,TRK,40.682419,-118.001066,6023.1,40.7,248.2,-59.9,3,7,4,1,0
2026-05-16T15:44:18.038,TRK,40.682426,-118.001104,6016.9,36.7,244.8,-60.5,3,8,5,2,0
2026-05-16T15:44:18.138,TRK,40.682408,-118.001130,6060.0,41.8,250.6,-57.9,3,5,2,0,0
2026-05-16T15:44:18.238,TRK,40.682405,-118.001140,6030.0,39.7,246.3,-65.3,3,6,3,0,0
2026-05-16T15:44:18.338,TRK,40.682424,-118.001173,6006.5,36.7,253.4,-63.7,3,8,5,2,0
2026-05-16T15:44:18.438,TRK,40.682379,-118.001165,5999.3,40.8,247.4,-63.8,3,5,2,0,0
2026-05-16T15:44:18.538,TRK,40.682433,-118.001142,6010.4,39.2,252.7,-62.8,3,6,3,0,0
2026-05-16T15:44:18.638,TRK,40.682426,-118.001180,5992.3,36.5,252.9,-61.1,3,6,3,0,0
2026-05-16T15:44:18.738,TRK,40.682371,-118.001230,5995.4,41.1,253.5,-62.7,3,5,2,0,0
2026-05-16T15:44:18.838,TRK,40.682399,-118.001218,5964.2,35.7,249.4,-65.8,3,6,3,0,0
2026-05-16T15:44:18.938,TRK,40.682400,-118.001229,5998.4,38.1,247.6,-63.5,3,6,3,0,0
2026-05-16T15:44:19.038,TRK,40.682394,-118.001230,5961.1,37.3,253.0,-66.3,3,5,2,0,0
2026-05-16T15:44:19.138,TRK,40.682358,-118.001249,5956.0,40.9,250.1,-68.0,3,7,4,1,0
2026-05-16T15:44:19.238,TRK,40.682397,-118.001272,5930.0,41.4,246.5,-58.4,3,8,5,2,0
2026-05-16T15:44:19.338,TRK,40.682346,-118.001281,5952.7,35.4,249.3,-56.9,3,7,4,1,0
2026-05-16T15:44:19.438,TRK,40.682311,-118.001347,5966.5,38.8,248.7,-60.9,3,5,2,0,0
2026-05-16T15:44:19.538,TRK,40.682353,-118.001318,5947.5,41.5,249.9,-58.0,3,7,4,1,0
2026-05-16T15:44:19.638,TRK,40.682351,-118.001318,5893.7,36.6,244.5,-60.6,3,6,3,0,0
2026-05-16T15:44:19.738,TRK,40.682360,-118.001327,5913.6,39.1,252.8,-60.2,3,8,5,2,0
2026-05-16T15:44:19.838,TRK,40.682360,-118.001333,5948.5,37.8,247.9,-57.4,3,7,4,1,0
2026-05-16T15:44:19.938,TRK,40.682343,-118.001342,5939.6,39.4,249.0,-57.9,3,8,5,2,0
2026-05-16T15:44:20.038,TRK,40.682327,-118.001379,5983.2,34.9,251.2,-67.0,3,6,3,0,0
2026-05-16T15:44:20.138,TRK,40.682337,-118.001387,5920.0,38.4,250.4,-56.9,2,5,2,0,0
2026-05-16T15:44:20.238,TRK,40.682328,-118.001330,5901.9,40.4,250.9,-59.1,3,6,3,0,0
2026-05-16T15:44:20.338,TRK,40.682337,-118.001421,5925.3,39.4,250.0,-63.1,3,3,0,0,0
2026-05-16T15:44:20.438,TRK,40.682332,-118.001429,5919.2,38.8,251.9,-65.5,3,6,3,0,0
2026-05-16T15:44:20.538,TRK,40.682276,-118.001449,5890.3,36.4,251.8,-61.3,3,4,1,0,0
2026-05-16T15:44:20.638,TRK,40.682303,-118.001479,5842.4,37.3,248.4,-60.7,3,3,0,0,0
2026-05-16T15:44:20.738,TRK,40.682275,-118.001429,5888.9,37.5,253.9,-57.8,3,3,0,0,0
2026-05-16T15:44:20.838,TRK,40.682304,-118.001480,5907.8,36.2,248.5,-59.0,3,6,3,0,0
2026-05-16T15:44:20.938,TRK,40.682302,-118.001502,5864.9,35.6,250.9,-64.2,3,4,1,0,0
2026-05-16T15:44:21.038,TRK,40.682316,-118.001556,5813.9,41.7,253.9,-65.0,3,6,3,0,0
2026-05-16T15:44:21.138,TRK,40.682287,-118.001512,5867.6,35.3,253.9,-55.4,3,6,3,0,0
2026-05-16T15:44:21.238,TRK,40.682313,-118.001562,5857.3,38.1,247.9,-57.1,3,8,5,2,0
2026-05-16T15:44:21.338,TRK,40.682298,-118.001563,5848.6,38.7,245.6,-61.7,3,6,3,0,0
2026-05-16T15:44:21.438,TRK,40.682295,-118.001564,5833.6,40.9,249.4,-54.9,3,6,3,0,0
2026-05-16T15:44:21.538,TRK,40.682290,-118.001599,5846.7,38.1,249.8,-66.4,3,6,3,0,0
2026-05-16T15:44:21.638,TRK,40.682278,-118.001592,5827.0,36.9,255.1,-65.0,3,3,0,0,0
2026-05-16T15:44:21.738,TRK,40.682315,-118.001558,5819.7,36.9,253.3,-61.8,3,7,4,1,0
2026-05-16T15:44:21.838,TRK,40.682262,-118.001592,5821.7,35.9,248.9,-63.2,3,6,3,0,0
2026-05-16T15:44:21.938,TRK,40.682272,-118.001589,5820.0,36.6,250.9,-60.0,3,6,3,0,0
2026-05-16T15:44:22.038,TRK,40.682280,-118.001612,5773.6,38.5,250.0,-55.9,3,6,3,0,0
2026-05-16T15:44:22.138,TRK,40.682286,-118.001620,5797.1,36.8,254.0,-61.6,3,7,4,1,0
2026-05-16T15:44:22.238,TRK,40.682235,-118.001673,5767.7,36.4,254.2,-64.4,3,7,4,1,0
2026-05-16T15:44:22.338,TRK,40.682256,-118.001637,5787.6,36.0,246.2,-61.0,3,6,3,0,0
2026-05-16T15:44:22.438,TRK,40.682265,-118.001680,5801.4,36.3,254.0,-58.6,3,6,3,0,0
2026-05-16T15:44:22.538,TRK,40.682261,-118.001692,5739.0,33.3,248.1,-64.7,3,6,3,0,0
2026-05-16T15:44:22.638,TRK,40.682238,-118.001689,5775.3,36.6,252.7,-64.6,3,6,3,0,0
2026-05-16T15:44:22.738,TRK,40.682232,-118.001711,5772.2,34.5,253.2,-64.8,3,3,0,0,0
2026-05-16T15:44:22.838,TRK,40.682245,-118.001716,5758.5,33.4,251.6,-54.8,3,5,2,0,0
2026-05-16T15:44:22.938,TRK,40.682233,-118.001734,5763.7,35.0,247.9,-64.7,3,6,3,0,0
2026-05-16T15:44:23.038,TRK,40.682217,-118.001753,5694.4,37.3,251.5,-59.7,3,6,3,0,0
2026-05-16T15:44:23.138,TRK,40.682212,-118.001751,5743.0,35.7,245.3,-59.1,2,4,1,0,0
2026-05-16T15:44:23.238,TRK,40.682215,-118.001793,5718.6,35.1,247.3,-63.2,3,7,4,1,0
2026-05-16T15:44:23.338,TRK,40.682259,-118.001803,5693.6,39.0,247.9,-65.4,3,3,0,0,0
2026-05-16T15:44:23.438,TRK,40.682243,-118.001835,5673.0,35.3,251.9,-58.2,3,6,3,0,0
2026-05-16T15:44:23.538,TRK,40.682218,-118.001844,5660.9,36.0,250.7,-59.4,3,10,7,4,1
2026-05-16T15:44:23.638,TRK,40.682217,-118.001791,5709.6,35.0,249.8,-60.7,3,7,4,1,0
2026-05-16T15:44:23.738,TRK,40.682222,-118.001865,5681.6,37.6,245.6,-57.0,3,7,4,1,0
2026-05-16T15:44:23.838,TRK,40.682224,-118.001885,5693.9,34.2,250.8,-65.2,3,6,3,0,0
2026-05-16T15:44:23.938,TRK,40.682204,-118.001788,5652.1,35.0,247.5,-69.0,3,4,1,0,0
2026-05-16T15:44:24.038,TRK,40.682165,-118.001843,5690.2,35.4,251.1,-57.6,3,6,3,0,0
2026-05-16T15:44:24.138,TRK,40.682213,-118.001877,5692.4,33.7,250.6,-62.5,3,3,0,0,0
2026-05-16T15:44:24.238,TRK,40.682202,-118.001906,5675.5,35.7,250.1,-61.3,3,4,1,0,0
2026-05-16T15:44:24.338,TRK,40.682226,-118.001939,5637.1,33.4,257.3,-58.7,3,5,2,0,0
2026-05-16T15:44:24.438,TRK,40.682160,-118.001931,5631.0,37.9,249.1,-63.9,2,3,0,0,0
2026-05-16T15:44:24.538,TRK,40.682177,-118.001948,5678.7,35.2,251.5,-58.6,3,7,4,1,0
2026-05-16T15:44:24.638,TRK,40.682137,-118.001931,5593.1,35.9,247.2,-53.9,3,6,3,0,0
2026-05-16T15:44:24.738,TRK,40.682166,-118.001954,5642.6,32.8,251.3,-60.6,3,7,4,1,0
2026-05-16T15:44:24.838,TRK,40.682174,-118.001932,5597.2,33.8,253.1,-63.5,3,3,0,0,0
2026-05-16T15:44:24.938,TRK,40.682190,-118.001967,5606.9,36.1,241.4,-60.7,2,6,3,0,0
2026-05-16T15:44:25.038,TRK,40.682155,-118.001992,5617.0,33.6,249.2,-62.0,3,5,2,0,0
2026-05-16T15:44:25.138,TRK,40.682159,-118.002013,5613.6,36.4,249.6,-53.5,3,6,3,0,0
2026-05-16T15:44:25.238,TRK,40.682142,-118.002019,5631.2,36.0,247.2,-58.2,3,4,1,0,0
2026-05-16T15:44:25.338,TRK,40.682178,-118.002039,5587.3,34.1,248.7,-62.4,3,5,2,0,0
2026-05-16T15:44:25.438,TRK,40.682172,-118.001994,5596.3,35.7,244.9,-64.6,3,4,1,0,0
2026-05-16T15:44:25.538,TRK,40.682144,-118.002026,5585.7,35.4,244.5,-59.1,3,6,3,0,0
2026-05-16T15:44:25.638,TRK,40.682136,-118.002056,5549.8,32.6,252.4,-58.8,3,5,2,0,0
2026-05-16T15:44:25.738,TRK,40.682137,-118.002089,5591.4,35.9,251.3,-63.2,3,7,4,1,0
2026-05-16T15:44:25.838,TRK,40.682156,-118.002084,5585.8,31.3,248.1,-61.8,3,5,2,0,0
2026-05-16T15:44:25.938,TRK,40.682142,-118.002099,5558.8,33.0,249.6,-60.5,3,9,6,3,0
2026-05-16T15:44:26.038,TRK,40.682174,-118.002162,5581.5,30.9,251.5,-62.3,3,8,5,2,0
2026-05-16T15:44:26.138,TRK,40.682113,-118.002104,5540.6,31.4,247.7,-58.3,2,8,5,2,0
2026-05-16T15:44:26.238,TRK,40.682102,-118.002143,5532.7,33.2,248.4,-64.1,3,3,0,0,0
2026-05-16T15:44:26.338,TRK,40.682100,-118.002137,5523.3,30.0,254.5,-61.0,3,5,2,0,0
2026-05-16T15:44:26.438,TRK,40.682141,-118.002127,5547.0,32.9,248.7,-59.5,3,3,0,0,0
2026-05-16T15:44:26.538,TRK,40.682129,-118.002164,5487.7,33.2,249.7,-60.5,3,6,3,0,0
2026-05-16T15:44:26.638,TRK,40.682139,-118.002175,5524.8,32.7,250.3,-59.1,3,6,3,0,0
2026-05-16T15:44:26.738,TRK,40.682097,-118.002207,5512.1,34.6,246.3,-58.1,3,7,4,1,0
2026-05-16T15:44:26.838,TRK,40.682077,-118.002188,5480.8,32.6,253.5,-59.5,3,7,4,1,0
2026-05-16T15:44:26.938,TRK,40.682094,-118.002230,5502.7,32.3,248.3,-64.0,3,5,2,0,0
2026-05-16T15:44:27.038,TRK,40.682068,-118.002232,5511.1,32.4,253.7,-61.3,3,3,0,0,0
2026-05-16T15:44:27.138,TRK,40.682073,-118.002177,5484.9,31.0,251.2,-63.9,3,8,5,2,0
2026-05-16T15:44:27.238,TRK,40.682084,-118.002247,5470.8,30.6,246.7,-57.1,3,7,4,1,0
2026-05-16T15:44:27.338,TRK,40.682069,-118.002239,5478.1,33.4,245.2,-67.5,3,4,1,0,0
2026-05-16T15:44:27.438,TRK,40.682120,-118.002289,5464.2,31.1,246.0,-59.7,3,8,5,2,0
2026-05-16T15:44:27.538,TRK,40.682095,-118.002271,5431.7,29.2,250.3,-56.0,3,6,3,0,0
2026-05-16T15:44:27.638,TRK,40.682044,-118.002291,5436.2,32.4,252.0,-63.0,3,7,4,1,0
2026-05-16T15:44:27.738,TRK,40.682021,-118.002313,5439.7,31.3,252.8,-59.2,3,7,4,1,0
2026-05-16T15:44:27.838,TRK,40.682064,-118.002294,5454.1,31.1,249.5,-67.2,3,5,2,0,0
2026-05-16T15:44:27.938,TRK,40.682074,-118.002310,5465.8,34.0,250.9,-57.2,3,5,2,0,0
2026-05-16T15:44:28.038,TRK,40.682130,-118.002268,5395.8,31.3,243.8,-59.0,3,8,5,2,0
2026-05-16T15:44:28.138,TRK,40.682037,-118.002383,5397.2,28.5,260.2,-63.1,3,6,3,0,0
2026-05-16T15:44:28.238,TRK,40.682052,-118.002344,5460.4,29.6,251.3,-62.7,3,7,4,1,0
2026-05-16T15:44:28.338,TRK,40.682058,-118.002342,5416.5,33.4,252.1,-61.9,3,8,5,2,0
2026-05-16T15:44:28.438,TRK,40.682056,-118.002377,5422.7,31.0,250.1,-68.6,3,6,3,0,0
2026-05-16T15:44:28.538,TRK,40.682069,-118.002339,5412.2,33.7,249.1,-55.0,3,6,3,0,0
2026-05-16T15:44:28.638,TRK,40.682036,-118.002367,5390.3,32.9,248.9,-59.5,2,5,2,0,0
2026-05-16T15:44:28.738,TRK,40.682027,-118.002428,5412.8,32.6,251.3,-65.5,3,6,3,0,0
2026-05-16T15:44:28.838,TRK,40.682026,-118.002432,5413.4,30.7,252.2,-56.7,3,7,4,1,0
2026-05-16T15:44:28.938,TRK,40.682059,-118.002452,5430.9,32.1,249.4,-61.4,3,8,5,2,0
2026-05-16T15:44:29.038,TRK,40.682054,-118.002451,5393.8,31.5,257.2,-66.9,3,6,3,0,0
2026-05-16T15:44:29.138,TRK,40.682050,-118.002432,5416.0,31.8,251.9,-59.9,3,3,0,0,0
2026-05-16T15:44:29.238,TRK,40.682009,-118.002468,5339.8,30.5,254.3,-59.9,2,7,4,1,0
2026-05-16T15:44:29.338,TRK,40.682052,-118.002495,5353.0,32.5,255.3,-61.3,3,5,2,0,0
2026-05-16T15:44:29.438,TRK,40.682031,-118.002480,5333.7,29.5,246.6,-55.9,3,8,5,2,0
2026-05-16T15:44:29.538,TRK,40.682052,-118.002465,5358.4,31.6,250.0,-59.8,3,8,5,2,0
2026-05-16T15:44:29.638,TRK,40.682017,-118.002508,5351.5,32.9,249.8,-63.6,3,6,3,0,0
2026-05-16T15:44:29.738,TRK,40.682010,-118.002509,5347.3,33.2,246.9,-58.2,3,6,3,0,0
2026-05-16T15:44:29.838,TRK,40.682041,-118.002528,5307.8,30.1,249.7,-56.1,3,7,4,1,0
2026-05-16T15:44:29.938,TRK,40.682010,-118.002543,5349.6,30.3,251.8,-59.8,2,4,1,0,0
2026-05-16T15:44:30.038,TRK,40.682007,-118.002535,5343.1,31.5,257.6,-64.2,3,6,3,0,0
2026-05-16T15:44:30.138,TRK,40.682020,-118.002579,5367.2,33.4,254.9,-62.4,3,6,3,0,0
2026-05-16T15:44:30.238,TRK,40.682040,-118.002598,5277.7,29.2,250.7,-59.3,3,6,3,0,0
2026-05-16T15:44:30.338,TRK,40.681988,-118.002560,5308.0,26.3,252.1,-62.8,3,8,5,2,0
2026-05-16T15:44:30.438,TRK,40.682029,-118.002573,5336.5,26.9,242.1,-64.2,3,7,4,1,0
2026-05-16T15:44:30.538,TRK,40.682006,-118.002624,5302.6,30.4,256.1,-58.8,3,3,0,0,0
2026-05-16T15:44:30.638,TRK,40.682029,-118.002587,5272.7,26.2,246.2,-63.0,2,6,3,0,0
2026-05-16T15:44:30.738,TRK,40.682018,-118.002636,5283.0,31.7,250.4,-60.7,3,6,3,0,0
2026-05-16T15:44:30.838,TRK,40.682015,-118.002621,5237.3,32.1,252.5,-64.1,3,6,3,0,0
2026-05-16T15:44:30.938,TRK,40.682002,-118.002647,5238.5,28.5,252.9,-60.3,3,3,0,0,0
2026-05-16T15:44:31.038,TRK,40.681960,-118.002669,5240.3,29.7,248.5,-61.0,3,5,2,0,0
2026-05-16T15:44:31.138,TRK,40.681992,-118.002652,5228.7,31.7,252.9,-59.6,3,7,4,1,0
2026-05-16T15:44:31.238,TRK,40.681993,-118.002633,5254.8,31.2,247.7,-60.1,3,6,3,0,0
2026-05-16T15:44:31.338,TRK,40.681966,-118.002691,5229.4,32.8,254.0,-68.5,3,6,3,0,0
2026-05-16T15:44:31.438,TRK,40.681998,-118.002681,5217.6,29.6,247.5,-61.7,3,3,0,0,0
2026-05-16T15:44:31.538,TRK,40.681977,-118.002682,5220.6,27.8,251.6,-58.6,3,10,7,4,1
2026-05-16T15:44:31.638,TRK,40.681975,-118.002740,5205.2,28.2,249.2,-61.3,3,7,4,1,0
2026-05-16T15:44:31.738,TRK,40.681952,-118.002756,5174.0,28.7,250.1,-64.4,3,5,2,0,0
2026-05-16T15:44:31.838,TRK,40.681980,-118.002737,5258.8,28.6,249.1,-58.6,3,8,5,2,0
2026-05-16T15:44:31.938,TRK,40.681918,-118.002713,5224.6,26.7,254.6,-61.1,3,4,1,0,0
2026-05-16T15:44:32.038,TRK,40.681954,-118.002778,5197.4,26.0,245.5,-65.0,3,4,1,0,0
2026-05-16T15:44:32.138,TRK,40.681954,-118.002764,5241.5,31.9,258.5,-58.3,3,5,2,0,0
2026-05-16T15:44:32.238,TRK,40.681934,-118.002833,5226.7,33.5,248.0,-64.3,3,4,1,0,0
2026-05-16T15:44:32.338,TRK,40.681923,-118.002760,5145.4,28.5,248.4,-62.3,3,7,4,1,0
2026-05-16T15:44:32.438,TRK,40.681959,-118.002788,5171.8,29.2,243.9,-66.5,3,6,3,0,0
2026-05-16T15:44:32.538,TRK,40.681937,-118.002762,5206.0,29.4,253.4,-67.2,3,5,2,0,0
2026-05-16T15:44:32.638,TRK,40.681954,-118.002787,5144.5,30.1,248.5,-60.1,3,7,4,1,0
2026-05-16T15:44:32.738,TRK,40.681919,-118.002812,5108.5,30.6,250.6,-63.7,3,7,4,1,0
2026-05-16T15:44:32.838,TRK,40.681958,-118.002797,5114.1,33.7,248.9,-64.3,3,6,3,0,0
2026-05-16T15:44:32.938,TRK,40.681917,-118.002850,5092.6,33.0,251.9,-63.5,3,6,3,0,0
2026-05-16T15:44:33.038,TRK,40.681919,-118.002850,5159.9,26.9,249.4,-48.4,3,7,4,1,0
2026-05-16T15:44:33.138,TRK,40.681901,-118.002838,5133.7,31.0,254.5,-34.7,3,5,2,0,0
2026-05-16T15:44:33.238,TRK,40.681927,-118.002870,5137.4,26.3,244.5,-27.5,3,7,4,1,0
2026-05-16T15:44:33.338,TRK,40.681902,-118.002864,5101.7,27.7,251.7,-27.8,3,6,3,0,0
2026-05-16T15:44:33.438,TRK,40.681942,-118.002864,5112.1,26.9,249.1,-18.1,3,5,2,0,0
2026-05-16T15:44:33.538,TRK,40.681907,-118.002897,5115.3,28.0,245.7,-20.0,3,5,2,0,0
2026-05-16T15:44:33.638,TRK,40.681911,-118.002901,5148.5,24.7,250.8,-18.7,3,7,4,1,0
2026-05-16T15:44:33.738,TRK,40.681919,-118.002941,5158.5,25.1,255.9,-25.9,3,4,1,0,0
2026-05-16T15:44:33.838,TRK,40.681908,-118.002949,5107.8,27.8,248.6,-12.0,3,7,4,1,0
2026-05-16T15:44:33.938,TRK,40.681893,-118.002916,5100.3,26.9,250.3,-18.4,3,4,1,0,0
2026-05-16T15:44:34.038,TRK,40.681890,-118.002969,5130.7,25.6,246.2,-16.7,3,6,3,0,0
2026-05-16T15:44:34.138,TRK,40.681887,-118.002954,5111.8,24.7,244.2,-10.4,3,5,2,0,0
2026-05-16T15:44:34.238,TRK,40.681915,-118.003032,5124.2,26.1,253.2,-23.5,3,5,2,0,0
2026-05-16T15:44:34.338,TRK,40.681952,-118.002939,5101.6,26.4,243.1,-18.0,3,8,5,2,0
2026-05-16T15:44:34.438,TRK,40.681900,-118.002966,5090.7,28.3,248.4,-20.0,3,8,5,2,0
2026-05-16T15:44:34.538,TRK,40.681911,-118.002961,5103.5,23.5,249.1,-11.5,3,5,2,0,0
2026-05-16T15:44:34.638,TRK,40.681928,-118.002949,5067.5,28.8,244.9,-20.9,3,7,4,1,0
2026-05-16T15:44:34.738,TRK,40.681912,-118.002994,5089.0,24.4,253.5,-17.1,3,5,2,0,0
2026-05-16T15:44:34.838,TRK,40.681866,-118.003011,5104.1,27.4,247.8,-23.9,3,6,3,0,0
2026-05-16T15:44:34.938,TRK,40.681864,-118.003004,5096.7,27.9,246.9,-15.3,3,7,4,1,0
2026-05-16T15:44:35.038,TRK,40.681879,-118.003002,5089.2,29.6,251.3,-18.1,3,7,4,1,0
2026-05-16T15:44:35.138,TRK,40.681900,-118.003037,5107.7,25.0,249.5,-21.3,3,7,4,1,0
2026-05-16T15:44:35.238,TRK,40.681857,-118.003076,5068.7,27.0,251.2,-13.0,2,7,4,1,0
2026-05-16T15:44:35.338,TRK,40.681883,-118.003068,5020.1,25.4,252.2,-18.9,3,5,2,0,0
2026-05-16T15:44:35.438,TRK,40.681880,-118.003098,5060.5,27.9,247.7,-14.8,3,5,2,0,0
2026-05-16T15:44:35.538,TRK,40.681893,-118.003053,5081.4,25.9,250.0,-16.9,2,5,2,0,0
2026-05-16T15:44:35.638,TRK,40.681850,-118.003103,5117.0,28.5,253.9,-20.9,3,4,1,0,0
2026-05-16T15:44:35.738,TRK,40.681893,-118.003134,5077.5,27.1,252.1,-15.3,3,6,3,0,0
2026-05-16T15:44:35.838,TRK,40.681879,-118.003107,5097.3,28.8,251.3,-17.3,3,7,4,1,0
2026-05-16T15:44:35.938,TRK,40.681844,-118.003095,5059.7,28.5,249.5,-15.3,3,6,3,0,0
2026-05-16T15:44:36.038,TRK,40.681845,-118.003182,5077.7,23.2,253.3,-19.6,3,7,4,1,0
2026-05-16T15:44:36.138,TRK,40.681851,-118.003137,5037.2,26.3,238.4,-15.4,2,3,0,0,0
2026-05-16T15:44:36.238,TRK,40.681838,-118.003145,5066.0,25.1,254.5,-12.7,3,7,4,1,0
2026-05-16T15:44:36.338,TRK,40.681865,-118.003143,5069.0,27.7,243.7,-18.4,3,6,3,0,0
2026-05-16T15:44:36.438,TRK,40.681856,-118.003172,5080.0,29.1,253.2,-17.3,3,6,3,0,0
2026-05-16T15:44:36.538,TRK,40.681853,-118.003161,5048.9,23.9,254.4,-14.0,3,5,2,0,0
2026-05-16T15:44:36.638,TRK,40.681815,-118.003173,5075.4,25.4,244.4,-20.7,3,5,2,0,0
2026-05-16T15:44:36.738,TRK,40.681837,-118.003232,5061.9,29.8,250.6,-12.2,3,6,3,0,0
2026-05-16T15:44:36.838,TRK,40.681855,-118.003214,5090.2,31.7,248.6,-13.8,3,4,1,0,0
2026-05-16T15:44:36.938,TRK,40.681804,-118.003194,5127.6,27.1,244.5,-18.2,3,6,3,0,0
2026-05-16T15:44:37.038,TRK,40.681866,-118.003194,5067.0,24.2,258.6,-14.8,3,4,1,0,0
2026-05-16T15:44:37.138,TRK,40.681821,-118.003209,5067.1,29.9,248.3,-18.6,3,8,5,2,0
2026-05-16T15:44:37.238,TRK,40.681839,-118.003215,5074.8,27.4,249.0,-19.6,3,7,4,1,0
2026-05-16T15:44:37.338,TRK,40.681831,-118.003185,5034.3,25.9,252.7,-19.4,3,6,3,0,0
2026-05-16T15:44:37.438,TRK,40.681823,-118.003271,5051.3,25.6,247.7,-13.8,3,6,3,0,0
2026-05-16T15:44:37.538,TRK,40.681820,-118.003261,5053.5,26.9,253.4,-14.3,3,6,3,0,0
2026-05-16T15:44:37.638,TRK,40.681820,-118.003286,5075.3,27.8,251.4,-13.6,3,5,2,0,0
2026-05-16T15:44:37.738,TRK,40.681826,-118.003267,5040.4,26.0,253.8,-17.2,3,7,4,1,0
2026-05-16T15:44:37.838,TRK,40.681858,-118.003303,5078.2,23.7,248.4,-18.5,3,6,3,0,0
2026-05-16T15:44:37.938,TRK,40.681773,-118.003258,5064.1,26.2,251.8,-17.2,3,6,3,0,0
2026-05-16T15:44:38.038,TRK,40.681841,-118.003263,5072.7,26.7,250.8,-13.5,3,7,4,1,0
2026-05-16T15:44:38.138,TRK,40.681786,-118.003331,5029.1,29.5,250.7,-16.9,3,8,5,2,0
2026-05-16T15:44:38.238,TRK,40.681806,-118.003314,5018.7,25.9,255.5,-9.6,3,5,2,0,0
2026-05-16T15:44:38.338,TRK,40.681836,-118.003347,5020.7,28.3,254.1,-19.8,3,5,2,0,0
2026-05-16T15:44:38.438,TRK,40.681812,-118.003354,5048.9,27.2,243.7,-21.7,3,5,2,0,0
2026-05-16T15:44:38.538,TRK,40.681833,-118.003352,5047.7,27.0,250.1,-16.5,3,6,3,0,0
2026-05-16T15:44:38.638,TRK,40.681820,-118.003378,5014.3,27.8,249.6,-18.2,3,4,1,0,0
2026-05-16T15:44:38.738,TRK,40.681756,-118.003366,5026.7,24.3,243.8,-18.2,2,7,4,1,0
2026-05-16T15:44:38.838,TRK,40.681762,-118.003366,5014.7,27.4,246.4,-18.0,3,5,2,0,0
2026-05-16T15:44:38.938,TRK,40.681790,-118.003342,4993.3,26.1,250.8,-17.9,3,6,3,0,0
2026-05-16T15:44:39.038,TRK,40.681783,-118.003344,5044.9,28.6,238.3,-21.0,3,5,2,0,0
2026-05-16T15:44:39.138,TRK,40.681762,-118.003421,5067.0,24.7,252.7,-15.8,3,8,5,2,0
2026-05-16T15:44:39.238,TRK,40.681815,-118.003390,5056.3,26.2,250.4,-10.9,3,6,3,0,0
2026-05-16T15:44:39.338,TRK,40.681761,-118.003413,5036.6,22.6,254.1,-15.2,3,6,3,0,0
2026-05-16T15:44:39.438,TRK,40.681774,-118.003466,5034.8,26.0,256.1,-18.0,3,7,4,1,0
2026-05-16T15:44:39.538,TRK,40.681788,-118.003408,5015.9,26.8,247.8,-14.9,3,5,2,0,0
2026-05-16T15:44:39.638,TRK,40.681761,-118.003461,5003.4,25.3,250.9,-13.2,3,7,4,1,0
2026-05-16T15:44:39.738,TRK,40.681773,-118.003495,5077.8,28.7,257.1,-15.9,3,3,0,0,0
2026-05-16T15:44:39.838,TRK,40.681786,-118.003463,5038.5,25.2,253.3,-18.3,3,6,3,0,0
2026-05-16T15:44:39.938,TRK,40.681755,-118.003491,5015.7,22.1,255.4,-19.1,3,8,5,2,0
2026-05-16T15:44:40.038,TRK,40.681761,-118.003428,5026.1,27.7,248.6,-13.1,3,7,4,1,0
2026-05-16T15:44:40.138,TRK,40.681782,-118.003476,4950.6,24.4,259.2,-14.0,3,3,0,0,0
2026-05-16T15:44:40.238,TRK,40.681757,-118.003496,5002.3,25.5,256.6,-18.5,3,8,5,2,0
2026-05-16T15:44:40.338,TRK,40.681760,-118.003498,4994.0,22.8,247.2,-22.8,3,6,3,0,0
2026-05-16T15:44:40.438,TRK,40.681762,-118.003556,4987.8,27.2,250.2,-6.5,3,8,5,2,0
2026-05-16T15:44:40.538,TRK,40.681748,-118.003477,5019.3,27.2,243.1,-15.8,3,5,2,0,0
2026-05-16T15:44:40.638,TRK,40.681760,-118.003526,5010.7,24.3,251.4,-20.0,3,8,5,2,0
2026-05-16T15:44:40.738,TRK,40.681741,-118.003564,4973.7,24.2,243.1,-15.8,3,7,4,1,0
2026-05-16T15:44:40.838,TRK,40.681782,-118.003483,5028.0,26.8,238.1,-15.9,3,9,6,3,0
2026-05-16T15:44:40.938,TRK,40.681706,-118.003541,4950.3,25.7,253.2,-19.0,3,5,2,0,0
2026-05-16T15:44:41.038,TRK,40.681709,-118.003599,5009.2,24.8,248.8,-23.7,3,6,3,0,0
2026-05-16T15:44:41.138,TRK,40.681761,-118.003574,4981.9,25.5,256.7,-12.8,3,6,3,0,0
2026-05-16T15:44:41.238,TRK,40.681732,-118.003603,5012.2,28.7,247.6,-19.4,3,8,5,2,0
2026-05-16T15:44:41.338,TRK,40.681717,-118.003547,4946.0,26.1,249.1,-14.8,3,5,2,0,0
2026-05-16T15:44:41.438,TRK,40.681730,-118.003581,4959.3,25.7,248.8,-11.8,3,4,1,0,0
2026-05-16T15:44:41.538,TRK,40.681755,-118.003610,4980.6,22.6,247.7,-11.2,3,6,3,0,0
2026-05-16T15:44:41.638,TRK,40.681727,-118.003597,5040.3,26.4,246.7,-17.1,2,7,4,1,0
2026-05-16T15:44:41.738,TRK,40.681732,-118.003631,4994.2,23.3,243.4,-14.0,3,4,1,0,0
2026-05-16T15:44:41.838,TRK,40.681758,-118.003615,4952.4,24.9,255.8,-12.7,3,4,1,0,0
2026-05-16T15:44:41.938,TRK,40.681729,-118.003649,4987.8,25.5,243.9,-17.2,3,9,6,3,0
2026-05-16T15:44:42.038,TRK,40.681685,-118.003620,4963.5,27.7,250.5,-12.2,3,7,4,1,0
2026-05-16T15:44:42.138,TRK,40.681732,-118.003718,4904.7,24.4,251.2,-12.2,3,6,3,0,0
2026-05-16T15:44:42.238,TRK,40.681710,-118.003672,4957.3,24.6,251.0,-19.0,3,8,5,2,0
2026-05-16T15:44:42.338,TRK,40.681697,-118.003696,4957.2,26.5,249.5,-17.2,3,8,5,2,0
2026-05-16T15:44:42.438,TRK,40.681714,-118.003687,4975.3,23.1,251.9,-18.0,3,9,6,3,0
2026-05-16T15:44:42.538,TRK,40.681705,-118.003714,4990.9,26.5,248.7,-16.4,2,6,3,0,0
2026-05-16T15:44:42.638,TRK,40.681729,-118.003716,4990.3,24.8,248.3,-18.9,3,4,1,0,0
2026-05-16T15:44:42.738,TRK,40.681671,-118.003690,4966.3,22.2,250.9,-13.0,3,9,6,3,0
2026-05-16T15:44:42.838,TRK,40.681674,-118.003684,4921.8,24.5,258.3,-16.7,3,6,3,0,0
2026-05-16T15:44:42.938,TRK,40.681704,-118.003723,4977.6,27.1,246.2,-17.4,3,5,2,0,0
2026-05-16T15:44:43.038,TRK,40.681670,-118.003725,4993.3,26.2,247.7,-24.8,3,5,2,0,0
2026-05-16T15:44:43.138,TRK,40.681662,-118.003726,4946.4,24.2,253.9,-11.6,3,8,5,2,0
2026-05-16T15:44:43.238,TRK,40.681656,-118.003767,4942.2,26.3,250.0,-17.3,3,6,3,0,0
2026-05-16T15:44:43.338,TRK,40.681692,-118.003716,5004.9,25.3,246.6,-12.5,3,4,1,0,0
2026-05-16T15:44:43.438,TRK,40.681669,-118.003757,4913.9,23.5,248.2,-15.9,3,8,5,2,0
2026-05-16T15:44:43.538,TRK,40.681694,-118.003795,4958.4,25.0,250.5,-24.1,3,6,3,0,0
2026-05-16T15:44:43.638,TRK,40.681669,-118.003790,4893.5,23.7,258.5,-14.8,3,5,2,0,0
2026-05-16T15:44:43.738,TRK,40.681683,-118.003738,4950.3,27.6,256.5,-17.9,3,7,4,1,0
2026-05-16T15:44:43.838,TRK,40.681652,-118.003822,4934.9,22.6,248.6,-14.0,3,5,2,0,0
2026-05-16T15:44:43.938,TRK,40.681649,-118.003831,4940.0,26.8,246.6,-13.3,3,5,2,0,0
2026-05-16T15:44:44.038,TRK,40.681670,-118.003807,4980.1,26.3,248.8,-11.2,3,6,3,0,0
2026-05-16T15:44:44.138,TRK,40.681668,-118.003821,4961.6,28.0,250.4,-22.1,3,6,3,0,0
2026-05-16T15:44:44.238,TRK,40.681649,-118.003833,4923.6,24.0,249.8,-14.8,3,5,2,0,0
2026-05-16T15:44:44.338,TRK,40.681690,-118.003823,4957.9,23.0,248.0,-14.9,3,3,0,0,0
2026-05-16T15:44:44.438,TRK,40.681672,-118.003847,4910.2,26.0,252.8,-6.9,3,6,3,0,0
2026-05-16T15:44:44.538,TRK,40.681652,-118.003837,4902.5,24.6,252.8,-18.9,2,4,1,0,0
2026-05-16T15:44:44.638,TRK,40.681676,-118.003875,4954.5,22.7,243.8,-18.1,3,5,2,0,0
2026-05-16T15:44:44.738,TRK,40.681633,-118.003934,4952.8,23.8,246.8,-11.2,3,5,2,0,0
2026-05-16T15:44:44.838,TRK,40.681662,-118.003906,4970.4,27.8,250.8,-19.8,3,5,2,0,0
2026-05-16T15:44:44.938,TRK,40.681668,-118.003845,4936.8,27.4,250.0,-13.2,3,5,2,0,0
2026-05-16T15:44:45.038,TRK,40.681667,-118.003895,4940.4,24.5,253.0,-16.6,3,7,4,1,0
2026-05-16T15:44:45.138,TRK,40.681676,-118.003902,4940.1,24.3,251.9,-15.0,3,6,3,0,0
2026-05-16T15:44:45.238,TRK,40.681631,-118.003968,4943.8,24.0,248.3,-17.2,3,5,2,0,0
2026-05-16T15:44:45.338,TRK,40.681629,-118.003875,4924.3,22.7,255.5,-18.1,3,5,2,0,0
2026-05-16T15:44:45.438,TRK,40.681649,-118.003916,4944.1,25.3,253.6,-14.9,3,7,4,1,0
2026-05-16T15:44:45.538,TRK,40.681638,-118.003953,4921.5,23.3,247.7,-18.7,3,4,1,0,0
2026-05-16T15:44:45.638,TRK,40.681632,-118.003941,4953.4,25.0,253.0,-18.1,3,3,0,0,0
2026-05-16T15:44:45.738,TRK,40.681607,-118.003937,4908.6,25.0,244.5,-16.1,3,6,3,0,0
2026-05-16T15:44:45.838,TRK,40.681615,-118.003998,4868.5,22.3,248.4,-17.3,3,6,3,0,0
2026-05-16T15:44:45.938,TRK,40.681580,-118.003996,4877.8,25.6,252.9,-11.9,3,9,6,3,0
2026-05-16T15:44:46.038,TRK,40.681678,-118.003992,4932.2,25.6,249.9,-21.0,3,5,2,0,0
2026-05-16T15:44:46.138,TRK,40.681637,-118.003959,4921.7,25.8,251.4,-18.9,2,4,1,0,0
2026-05-16T15:44:46.238,TRK,40.681623,-118.004019,4876.6,28.4,243.6,-11.1,3,8,5,2,0
2026-05-16T15:44:46.338,TRK,40.681634,-118.003957,4888.0,26.2,248.8,-15.4,2,5,2,0,0
2026-05-16T15:44:46.438,TRK,40.681596,-118.004044,4899.1,24.1,249.1,-14.9,3,6,3,0,0
2026-05-16T15:44:46.538,TRK,40.681587,-118.004048,4901.5,25.2,241.1,-17.0,3,8,5,2,0
2026-05-16T15:44:46.638,TRK,40.681616,-118.004025,4873.7,20.7,258.9,-14.6,3,6,3,0,0
2026-05-16T15:44:46.738,TRK,40.681578,-118.004058,4900.2,27.3,248.7,-16.4,3,6,3,0,0
2026-05-16T15:44:46.838,TRK,40.681610,-118.004031,4891.1,27.9,248.4,-8.2,3,6,3,0,0
2026-05-16T15:44:46.938,TRK,40.681628,-118.004041,4869.5,23.8,242.7,-17.4,2,7,4,1,0
2026-05-16T15:44:47.038,TRK,40.681599,-118.004009,4882.8,23.3,249.6,-14.4,3,8,5,2,0
2026-05-16T15:44:47.138,TRK,40.681597,-118.004008,4915.2,21.4,251.5,-21.1,3,5,2,0,0
2026-05-16T15:44:47.238,TRK,40.681601,-118.004059,4880.4,19.9,249.5,-16.1,3,6,3,0,0
2026-05-16T15:44:47.338,TRK,40.681611,-118.004100,4881.8,24.2,254.1,-21.4,3,4,1,0,0
2026-05-16T15:44:47.438,TRK,40.681590,-118.004023,4884.5,27.2,246.7,-18.5,3,8,5,2,0
2026-05-16T15:44:47.538,TRK,40.681576,-118.004066,4927.6,22.1,244.9,-15.8,3,6,3,0,0
2026-05-16T15:44:47.638,TRK,40.681607,-118.004122,4911.0,26.1,250.7,-17.3,3,4,1,0,0
2026-05-16T15:44:47.738,TRK,40.681548,-118.004134,4899.4,26.1,250.6,-16.5,3,6,3,0,0
2026-05-16T15:44:47.838,TRK,40.681588,-118.004175,4924.1,24.0,246.0,-20.5,3,6,3,0,0
2026-05-16T15:44:47.938,TRK,40.681636,-118.004118,4879.0,26.7,257.4,-15.2,3,9,6,3,0
2026-05-16T15:44:48.038,TRK,40.681568,-118.004163,4879.4,25.7,246.6,-22.4,3,8,5,2,0
2026-05-16T15:44:48.138,TRK,40.681620,-118.004164,4878.0,23.0,254.7,-12.8,3,5,2,0,0
2026-05-16T15:44:48.238,TRK,40.681576,-118.004167,4901.8,23.8,249.0,-18.4,3,4,1,0,0
2026-05-16T15:44:48.338,TRK,40.681552,-118.004192,4856.7,26.2,245.9,-14.6,3,7,4,1,0
2026-05-16T15:44:48.438,TRK,40.681566,-118.004223,4876.5,24.6,252.2,-9.1,3,5,2,0,0
2026-05-16T15:44:48.538,TRK,40.681563,-118.004180,4861.4,24.0,250.8,-19.3,3,9,6,3,0
2026-05-16T15:44:48.638,TRK,40.681550,-118.004200,4861.4,23.5,257.4,-19.4,3,5,2,0,0
2026-05-16T15:44:48.738,TRK,40.681552,-118.004204,4889.0,24.4,252.0,-9.9,3,4,1,0,0
2026-05-16T15:44:48.838,TRK,40.681542,-118.004215,4861.5,22.3,245.8,-15.3,3,6,3,0,0
2026-05-16T15:44:48.938,TRK,40.681595,-118.004232,4928.6,25.1,247.3,-19.0,3,7,4,1,0
2026-05-16T15:44:49.038,TRK,40.681543,-118.004268,4852.7,27.2,249.7,-19.7,3,7,4,1,0
2026-05-16T15:44:49.138,TRK,40.681546,-118.004251,4895.4,24.2,247.3,-16.2,3,5,2,0,0
2026-05-16T15:44:49.238,TRK,40.681545,-118.004255,4844.1,25.0,249.8,-18.8,3,7,4,1,0
2026-05-16T15:44:49.338,TRK,40.681526,-118.004283,4838.0,25.1,251.8,-18.5,3,7,4,1,0
2026-05-16T15:44:49.438,TRK,40.681554,-118.004261,4846.4,25.4,255.0,-16.3,3,5,2,0,0
2026-05-16T15:44:49.538,TRK,40.681545,-118.004307,4872.5,21.1,252.1,-15.9,3,5,2,0,0
2026-05-16T15:44:49.638,TRK,40.681505,-118.004255,4902.1,25.5,249.0,-13.9,3,3,0,0,0
2026-05-16T15:44:49.738,TRK,40.681535,-118.004245,4833.4,23.7,242.9,-15.4,3,7,4,1,0
2026-05-16T15:44:49.838,TRK,40.681511,-118.004291,4815.9,22.0,249.7,-14.4,3,7,4,1,0
2026-05-16T15:44:49.938,TRK,40.681519,-118.004340,4855.6,24.5,247.2,-12.8,3,7,4,1,0
2026-05-16T15:44:50.038,TRK,40.681523,-118.004301,4873.5,22.0,245.4,-18.6,3,5,2,0,0
2026-05-16T15:44:50.138,TRK,40.681492,-118.004352,4881.6,21.1,253.7,-14.1,3,5,2,0,0
2026-05-16T15:44:50.238,TRK,40.681563,-118.004345,4806.4,25.2,249.6,-11.1,3,8,5,2,0
2026-05-16T15:44:50.338,TRK,40.681544,-118.004345,4819.1,22.8,249.8,-15.3,3,3,0,0,0
2026-05-16T15:44:50.438,TRK,40.681491,-118.004336,4819.5,23.5,258.2,-12.0,3,6,3,0,0
2026-05-16T15:44:50.538,TRK,40.681529,-118.004380,4850.1,24.4,254.7,-13.6,3,6,3,0,0
2026-05-16T15:44:50.638,TRK,40.681497,-118.004381,4867.9,21.9,258.7,-22.6,3,6,3,0,0
2026-05-16T15:44:50.738,TRK,40.681522,-118.004377,4830.3,21.8,249.9,-19.9,3,5,2,0,0
2026-05-16T15:44:50.838,TRK,40.681542,-118.004363,4818.6,23.5,248.6,-16.9,3,5,2,0,0
2026-05-16T15:44:50.938,TRK,40.681509,-118.004392,4853.6,21.3,247.4,-17.4,3,8,5,2,0
2026-05-16T15:44:51.038,TRK,40.681515,-118.004350,4790.4,23.7,249.4,-19.2,3,5,2,0,0
2026-05-16T15:44:51.138,TRK,40.681492,-118.004390,4794.2,21.9,247.6,-19.3,0,7,4,1,0
2026-05-16T15:44:51.238,TRK,40.681503,-118.004414,4810.5,25.2,248.7,-15.4,0,7,4,1,0
2026-05-16T15:44:51.338,TRK,40.681523,-118.004487,4808.8,21.8,257.4,-9.0,0,5,2,0,0
2026-05-16T15:44:51.438,TRK,40.681510,-118.004412,4837.2,23.9,253.6,-18.1,0,6,3,0,0
2026-05-16T15:44:51.538,TRK,40.681500,-118.004448,4812.7,26.0,251.5,-10.2,0,5,2,0,0
2026-05-16T15:44:51.638,TRK,40.681464,-118.004410,4805.2,26.5,248.6,-15.3,0,7,4,1,0
2026-05-16T15:44:51.738,TRK,40.681502,-118.004495,4817.6,23.1,248.5,-15.8,0,5,2,0,0
2026-05-16T15:44:51.838,TRK,40.681503,-118.004468,4843.3,25.4,248.4,-7.1,0,3,0,0,0
2026-05-16T15:44:51.938,TRK,40.681521,-118.004438,4836.9,27.0,254.9,-12.7,0,5,2,0,0
2026-05-16T15:44:52.038,TRK,40.681473,-118.004517,4776.4,21.1,249.5,-13.4,0,5,2,0,0
2026-05-16T15:44:52.138,TRK,40.681494,-118.004509,4789.4,25.3,255.1,-11.7,0,7,4,1,0
2026-05-16T15:44:52.238,TRK,40.681495,-118.004428,4810.4,25.0,251.8,-12.2,0,6,3,0,0
2026-05-16T15:44:52.338,TRK,40.681503,-118.004475,4805.5,22.5,257.7,-16.8,0,8,5,2,0
2026-05-16T15:44:52.438,TRK,40.681472,-118.004461,4719.8,21.5,258.0,-19.4,0,7,4,1,0
2026-05-16T15:44:52.538,TRK,40.681484,-118.004514,4776.8,25.2,252.6,-21.2,0,8,5,2,0
2026-05-16T15:44:52.638,TRK,40.681471,-118.004543,4821.3,22.6,253.9,-14.5,0,3,0,0,0
2026-05-16T15:44:52.738,TRK,40.681462,-118.004522,4802.8,24.2,254.7,-20.5,0,6,3,0,0
2026-05-16T15:44:52.838,TRK,40.681497,-118.004565,4792.4,22.6,260.0,-11.1,0,4,1,0,0
2026-05-16T15:44:52.938,TRK,40.681503,-118.004526,4819.4,22.7,250.8,-23.5,0,5,2,0,0
2026-05-16T15:44:53.038,TRK,40.681483,-118.004548,4840.1,26.1,246.7,-12.0,0,10,7,4,1
2026-05-16T15:44:53.138,TRK,40.681465,-118.004594,4789.6,22.3,249.6,-12.7,0,6,3,0,0
2026-05-16T15:44:53.238,TRK,40.681481,-118.004580,4795.3,23.5,258.0,-15.0,0,5,2,0,0
2026-05-16T15:44:53.338,TRK,40.681454,-118.004594,4779.0,25.2,246.7,-18.6,0,4,1,0,0
2026-05-16T15:44:53.438,TRK,40.681420,-118.004585,4808.0,22.8,248.3,-15.1,0,6,3,0,0
2026-05-16T15:44:53.538,TRK,40.681455,-118.004598,4755.6,19.8,247.5,-13.1,0,7,4,1,0
2026-05-16T15:44:53.638,TRK,40.681474,-118.004592,4809.3,23.1,241.6,-17.7,0,4,1,0,0
2026-05-16T15:44:53.738,TRK,40.681469,-118.004627,4765.7,19.1,256.6,-18.0,0,3,0,0,0
2026-05-16T15:44:53.838,TRK,40.681475,-118.004662,4807.0,22.9,245.4,-15.2,0,5,2,0,0
2026-05-16T15:44:53.938,TRK,40.681432,-118.004632,4778.9,24.0,248.3,-17.8,0,4,1,0,0
2026-05-16T15:44:54.038,TRK,40.681445,-118.004637,4784.1,21.4,241.6,-10.0,3,9,6,3,0
2026-05-16T15:44:54.138,TRK,40.681471,-118.004667,4780.7,20.3,246.3,-21.8,3,7,4,1,0
2026-05-16T15:44:54.238,TRK,40.681435,-118.004669,4813.3,23.2,247.2,-11.8,3,5,2,0,0
2026-05-16T15:44:54.338,TRK,40.681462,-118.004675,4759.0,20.8,242.8,-14.1,3,7,4,1,0
2026-05-16T15:44:54.438,TRK,40.681448,-118.004675,4806.7,24.7,249.5,-16.0,3,6,3,0,0
2026-05-16T15:44:54.538,TRK,40.681469,-118.004690,4754.2,20.8,248.0,-17.3,3,6,3,0,0
2026-05-16T15:44:54.638,TRK,40.681409,-118.004681,4782.3,23.9,250.9,-9.4,3,5,2,0,0
2026-05-16T15:44:54.738,TRK,40.681418,-118.004677,4792.0,24.8,244.4,-28.6,3,8,5,2,0
2026-05-16T15:44:54.838,TRK,40.681424,-118.004687,4740.5,22.4,256.2,-15.4,2,7,4,1,0
2026-05-16T15:44:54.938,TRK,40.681439,-118.004696,4742.0,22.1,250.2,-12.9,3,6,3,0,0
2026-05-16T15:44:55.038,TRK,40.681447,-118.004715,4760.4,21.0,250.6,-17.2,3,6,3,0,0
2026-05-16T15:44:55.138,TRK,40.681410,-118.004773,4786.8,21.1,253.6,-13.3,3,5,2,0,0
2026-05-16T15:44:55.238,TRK,40.681415,-118.004726,4753.3,22.1,247.9,-20.1,3,8,5,2,0
2026-05-16T15:44:55.338,TRK,40.681407,-118.004707,4760.4,26.0,251.8,-17.6,3,7,4,1,0
2026-05-16T15:44:55.438,TRK,40.681427,-118.004779,4744.0,24.8,251.7,-19.8,3,8,5,2,0
2026-05-16T15:44:55.538,TRK,40.681412,-118.004705,4780.9,24.5,254.7,-18.9,3,6,3,0,0
2026-05-16T15:44:55.638,TRK,40.681407,-118.004754,4760.2,23.5,249.9,-19.3,3,5,2,0,0
2026-05-16T15:44:55.738,TRK,40.681407,-118.004715,4757.6,23.9,252.2,-12.1,3,7,4,1,0
2026-05-16T15:44:55.838,TRK,40.681417,-118.004710,4765.4,19.2,253.7,-15.7,3,8,5,2,0
2026-05-16T15:44:55.938,TRK,40.681410,-118.004791,4751.4,25.0,239.8,-16.2,3,5,2,0,0
2026-05-16T15:44:56.038,TRK,40.681396,-118.004795,4757.2,21.7,250.0,-15.8,3,6,3,0,0
2026-05-16T15:44:56.138,TRK,40.681408,-118.004815,4754.8,24.2,243.2,-14.2,3,6,3,0,0
2026-05-16T15:44:56.238,TRK,40.681377,-118.004793,4764.7,19.7,248.6,-17.6,3,5,2,0,0
2026-05-16T15:44:56.338,TRK,40.681350,-118.004795,4767.2,21.4,249.1,-17.1,3,7,4,1,0
2026-05-16T15:44:56.438,TRK,40.681414,-118.004778,4733.0,21.7,250.4,-12.7,3,4,1,0,0
2026-05-16T15:44:56.538,TRK,40.681404,-118.004855,4754.4,21.5,248.5,-14.4,3,7,4,1,0
2026-05-16T15:44:56.638,TRK,40.681374,-118.004838,4743.7,21.8,251.9,-16.4,3,5,2,0,0
2026-05-16T15:44:56.738,TRK,40.681411,-118.004795,4697.5,21.3,243.9,-14.8,3,7,4,1,0
2026-05-16T15:44:56.838,TRK,40.681395,-118.004882,4750.8,21.9,245.9,-20.2,3,6,3,0,0
2026-05-16T15:44:56.938,TRK,40.681361,-118.004858,4753.7,21.9,244.2,-16.8,3,6,3,0,0
2026-05-16T15:44:57.038,TRK,40.681411,-118.004945,4742.0,22.0,247.8,-15.6,2,6,3,0,0
2026-05-16T15:44:57.138,TRK,40.681365,-118.004830,4755.8,20.2,251.4,-17.3,3,6,3,0,0
2026-05-16T15:44:57.238,TRK,40.681354,-118.004908,4739.3,24.6,252.4,-16.3,3,6,3,0,0
2026-05-16T15:44:57.338,TRK,40.681361,-118.004832,4737.3,20.5,236.8,-18.5,3,7,4,1,0
2026-05-16T15:44:57.438,TRK,40.681386,-118.004893,4684.5,19.7,244.9,-16.8,3,6,3,0,0
2026-05-16T15:44:57.538,TRK,40.681382,-118.004854,4685.1,22.4,256.5,-10.9,3,7,4,1,0
2026-05-16T15:44:57.638,TRK,40.681406,-118.004915,4715.7,22.6,243.5,-14.7,3,6,3,0,0
2026-05-16T15:44:57.738,TRK,40.681339,-118.004925,4727.5,21.5,247.4,-13.8,3,7,4,1,0
2026-05-16T15:44:57.838,TRK,40.681379,-118.004885,4707.2,24.2,245.4,-15.1,3,6,3,0,0
2026-05-16T15:44:57.938,TRK,40.681364,-118.004918,4670.4,24.5,249.8,-17.8,3,6,3,0,0
2026-05-16T15:44:58.038,TRK,40.681395,-118.004923,4694.5,22.7,246.5,-18.3,3,6,3,0,0
2026-05-16T15:44:58.138,TRK,40.681376,-118.004955,4726.1,25.6,253.9,-21.3,3,7,4,1,0
2026-05-16T15:44:58.238,TRK,40.681360,-118.004938,4703.9,20.7,248.8,-12.9,3,4,1,0,0
2026-05-16T15:44:58.338,TRK,40.681373,-118.004933,4748.3,20.8,249.5,-14.3,3,6,3,0,0
2026-05-16T15:44:58.438,TRK,40.681351,-118.005002,4691.7,21.9,252.8,-18.4,3,6,3,0,0
2026-05-16T15:44:58.538,TRK,40.681345,-118.004976,4718.0,22.9,249.6,-15.0,2,7,4,1,0
2026-05-16T15:44:58.638,TRK,40.681342,-118.004998,4666.0,24.0,252.6,-19.4,3,8,5,2,0
2026-05-16T15:44:58.738,TRK,40.681332,-118.005015,4675.7,20.4,244.8,-12.0,3,5,2,0,0
2026-05-16T15:44:58.838,TRK,40.681363,-118.004981,4724.6,20.8,250.6,-16.2,3,6,3,0,0
2026-05-16T15:44:58.938,TRK,40.681327,-118.005056,4652.4,25.0,249.4,-11.6,3,5,2,0,0
2026-05-16T15:44:59.038,TRK,40.681369,-118.005027,4679.7,20.1,244.1,-11.5,2,5,2,0,0
2026-05-16T15:44:59.138,TRK,40.681317,-118.005015,4690.6,22.2,248.9,-22.4,3,5,2,0,0
2026-05-16T15:44:59.238,TRK,40.681350,-118.005026,4707.3,21.3,256.1,-21.7,3,6,3,0,0
2026-05-16T15:44:59.338,TRK,40.681337,-118.005032,4676.9,23.3,253.5,-16.2,3,6,3,0,0
2026-05-16T15:44:59.438,TRK,40.681329,-118.005051,4709.0,19.1,256.5,-20.0,3,7,4,1,0
2026-05-16T15:44:59.538,TRK,40.681332,-118.005021,4693.2,23.6,256.1,-12.9,3,6,3,0,0
2026-05-16T15:44:59.638,TRK,40.681340,-118.005042,4750.1,21.4,250.8,-19.7,3,7,4,1,0
2026-05-16T15:44:59.738,TRK,40.681317,-118.005030,4737.2,24.7,246.8,-12.2,3,4,1,0,0
2026-05-16T15:44:59.838,TRK,40.681309,-118.005077,4693.8,19.2,254.9,-14.3,3,6,3,0,0
2026-05-16T15:44:59.938,TRK,40.681324,-118.005094,4652.8,21.4,257.3,-16.0,3,5,2,0,0
2026-05-16T15:45:00.038,TRK,40.681333,-118.005108,4670.3,25.4,253.3,-15.4,3,7,4,1,0
2026-05-16T15:45:00.138,TRK,40.681326,-118.005099,4673.8,21.7,249.0,-17.7,2,5,2,0,0
2026-05-16T15:45:00.238,TRK,40.681351,-118.005092,4741.3,23.2,241.1,-15.2,2,7,4,1,0
2026-05-16T15:45:00.338,TRK,40.681318,-118.005135,4661.0,17.9,249.6,-22.0,3,3,0,0,0
2026-05-16T15:45:00.438,TRK,40.681316,-118.005115,4675.2,19.8,257.9,-22.8,3,6,3,0,0
2026-05-16T15:45:00.538,TRK,40.681347,-118.005133,4708.9,22.2,254.2,-9.3,3,6,3,0,0
2026-05-16T15:45:00.638,TRK,40.681271,-118.005115,4693.7,21.8,256.7,-17.3,3,5,2,0,0
2026-05-16T15:45:00.738,TRK,40.681293,-118.005094,4681.0,20.7,252.1,-17.5,3,6,3,0,0
2026-05-16T15:45:00.838,TRK,40.681289,-118.005126,4635.7,19.1,251.1,-15.0,3,7,4,1,0
2026-05-16T15:45:00.938,TRK,40.681287,-118.005188,4679.1,22.4,249.0,-20.5,3,6,3,0,0
2026-05-16T15:45:01.038,TRK,40.681300,-118.005152,4652.6,22.0,261.5,-18.9,2,6,3,0,0
2026-05-16T15:45:01.138,TRK,40.681287,-118.005145,4692.1,21.7,247.9,-20.3,3,7,4,1,0
2026-05-16T15:45:01.238,TRK,40.681330,-118.005174,4652.5,22.8,252.9,-17.0,3,5,2,0,0
2026-05-16T15:45:01.338,TRK,40.681285,-118.005182,4702.5,22.6,248.4,-19.6,3,7,4,1,0
2026-05-16T15:45:01.438,TRK,40.681288,-118.005212,4635.1,17.2,255.4,-13.8,3,5,2,0,0
2026-05-16T15:45:01.538,TRK,40.681266,-118.005182,4665.0,20.1,257.8,-16.6,3,4,1,0,0
2026-05-16T15:45:01.638,TRK,40.681284,-118.005209,4637.6,25.7,246.4,-13.1,3,8,5,2,0
2026-05-16T15:45:01.738,TRK,40.681275,-118.005191,4696.1,19.2,246.0,-18.5,3,5,2,0,0
2026-05-16T15:45:01.838,TRK,40.681283,-118.005215,4649.9,24.4,243.0,-24.7,3,8,5,2,0
2026-05-16T15:45:01.938,TRK,40.681269,-118.005254,4652.7,19.7,246.9,-16.3,3,4,1,0,0
2026-05-16T15:45:02.038,TRK,40.681268,-118.005269,4654.4,20.1,249.9,-16.9,3,5,2,0,0
2026-05-16T15:45:02.138,TRK,40.681259,-118.005239,4619.3,21.4,244.9,-10.6,3,6,3,0,0
2026-05-16T15:45:02.238,TRK,40.681265,-118.005244,4650.9,20.7,251.7,-11.6,3,7,4,1,0
2026-05-16T15:45:02.338,TRK,40.681257,-118.005258,4621.2,21.7,257.7,-15.5,3,6,3,0,0
2026-05-16T15:45:02.438,TRK,40.681256,-118.005209,4601.2,21.4,248.4,-15.3,3,6,3,0,0
2026-05-16T15:45:02.538,TRK,40.681230,-118.005283,4657.9,24.4,255.3,-17.9,3,4,1,0,0
2026-05-16T15:45:02.638,TRK,40.681287,-118.005312,4598.2,22.4,253.1,-18.3,3,6,3,0,0
2026-05-16T15:45:02.738,TRK,40.681248,-118.005299,4658.9,22.9,247.1,-20.8,3,7,4,1,0
2026-05-16T15:45:02.838,TRK,40.681258,-118.005294,4659.6,24.1,252.2,-18.4,3,8,5,2,0
2026-05-16T15:45:02.938,TRK,40.681263,-118.005322,4652.1,22.9,254.9,-15.3,3,7,4,1,0
2026-05-16T15:45:03.038,TRK,40.681249,-118.005304,4656.7,20.6,248.3,-14.3,3,5,2,0,0
2026-05-16T15:45:03.138,TRK,40.681210,-118.005360,4650.0,18.9,246.2,-13.8,3,8,5,2,0
2026-05-16T15:45:03.238,TRK,40.681249,-118.005347,4611.8,21.2,246.5,-21.2,3,6,3,0,0
2026-05-16T15:45:03.338,TRK,40.681228,-118.005328,4655.8,15.8,246.8,-18.2,3,6,3,0,0
2026-05-16T15:45:03.438,TRK,40.681250,-118.005350,4611.1,22.7,246.7,-14.9,3,6,3,0,0
2026-05-16T15:45:03.538,TRK,40.681234,-118.005387,4592.4,21.3,243.4,-15.1,3,5,2,0,0
2026-05-16T15:45:03.638,TRK,40.681241,-118.005380,4578.0,22.1,253.6,-20.6,3,5,2,0,0
2026-05-16T15:45:03.738,TRK,40.681250,-118.005352,4668.1,20.6,242.5,-15.9,2,5,2,0,0
2026-05-16T15:45:03.838,TRK,40.681220,-118.005369,4661.3,23.1,246.7,-11.8,3,5,2,0,0
2026-05-16T15:45:03.938,TRK,40.681269,-118.005402,4652.7,22.0,259.4,-23.2,3,8,5,2,0
2026-05-16T15:45:04.038,TRK,40.681176,-118.005394,4629.9,23.1,248.7,-17.0,3,6,3,0,0
2026-05-16T15:45:04.138,TRK,40.681253,-118.005336,4676.1,18.1,244.2,-18.6,3,4,1,0,0
2026-05-16T15:45:04.238,TRK,40.681237,-118.005397,4614.4,18.6,246.7,-21.4,3,4,1,0,0
2026-05-16T15:45:04.338,TRK,40.681222,-118.005446,4649.8,20.6,255.3,-19.2,2,7,4,1,0
2026-05-16T15:45:04.438,TRK,40.681239,-118.005358,4604.0,22.4,261.5,-19.8,3,6,3,0,0
2026-05-16T15:45:04.538,TRK,40.681228,-118.005384,4623.4,20.7,252.1,-14.4,3,5,2,0,0
2026-05-16T15:45:04.638,TRK,40.681198,-118.005431,4610.3,22.8,252.3,-15.0,3,8,5,2,0
2026-05-16T15:45:04.738,TRK,40.681249,-118.005430,4601.6,23.6,256.1,-17.4,3,6,3,0,0
2026-05-16T15:45:04.838,TRK,40.681227,-118.005437,4579.8,21.0,257.7,-18.3,3,6,3,0,0
2026-05-16T15:45:04.938,TRK,40.681231,-118.005487,4607.9,17.6,245.7,-15.6,3,7,4,1,0
2026-05-16T15:45:05.038,TRK,40.681204,-118.005430,4628.4,19.4,247.7,-15.0,3,6,3,0,0
2026-05-16T15:45:05.138,TRK,40.681202,-118.005449,4578.7,21.5,245.6,-17.8,3,5,2,0,0
2026-05-16T15:45:05.238,TRK,40.681234,-118.005467,4550.6,19.1,249.2,-19.4,3,4,1,0,0
2026-05-16T15:45:05.338,TRK,40.681195,-118.005495,4588.3,18.7,249.1,-18.8,3,8,5,2,0
2026-05-16T15:45:05.438,TRK,40.681221,-118.005479,4548.2,20.9,249.6,-18.1,3,7,4,1,0
2026-05-16T15:45:05.538,TRK,40.681229,-118.005487,4624.5,21.5,248.7,-13.5,3,4,1,0,0
2026-05-16T15:45:05.638,TRK,40.681217,-118.005471,4619.8,17.7,251.8,-18.1,3,7,4,1,0
2026-05-16T15:45:05.738,TRK,40.681213,-118.005495,4550.8,20.5,240.6,-14.1,3,5,2,0,0
2026-05-16T15:45:05.838,TRK,40.681231,-118.005517,4597.4,21.9,243.9,-17.6,3,6,3,0,0
2026-05-16T15:45:05.938,TRK,40.681197,-118.005515,4593.7,17.7,254.7,-17.5,3,6,3,0,0
2026-05-16T15:45:06.038,TRK,40.681190,-118.005483,4592.0,15.9,246.9,-18.2,3,4,1,0,0
2026-05-16T15:45:06.138,TRK,40.681199,-118.005555,4644.2,21.2,251.8,-12.9,3,6,3,0,0
2026-05-16T15:45:06.238,TRK,40.681185,-118.005530,4576.5,21.3,249.9,-15.9,3,5,2,0,0
2026-05-16T15:45:06.338,TRK,40.681176,-118.005529,4602.2,19.3,253.7,-14.7,3,7,4,1,0
2026-05-16T15:45:06.438,TRK,40.681214,-118.005582,4577.4,19.8,251.0,-24.3,3,7,4,1,0
2026-05-16T15:45:06.538,TRK,40.681143,-118.005517,4567.4,22.0,246.6,-14.0,3,5,2,0,0
2026-05-16T15:45:06.638,TRK,40.681186,-118.005555,4579.4,18.2,237.0,-23.7,3,6,3,0,0
2026-05-16T15:45:06.738,TRK,40.681188,-118.005595,4565.7,20.8,255.8,-13.3,3,6,3,0,0
2026-05-16T15:45:06.838,TRK,40.681197,-118.005539,4547.0,24.7,255.8,-16.2,3,3,0,0,0
2026-05-16T15:45:06.938,TRK,40.681153,-118.005562,4592.1,19.7,251.5,-14.4,3,4,1,0,0
2026-05-16T15:45:07.038,TRK,40.681169,-118.005621,4551.4,19.9,249.3,-12.4,3,6,3,0,0
2026-05-16T15:45:07.138,TRK,40.681183,-118.005611,4560.3,16.8,257.0,-19.8,3,5,2,0,0
2026-05-16T15:45:07.238,TRK,40.681182,-118.005599,4531.5,20.8,247.7,-15.1,3,8,5,2,0
2026-05-16T15:45:07.338,TRK,40.681177,-118.005603,4577.0,20.2,246.7,-13.5,3,7,4,1,0
2026-05-16T15:45:07.438,TRK,40.681171,-118.005610,4536.8,18.7,253.9,-14.6,3,7,4,1,0
2026-05-16T15:45:07.538,TRK,40.681153,-118.005632,4537.1,20.2,244.5,-14.0,3,5,2,0,0
2026-05-16T15:45:07.638,TRK,40.681157,-118.005603,4524.5,21.5,240.0,-15.0,3,4,1,0,0
2026-05-16T15:45:07.738,TRK,40.681148,-118.005680,4599.8,18.7,259.1,-10.4,3,7,4,1,0
2026-05-16T15:45:07.838,TRK,40.681172,-118.005640,4605.2,23.7,245.3,-15.5,3,4,1,0,0
2026-05-16T15:45:07.938,TRK,40.681195,-118.005675,4587.1,19.5,242.4,-15.6,3,5,2,0,0
2026-05-16T15:45:08.038,TRK,40.681181,-118.005598,4595.9,23.6,252.7,-12.2,3,6,3,0,0
2026-05-16T15:45:08.138,TRK,40.681163,-118.005664,4585.8,22.8,252.9,-12.0,3,8,5,2,0
2026-05-16T15:45:08.238,TRK,40.681179,-118.005691,4584.1,20.8,251.8,-20.0,3,7,4,1,0
2026-05-16T15:45:08.338,TRK,40.681174,-118.005729,4580.8,23.3,249.9,-14.5,3,5,2,0,0
2026-05-16T15:45:08.438,TRK,40.681153,-118.005670,4560.1,20.5,255.6,-13.0,3,5,2,0,0
2026-05-16T15:45:08.538,TRK,40.681166,-118.005702,4535.9,24.7,244.1,-14.3,2,6,3,0,0
2026-05-16T15:45:08.638,TRK,40.681159,-118.005739,4541.4,20.9,255.0,-19.7,3,9,6,3,0
2026-05-16T15:45:08.738,TRK,40.681151,-118.005688,4562.7,18.6,258.2,-19.4,3,6,3,0,0
2026-05-16T15:45:08.838,TRK,40.681120,-118.005716,4528.2,20.2,247.6,-22.3,3,8,5,2,0
2026-05-16T15:45:08.938,TRK,40.681137,-118.005678,4577.7,22.4,261.0,-21.5,3,5,2,0,0
2026-05-16T15:45:09.038,TRK,40.681118,-118.005739,4549.7,18.0,252.2,-14.9,3,6,3,0,0
2026-05-16T15:45:09.138,TRK,40.681139,-118.005765,4545.2,18.8,257.9,-12.1,2,8,5,2,0
2026-05-16T15:45:09.238,TRK,40.681145,-118.005786,4532.0,18.8,264.2,-15.3,3,7,4,1,0
2026-05-16T15:45:09.338,TRK,40.681123,-118.005727,4547.1,19.0,248.4,-22.4,3,8,5,2,0
2026-05-16T15:45:09.438,TRK,40.681152,-118.005753,4534.3,19.8,245.0,-14.0,3,7,4,1,0
2026-05-16T15:45:09.538,TRK,40.681113,-118.005740,4538.3,20.0,246.0,-12.6,3,5,2,0,0
2026-05-16T15:45:09.638,TRK,40.681125,-118.005761,4530.2,18.5,246.1,-12.1,3,6,3,0,0
2026-05-16T15:45:09.738,TRK,40.681117,-118.005835,4521.9,24.3,252.2,-8.9,3,7,4,1,0
2026-05-16T15:45:09.838,TRK,40.681112,-118.005784,4527.4,23.5,254.7,-11.6,3,8,5,2,0
2026-05-16T15:45:09.938,TRK,40.681163,-118.005807,4526.6,20.8,244.7,-15.7,3,6,3,0,0
2026-05-16T15:45:10.038,TRK,40.681133,-118.005758,4565.6,19.1,240.8,-22.3,3,7,4,1,0
2026-05-16T15:45:10.138,TRK,40.681114,-118.005839,4557.8,19.8,247.9,-17.0,3,7,4,1,0
2026-05-16T15:45:10.238,TRK,40.681161,-118.005870,4497.2,18.2,248.2,-12.0,3,5,2,0,0
2026-05-16T15:45:10.338,TRK,40.681117,-118.005830,4537.7,24.4,247.3,-15.2,3,8,5,2,0
2026-05-16T15:45:10.438,TRK,40.681127,-118.005800,4513.3,19.9,244.5,-12.9,3,7,4,1,0
2026-05-16T15:45:10.538,TRK,40.681132,-118.005825,4452.4,19.2,256.0,-14.1,3,4,1,0,0
2026-05-16T15:45:10.638,TRK,40.681108,-118.005862,4509.7,19.7,250.1,-18.4,3,8,5,2,0
2026-05-16T15:45:10.738,TRK,40.681076,-118.005845,4498.4,23.0,254.0,-12.1,3,8,5,2,0
2026-05-16T15:45:10.838,TRK,40.681126,-118.005858,4528.2,22.6,243.5,-13.9,3,5,2,0,0
2026-05-16T15:45:10.938,TRK,40.681106,-118.005856,4538.0,17.1,247.5,-22.2,3,4,1,0,0
2026-05-16T15:45:11.038,TRK,40.681111,-118.005833,4493.3,21.8,251.6,-22.5,3,4,1,0,0
2026-05-16T15:45:11.138,TRK,40.681107,-118.005904,4551.2,17.3,241.8,-18.8,3,5,2,0,0
2026-05-16T15:45:11.238,TRK,40.681084,-118.005879,4487.9,21.6,255.4,-11.0,3,6,3,0,0
2026-05-16T15:45:11.338,TRK,40.681110,-118.005905,4498.3,19.3,264.1,-23.8,3,6,3,0,0
2026-05-16T15:45:11.438,TRK,40.681095,-118.005886,4515.4,19.8,253.2,-20.5,3,6,3,0,0
2026-05-16T15:45:11.538,TRK,40.681099,-118.005943,4510.0,19.2,251.8,-14.2,3,6,3,0,0
2026-05-16T15:45:11.638,TRK,40.681097,-118.005938,4499.3,22.8,251.9,-17.5,3,6,3,0,0
2026-05-16T15:45:11.738,TRK,40.681106,-118.005901,4514.7,22.2,261.3,-12.2,3,7,4,1,0
2026-05-16T15:45:11.838,TRK,40.681127,-118.005914,4517.2,18.4,247.2,-19.6,3,3,0,0,0
2026-05-16T15:45:11.938,TRK,40.681100,-118.005862,4469.0,20.2,255.8,-14.9,3,3,0,0,0
2026-05-16T15:45:12.038,TRK,40.681075,-118.005938,4511.2,20.5,250.4,-14.3,3,6,3,0,0
2026-05-16T15:45:12.138,TRK,40.681087,-118.005946,4470.4,20.5,243.5,-8.8,3,8,5,2,0
2026-05-16T15:45:12.238,TRK,40.681092,-118.005956,4456.4,20.8,254.8,-18.7,3,6,3,0,0
2026-05-16T15:45:12.338,TRK,40.681082,-118.005948,4478.0,19.1,249.4,-18.2,3,6,3,0,0
2026-05-16T15:45:12.438,TRK,40.681098,-118.005993,4508.4,18.9,252.8,-24.4,3,6,3,0,0
2026-05-16T15:45:12.538,TRK,40.681075,-118.005989,4481.2,22.4,246.2,-16.0,3,6,3,0,0
2026-05-16T15:45:12.638,TRK,40.681059,-118.005965,4506.2,19.5,246.0,-16.7,3,3,0,0,0
2026-05-16T15:45:12.738,TRK,40.681105,-118.006008,4513.0,20.1,241.0,1.9,3,8,5,2,0
2026-05-16T15:45:12.838,TRK,40.681064,-118.005946,4484.6,17.8,252.0,-2.1,3,6,3,0,0
2026-05-16T15:45:12.938,TRK,40.681045,-118.005990,4485.3,20.6,260.9,-7.0,3,6,3,0,0
2026-05-16T15:45:13.038,TRK,40.681067,-118.005915,4488.8,19.5,260.5,6.3,3,8,5,2,0
2026-05-16T15:45:13.138,TRK,40.681049,-118.005969,4467.1,18.2,253.0,2.8,3,6,3,0,0
2026-05-16T15:45:13.238,TRK,40.681098,-118.005976,4468.4,13.8,247.7,-1.8,3,7,4,1,0
2026-05-16T15:45:13.338,TRK,40.681106,-118.005989,4515.6,17.6,255.6,0.4,3,6,3,0,0
2026-05-16T15:45:13.438,TRK,40.681061,-118.006000,4483.0,24.7,252.3,-7.3,3,7,4,1,0
2026-05-16T15:45:13.538,TRK,40.681075,-118.005978,4494.4,21.0,245.3,-1.9,3,4,1,0,0
2026-05-16T15:45:13.638,TRK,40.681071,-118.005937,4529.8,18.0,256.2,1.1,3,5,2,0,0
2026-05-16T15:45:13.738,TRK,40.681095,-118.005967,4498.5,19.1,244.2,-5.2,3,8,5,2,0
2026-05-16T15:45:13.838,TRK,40.681109,-118.005979,4472.7,18.5,246.0,-0.8,3,6,3,0,0
2026-05-16T15:45:13.938,TRK,40.681090,-118.005953,4537.2,19.9,239.0,0.7,3,7,4,1,0
2026-05-16T15:45:14.038,TRK,40.681061,-118.005994,4471.0,17.1,249.7,0.3,3,3,0,0,0
2026-05-16T15:45:14.138,TRK,40.681093,-118.005984,4496.8,20.7,246.8,-1.6,3,7,4,1,0
2026-05-16T15:45:14.238,TRK,40.681079,-118.006027,4469.6,22.5,244.2,-0.4,3,6,3,0,0
2026-05-16T15:45:14.338,TRK,40.681077,-118.005936,4507.6,16.7,245.6,-5.0,3,7,4,1,0
2026-05-16T15:45:14.438,TRK,40.681108,-118.005981,4500.4,18.9,253.2,2.6,3,6,3,0,0
2026-05-16T15:45:14.538,TRK,40.681052,-118.005960,4464.7,19.3,254.3,6.1,2,3,0,0,0
2026-05-16T15:45:14.638,TRK,40.681065,-118.005959,4444.9,20.2,248.7,2.6,3,9,6,3,0
2026-05-16T15:45:14.738,TRK,40.681066,-118.005995,4502.8,17.7,262.2,0.2,3,4,1,0,0
2026-05-16T15:45:14.838,TRK,40.681058,-118.005965,4478.7,18.7,243.0,3.3,3,6,3,0,0
2026-05-16T15:45:14.938,TRK,40.681105,-118.005931,4481.1,22.1,249.7,-1.9,3,6,3,0,0
2026-05-16T15:45:15.038,TRK,40.681087,-118.005955,4499.9,20.5,237.6,-1.6,3,7,4,1,0
2026-05-16T15:45:15.138,TRK,40.681075,-118.005940,4475.4,19.4,251.1,4.8,3,4,1,0,0
2026-05-16T15:45:15.238,TRK,40.681080,-118.005977,4507.2,18.6,250.5,-5.8,3,3,0,0,0
2026-05-16T15:45:15.338,TRK,40.681064,-118.006007,4500.6,17.4,249.5,-4.5,3,7,4,1,0
2026-05-16T15:45:15.438,TRK,40.681083,-118.005938,4442.9,19.9,253.7,2.1,3,5,2,0,0
2026-05-16T15:45:15.538,TRK,40.681088,-118.005928,4498.3,20.0,250.1,-5.5,3,6,3,0,0
2026-05-16T15:45:15.638,TRK,40.681061,-118.006019,4512.0,20.8,250.2,0.2,3,8,5,2,0
2026-05-16T15:45:15.738,TRK,40.681058,-118.006002,4472.6,21.1,245.1,7.4,3,6,3,0,0
2026-05-16T15:45:15.838,TRK,40.681085,-118.005980,4474.6,21.0,256.1,-0.9,3,5,2,0,0
2026-05-16T15:45:15.938,TRK,40.681060,-118.006005,4488.4,19.7,246.2,-1.5,3,7,4,1,0
2026-05-16T15:45:16.038,TRK,40.681121,-118.005972,4497.9,15.5,255.4,-1.4,3,8,5,2,0
2026-05-16T15:45:16.138,TRK,40.681104,-118.006004,4497.0,18.2,239.2,2.1,3,7,4,1,0
2026-05-16T15:45:16.238,TRK,40.681066,-118.006011,4480.2,17.8,241.3,-2.6,3,5,2,0,0
2026-05-16T15:45:16.338,TRK,40.681096,-118.005969,4498.0,19.7,251.8,-0.7,3,7,4,1,0
2026-05-16T15:45:16.438,TRK,40.681089,-118.005972,4456.9,19.3,248.0,-7.3,3,3,0,0,0
2026-05-16T15:45:16.538,TRK,40.681065,-118.005977,4521.3,19.3,256.6,0.6,3,6,3,0,0
2026-05-16T15:45:16.638,TRK,40.681086,-118.005974,4476.5,19.5,257.5,0.3,3,8,5,2,0
2026-05-16T15:45:16.738,TRK,40.681079,-118.005967,4481.0,20.7,251.0,-5.7,2,6,3,0,0
2026-05-16T15:45:16.838,TRK,40.681079,-118.005981,4456.7,18.5,241.1,-3.3,3,5,2,0,0
2026-05-16T15:45:16.938,TRK,40.681049,-118.006008,4467.1,17.2,251.1,-5.2,3,6,3,0,0
2026-05-16T15:45:17.038,TRK,40.681102,-118.005993,4482.8,17.1,252.1,-0.8,3,7,4,1,0
2026-05-16T15:45:17.138,TRK,40.681057,-118.005944,4503.9,17.4,250.9,1.0,3,4,1,0,0
2026-05-16T15:45:17.238,TRK,40.681084,-118.005998,4477.4,21.1,251.0,-1.8,3,6,3,0,0
2026-05-16T15:45:17.338,TRK,40.681075,-118.005979,4479.1,19.3,258.7,8.7,3,5,2,0,0
2026-05-16T15:45:17.438,TRK,40.681053,-118.006011,4443.6,19.7,254.3,-1.7,3,5,2,0,0
2026-05-16T15:45:17.538,TRK,40.681059,-118.005990,4460.8,18.5,255.1,-1.4,3,5,2,0,0
2026-05-16T15:45:17.638,TRK,40.681078,-118.005946,4489.8,21.0,249.9,-1.6,3,7,4,1,0
2026-05-16T15:45:17.738,TRK,40.681054,-118.005994,4493.9,20.7,243.1,5.0,3,5,2,0,0
2026-05-16T15:45:17.838,TRK,40.681062,-118.005957,4491.0,16.3,247.3,-0.8,3,8,5,2,0
2026-05-16T15:45:17.938,TRK,40.681097,-118.005992,4529.3,20.6,252.7,2.4,3,6,3,0,0
2026-05-16T15:45:18.038,TRK,40.681085,-118.005960,4450.5,17.6,246.1,4.6,3,8,5,2,0
2026-05-16T15:45:18.138,TRK,40.681090,-118.005967,4483.1,20.1,253.1,-0.3,3,5,2,0,0
2026-05-16T15:45:18.238,TRK,40.681114,-118.005975,4539.3,19.6,247.7,-1.0,3,5,2,0,0
2026-05-16T15:45:18.338,TRK,40.681122,-118.005979,4476.0,17.9,243.6,5.5,2,4,1,0,0
2026-05-16T15:45:18.438,TRK,40.681072,-118.005981,4440.7,18.1,252.3,-2.0,3,6,3,0,0
2026-05-16T15:45:18.538,TRK,40.681089,-118.005930,4509.7,18.1,256.3,1.7,3,6,3,0,0
2026-05-16T15:45:18.638,TRK,40.681070,-118.005961,4510.3,18.1,251.5,2.2,3,8,5,2,0
